season,yr,mnth,hr,holiday,weekday,workingday,weathersit,temp,atemp,hum,windspeed,cnt
1,0,1,0,0,0,1,2,0.2543,0.2346,0.608,0.0532,27
1,0,1,1,0,0,1,3,0.0,0.0606,0.696,0.0341,10
1,0,1,2,0,0,1,2,0.1952,0.2475,0.5476,0.2937,6
1,0,1,3,0,0,1,3,0.1597,0.1632,0.6842,0.2065,6
1,0,1,4,0,0,1,2,0.1735,0.1539,0.5061,0.3523,10
1,0,1,5,0,0,1,1,0.1802,0.1826,0.646,0.1735,56
1,0,1,6,0,0,1,1,0.2684,0.2151,0.5848,0.4514,88
1,0,1,7,0,0,1,2,0.2142,0.2335,0.5778,0.2769,201
1,0,1,8,0,0,1,2,0.1645,0.1614,0.9096,0.2237,267
1,0,1,9,0,0,1,2,0.0972,0.0561,0.5801,0.3216,144
1,0,1,10,0,0,1,3,0.3073,0.2744,0.5693,0.2077,97
1,0,1,11,0,0,1,2,0.1547,0.1642,0.449,0.0784,130
1,0,1,12,0,0,1,1,0.1909,0.1314,0.7388,0.1854,201
1,0,1,13,0,0,1,2,0.3497,0.3054,0.5548,0.3764,118
1,0,1,14,0,0,1,1,0.1566,0.1348,0.6162,0.5504,115
1,0,1,15,0,0,1,2,0.1807,0.2009,0.5187,0.5668,137
1,0,1,16,0,0,1,3,0.2163,0.2569,0.6699,0.1231,145
1,0,1,17,0,0,1,1,0.0876,0.0946,0.7319,0.2669,292
1,0,1,18,0,0,1,2,0.0795,0.0,0.777,0.1845,186
1,0,1,19,0,0,1,2,0.1663,0.1245,0.606,0.3029,188
1,0,1,20,0,0,1,1,0.1687,0.2651,0.5488,0.4404,162
1,0,1,21,0,0,1,2,0.2094,0.2036,0.541,0.3588,94
1,0,1,22,0,0,1,2,0.1315,0.0468,0.6221,0.2002,84
1,0,1,23,0,0,1,2,0.2304,0.29,0.6504,0.3593,49
1,0,1,0,0,1,1,1,0.0491,0.0065,0.6845,0.1814,25
1,0,1,1,0,1,1,1,0.1951,0.2026,0.5175,0.0225,17
1,0,1,2,0,1,1,2,0.2252,0.1796,0.6353,0.236,6
1,0,1,3,0,1,1,1,0.223,0.2779,0.4968,0.2023,9
1,0,1,4,0,1,1,1,0.1886,0.1367,0.6036,0.4165,13
1,0,1,5,0,1,1,3,0.1538,0.1286,0.7866,0.0943,36
1,0,1,6,0,1,1,2,0.1866,0.2087,0.5918,0.1092,88
1,0,1,7,0,1,1,2,0.2864,0.2555,0.513,0.14,197
1,0,1,8,0,1,1,3,0.1581,0.1648,0.6612,0.2578,205
1,0,1,9,0,1,1,1,0.2685,0.28,0.7265,0.113,213
1,0,1,10,0,1,1,1,0.2796,0.271,0.5269,0.1869,149
1,0,1,11,0,1,1,2,0.0785,0.0413,0.4565,0.3617,156
1,0,1,12,0,1,1,1,0.1911,0.1579,0.5217,0.7076,157
1,0,1,13,0,1,1,1,0.1316,0.1135,0.5664,0.4216,171
1,0,1,14,0,1,1,2,0.0949,0.1078,0.8013,0.1165,106
1,0,1,15,0,1,1,1,0.2555,0.2671,0.4507,0.293,125
1,0,1,16,0,1,1,2,0.2332,0.2277,0.4158,0.1114,176
1,0,1,17,0,1,1,2,0.2185,0.2286,0.6518,0.3694,218
1,0,1,18,0,1,1,2,0.1241,0.0701,0.5337,0.243,173
1,0,1,19,0,1,1,1,0.2148,0.213,0.5002,0.4574,221
1,0,1,20,0,1,1,1,0.1083,0.1009,0.6971,0.4157,119
1,0,1,21,0,1,1,3,0.2054,0.21,0.6301,0.3137,79
1,0,1,22,0,1,1,3,0.1537,0.1686,0.7398,0.2463,52
1,0,1,23,0,1,1,2,0.2736,0.2284,0.7073,0.1916,55
1,0,1,0,0,2,1,1,0.1747,0.1627,0.4733,0.0171,30
1,0,1,1,0,2,1,2,0.2163,0.2456,0.4168,0.178,13
1,0,1,2,0,2,1,1,0.2165,0.2148,0.7526,0.1073,10
1,0,1,3,1,2,0,1,0.1948,0.1821,0.6034,0.2818,3
1,0,1,4,0,2,1,1,0.2075,0.1606,0.9801,0.5329,15
1,0,1,5,0,2,1,1,0.2214,0.2266,0.7343,0.4114,41
1,0,1,6,0,2,1,1,0.1374,0.0888,0.7828,0.1794,71
1,0,1,7,0,2,1,1,0.2284,0.2116,0.505,0.086,213
1,0,1,8,0,2,1,2,0.2606,0.2329,0.6082,0.2451,307
1,0,1,9,0,2,1,2,0.228,0.2284,0.7153,0.0732,166
1,0,1,10,0,2,1,1,0.1754,0.1486,0.6082,0.304,119
1,0,1,11,0,2,1,1,0.2124,0.1919,0.625,0.2779,161
1,0,1,12,0,2,1,3,0.1747,0.1386,0.6475,0.334,138
1,0,1,13,0,2,1,1,0.1918,0.1748,0.5314,0.4174,163
1,0,1,14,0,2,1,1,0.117,0.1176,0.5123,0.777,142
1,0,1,15,0,2,1,2,0.2968,0.2715,0.5963,0.2726,142
1,0,1,16,0,2,1,2,0.3356,0.3094,0.5685,0.5835,195
1,0,1,17,0,2,1,2,0.1509,0.1483,0.513,0.1876,257
1,0,1,18,0,2,1,1,0.2552,0.2725,0.6031,0.657,207
1,0,1,19,0,2,1,1,0.3022,0.3094,0.4616,0.3265,204
1,0,1,20,0,2,1,1,0.1331,0.0876,0.7098,0.504,134
1,0,1,21,0,2,1,2,0.0491,0.0696,0.689,0.351,89
1,0,1,22,0,2,1,1,0.3063,0.332,0.7003,0.2987,92
1,0,1,23,0,2,1,1,0.1994,0.2106,0.5176,0.0919,68
1,0,1,0,0,3,1,1,0.164,0.0834,0.5016,0.1797,31
1,0,1,1,0,3,1,3,0.2036,0.2014,0.776,0.5164,12
1,0,1,2,0,3,1,1,0.1745,0.2073,0.5939,0.2362,9
1,0,1,3,0,3,1,1,0.4075,0.3737,0.6858,0.6083,10
1,0,1,4,0,3,1,3,0.1632,0.242,0.4791,0.0248,10
1,0,1,5,0,3,1,2,0.2232,0.1467,0.5831,0.3443,28
1,0,1,6,0,3,1,2,0.2908,0.2806,0.7604,0.1828,77
1,0,1,7,0,3,1,2,0.2905,0.2976,0.6335,0.0767,212
1,0,1,8,0,3,1,1,0.2771,0.2684,0.5874,0.2731,251
1,0,1,9,0,3,1,2,0.1705,0.1666,0.6854,0.3018,147
1,0,1,10,0,3,1,1,0.1897,0.149,0.6553,0.1825,137
1,0,1,11,0,3,1,3,0.0481,0.0285,0.8676,0.5944,91
1,0,1,12,1,3,0,1,0.1951,0.2026,0.6223,0.301,83
1,0,1,13,0,3,1,2,0.2026,0.1291,0.6951,0.2551,142
1,0,1,14,0,3,1,2,0.2523,0.2668,0.6012,0.5195,90
1,0,1,15,0,3,1,1,0.326,0.3063,0.4988,0.1708,165
1,0,1,16,0,3,1,1,0.2501,0.2542,0.668,0.4819,255
1,0,1,17,0,3,1,2,0.2753,0.2869,0.4415,0.0612,244
1,0,1,18,0,3,1,1,0.1991,0.3011,0.7358,0.4445,197
1,0,1,19,0,3,1,3,0.2902,0.3177,0.4594,0.5156,104
1,0,1,20,0,3,1,1,0.2011,0.155,0.5112,0.5545,151
1,0,1,21,0,3,1,2,0.2802,0.331,0.5012,0.146,95
1,0,1,22,0,3,1,2,0.2566,0.1624,0.6919,0.3277,78
1,0,1,23,0,3,1,2,0.2278,0.2031,0.4831,0.3043,45
1,0,1,0,0,4,1,2,0.0927,0.0933,0.6777,0.1461,24
1,0,1,1,0,4,1,2,0.2771,0.2536,0.5357,0.0411,14
1,0,1,2,0,4,1,2,0.2271,0.2242,0.6025,0.1822,8
1,0,1,3,0,4,1,2,0.2498,0.2322,0.5522,0.23,8
1,0,1,4,0,4,1,2,0.2225,0.25,0.8958,0.3702,12
1,0,1,5,0,4,1,1,0.2346,0.2084,0.4169,0.1145,53
1,0,1,6,0,4,1,1,0.2916,0.2736,0.6753,0.1898,110
1,0,1,7,0,4,1,1,0.1674,0.2122,0.6154,0.1254,213
1,0,1,8,0,4,1,2,0.2333,0.2507,0.523,0.3631,233
1,0,1,9,0,4,1,3,0.1462,0.1338,0.6639,0.4947,116
1,0,1,10,0,4,1,1,0.241,0.2431,0.5013,0.4225,107
1,0,1,11,0,4,1,2,0.2182,0.2635,0.4877,0.2114,129
1,0,1,12,0,4,1,1,0.1564,0.1071,0.479,0.2729,217
1,0,1,13,0,4,1,2,0.2071,0.1642,0.6264,0.283,118
1,0,1,14,0,4,1,2,0.1608,0.1355,0.5446,0.1289,107
1,0,1,15,0,4,1,2,0.1741,0.1719,0.5125,0.3982,125
1,0,1,16,0,4,1,2,0.2254,0.2432,0.6577,0.2164,192
1,0,1,17,0,4,1,2,0.2194,0.1855,0.746,0.3534,245
1,0,1,18,0,4,1,1,0.0662,0.0346,0.4463,0.3013,232
1,0,1,19,0,4,1,2,0.2265,0.1759,0.6563,0.5494,166
1,0,1,20,0,4,1,1,0.1794,0.1421,0.6794,0.1143,131
1,0,1,21,0,4,1,3,0.1716,0.1433,0.7694,0.2465,72
1,0,1,22,0,4,1,2,0.1217,0.0507,0.5818,0.1792,91
1,0,1,23,0,4,1,1,0.1974,0.1707,0.8019,0.305,59
1,0,1,0,0,5,0,1,0.1643,0.1246,0.6858,0.0919,22
1,0,1,1,0,5,0,1,0.2901,0.2707,0.3902,0.1657,9
1,0,1,2,0,5,0,3,0.0785,0.1255,0.6517,0.3414,4
1,0,1,3,0,5,0,1,0.1335,0.079,0.6136,0.4951,5
1,0,1,4,0,5,0,2,0.1287,0.1527,0.7338,0.5291,8
1,0,1,5,0,5,0,1,0.219,0.2581,0.7573,0.3304,27
1,0,1,6,0,5,0,2,0.283,0.2978,0.4991,0.3341,57
1,0,1,7,0,5,0,2,0.2361,0.2346,0.7245,0.2771,130
1,0,1,8,0,5,0,1,0.1243,0.1575,0.6002,0.0435,228
1,0,1,9,0,5,0,2,0.1709,0.1813,0.5306,0.1291,101
1,0,1,10,0,5,0,1,0.1443,0.1704,0.7896,0.1858,89
1,0,1,11,0,5,0,2,0.2365,0.2282,0.5586,0.2978,94
1,0,1,12,0,5,0,1,0.1695,0.1292,0.6196,0.0042,162
1,0,1,13,0,5,0,2,0.102,0.1318,0.6067,0.4515,110
1,0,1,14,0,5,0,1,0.2419,0.3081,0.6775,0.0681,85
1,0,1,15,1,5,0,2,0.2894,0.2647,0.7741,0.1997,53
1,0,1,16,0,5,0,1,0.1884,0.1797,0.8088,0.4944,147
1,0,1,17,0,5,0,2,0.2094,0.2022,0.7243,0.3549,169
1,0,1,18,0,5,0,1,0.0955,0.0466,0.4129,0.2239,208
1,0,1,19,0,5,0,1,0.0568,0.0285,0.7906,0.2979,123
1,0,1,20,0,5,0,2,0.0715,0.0771,0.6878,0.5405,85
1,0,1,21,0,5,0,1,0.1978,0.1851,0.7474,0.3101,82
1,0,1,22,0,5,0,2,0.1794,0.1709,0.5795,0.1434,50
1,0,1,23,0,5,0,2,0.2392,0.228,0.6142,0.2819,34
1,0,1,0,0,6,0,1,0.1875,0.1746,0.7288,0.4522,19
1,0,1,1,0,6,0,3,0.2705,0.234,0.8562,0.2371,6
1,0,1,2,0,6,0,1,0.2624,0.2623,0.6381,0.0267,8
1,0,1,3,0,6,0,3,0.1788,0.1797,0.4651,0.11,5
1,0,1,4,0,6,0,3,0.1311,0.0981,0.6865,0.0746,9
1,0,1,5,1,6,0,1,0.0672,0.0763,0.5925,0.2117,17
1,0,1,6,0,6,0,1,0.3017,0.2679,0.4882,0.2077,65
1,0,1,7,0,6,0,2,0.1354,0.1482,0.599,0.1237,163
1,0,1,8,0,6,0,2,0.0966,0.0905,0.6721,0.1827,156
1,0,1,9,0,6,0,1,0.2104,0.2117,0.7412,0.2651,151
1,0,1,10,0,6,0,1,0.0972,0.0976,0.5569,0.1866,93
1,0,1,11,0,6,0,1,0.2104,0.1981,0.562,0.1342,140
1,0,1,12,0,6,0,2,0.1778,0.1787,0.6026,0.0646,90
1,0,1,13,0,6,0,2,0.266,0.278,0.8256,0.0991,93
1,0,1,14,0,6,0,1,0.2599,0.2505,0.7759,0.3263,106
1,0,1,15,0,6,0,2,0.2786,0.2678,0.6826,0.5002,87
1,0,1,16,0,6,0,2,0.2158,0.1944,0.6781,0.3092,130
1,0,1,17,0,6,0,3,0.1412,0.0796,0.5771,0.3099,132
1,0,1,18,0,6,0,1,0.1288,0.1233,0.7075,0.3347,143
1,0,1,19,0,6,0,1,0.1642,0.118,0.4956,0.4411,118
1,0,1,20,0,6,0,1,0.3409,0.3069,0.6723,0.3955,116
1,0,1,21,0,6,0,2,0.1839,0.1487,0.371,0.254,55
1,0,1,22,0,6,0,1,0.2126,0.1804,0.418,0.1864,59
1,0,1,23,0,6,0,1,0.3076,0.2726,0.3827,0.537,39
1,0,1,0,0,0,1,2,0.2196,0.2232,0.8398,0.0705,23
1,0,1,1,0,0,1,2,0.1494,0.1519,0.595,0.4655,12
1,0,1,2,0,0,1,1,0.2529,0.2436,0.4517,0.522,9
1,0,1,3,0,0,1,1,0.1718,0.1995,0.9065,0.3975,9
1,0,1,4,0,0,1,1,0.2221,0.3027,0.521,0.2421,16
1,0,1,5,0,0,1,1,0.2377,0.241,0.6771,0.1698,41
1,0,1,6,0,0,1,1,0.1672,0.1861,0.52,0.1332,102
1,0,1,7,0,0,1,1,0.2149,0.2125,0.7092,0.0981,227
1,0,1,8,0,0,1,1,0.3138,0.3176,0.6122,0.491,301
1,0,1,9,0,0,1,3,0.158,0.1013,0.5244,0.6433,131
1,0,1,10,0,0,1,3,0.294,0.1982,0.4537,0.1931,98
1,0,1,11,0,0,1,1,0.1605,0.089,0.5289,0.1968,144
1,0,1,12,0,0,1,2,0.328,0.2928,0.4934,0.6293,110
1,0,1,13,0,0,1,1,0.1419,0.1758,0.4026,0.5597,152
1,0,1,14,0,0,1,2,0.1742,0.1732,0.7021,0.5027,114
1,0,1,15,0,0,1,3,0.3074,0.2803,0.7479,0.1672,103
1,0,1,16,0,0,1,2,0.3105,0.312,0.5323,0.3834,181
1,0,1,17,0,0,1,2,0.2591,0.2567,0.3641,0.1189,206
1,0,1,18,0,0,1,1,0.1261,0.0791,0.6576,0.1896,256
1,0,1,19,0,0,1,1,0.2076,0.2113,0.6326,0.0856,158
1,0,1,20,0,0,1,2,0.2019,0.2168,0.4939,0.1958,134
1,0,1,21,0,0,1,1,0.1419,0.1978,0.6069,0.1466,109
1,0,1,22,0,0,1,2,0.2506,0.2357,0.2831,0.4709,73
1,0,1,23,0,0,1,2,0.1474,0.1909,0.615,0.3171,48
1,0,1,0,0,1,1,1,0.112,0.0943,0.5948,0.2865,31
1,0,1,1,0,1,1,2,0.0889,0.1543,0.7727,0.0648,14
1,0,1,2,0,1,1,2,0.3222,0.2883,0.6436,0.2075,7
1,0,1,3,0,1,1,2,0.1666,0.1776,0.624,0.02,9
1,0,1,4,0,1,1,2,0.1681,0.1683,0.8488,0.1532,13
1,0,1,5,0,1,1,2,0.1302,0.1684,0.5179,0.1849,29
1,0,1,6,0,1,1,1,0.2981,0.3239,0.4336,0.2816,93
1,0,1,7,0,1,1,2,0.1057,0.0692,0.7227,0.1282,170
1,0,1,8,0,1,1,1,0.1181,0.1021,0.7386,0.1039,257
1,0,1,9,0,1,1,1,0.1798,0.2346,0.7414,0.265,166
1,0,1,10,0,1,1,3,0.2009,0.1938,0.5852,0.3626,81
1,0,1,11,0,1,1,1,0.2485,0.2605,0.5278,0.2088,164
1,0,1,12,1,1,0,1,0.1551,0.1152,0.464,0.3374,71
1,0,1,13,0,1,1,1,0.3105,0.2876,0.5066,0.166,199
1,0,1,14,0,1,1,4,0.1556,0.1265,0.4325,0.1963,76
1,0,1,15,0,1,1,3,0.1318,0.153,0.5604,0.619,79
1,0,1,16,0,1,1,1,0.1251,0.141,0.8122,0.3162,226
1,0,1,17,0,1,1,2,0.1482,0.1775,0.5478,0.2287,234
1,0,1,18,0,1,1,1,0.1206,0.082,0.6285,0.2214,198
1,0,1,19,0,1,1,2,0.2549,0.2586,0.6788,0.3186,147
1,0,1,20,0,1,1,2,0.1323,0.1263,0.5698,0.047,125
1,0,1,21,0,1,1,1,0.1931,0.1101,0.5689,0.4607,109
1,0,1,22,0,1,1,2,0.1303,0.1377,0.7674,0.1213,63
1,0,1,23,0,1,1,3,0.1202,0.1529,0.6355,0.1524,46
1,0,1,0,0,2,1,1,0.2805,0.3136,0.7478,0.4248,29
1,0,1,1,0,2,1,1,0.3152,0.2984,0.8988,0.5132,15
1,0,1,2,0,2,1,3,0.2918,0.3021,0.5079,0.4109,6
1,0,1,3,0,2,1,1,0.1,0.1114,0.5936,0.4289,8
1,0,1,4,0,2,1,2,0.1097,0.0814,0.5922,0.3144,13
1,0,1,5,0,2,1,2,0.3415,0.2975,0.5528,0.2068,38
1,0,1,6,0,2,1,1,0.1852,0.1745,0.5605,0.3233,108
1,0,1,7,0,2,1,1,0.1068,0.0943,0.7806,0.0824,251
1,0,1,8,0,2,1,1,0.2788,0.2675,0.6242,0.2988,288
1,0,1,9,0,2,1,1,0.2077,0.1848,0.911,0.5314,193
1,0,1,10,1,2,0,2,0.2429,0.2371,0.5635,0.3328,52
1,0,1,11,0,2,1,2,0.0463,0.012,0.793,0.226,151
1,0,1,12,0,2,1,1,0.1802,0.2169,0.8234,0.3328,172
1,0,1,13,0,2,1,2,0.2694,0.2013,0.6023,0.3996,108
1,0,1,14,0,2,1,1,0.1582,0.1478,0.666,0.1801,126
1,0,1,15,0,2,1,1,0.2894,0.2689,0.7182,0.8371,133
1,0,1,16,0,2,1,2,0.1108,0.1012,0.5455,0.4147,213
1,0,1,17,0,2,1,1,0.1951,0.16,0.8119,0.1417,201
1,0,1,18,0,2,1,2,0.3181,0.2569,0.5149,0.2502,261
1,0,1,19,0,2,1,1,0.1224,0.1235,0.5498,0.1986,201
1,0,1,20,0,2,1,2,0.222,0.2048,0.5511,0.3456,130
1,0,1,21,0,2,1,3,0.244,0.2433,0.6393,0.2685,99
1,0,1,22,1,2,0,1,0.2094,0.1494,0.6516,0.2515,44
1,0,1,23,0,2,1,3,0.1855,0.2277,0.5359,0.2496,43
1,0,1,0,0,3,1,1,0.1424,0.1328,0.5979,0.2319,30
1,0,1,1,0,3,1,1,0.2175,0.1153,0.4777,0.3468,15
1,0,1,2,0,3,1,1,0.1965,0.1923,0.7512,0.3278,9
1,0,1,3,0,3,1,2,0.1032,0.0838,0.6948,0.2305,8
1,0,1,4,0,3,1,2,0.2807,0.2327,0.5698,0.1032,14
1,0,1,5,0,3,1,3,0.14,0.17,0.5884,0.1824,28
1,0,1,6,0,3,1,2,0.105,0.1276,0.5319,0.6315,85
1,0,1,7,0,3,1,1,0.162,0.1642,0.4999,0.0143,211
1,0,1,8,0,3,1,3,0.1412,0.1365,0.4817,0.3189,199
1,0,1,9,0,3,1,3,0.1856,0.1915,0.5003,0.1129,134
1,0,1,10,0,3,1,2,0.1167,0.0635,0.7265,0.3753,82
1,0,1,11,0,3,1,2,0.2351,0.2291,0.7357,0.0252,108
1,0,1,12,0,3,1,2,0.3004,0.3225,0.4471,0.1573,170
1,0,1,13,0,3,1,1,0.2111,0.2318,0.6953,0.3523,124
1,0,1,14,0,3,1,3,0.1026,0.0659,0.4649,0.6327,84
1,0,1,15,0,3,1,4,0.1398,0.1383,0.7032,0.4004,79
1,0,1,16,0,3,1,2,0.2192,0.1745,0.6215,0.7166,175
1,0,1,17,0,3,1,1,0.066,0.0674,0.5489,0.1654,310
1,0,1,18,0,3,1,1,0.1174,0.089,0.6649,0.0151,215
1,0,1,19,0,3,1,3,0.0884,0.0579,0.7733,0.579,141
1,0,1,20,0,3,1,3,0.2118,0.2119,0.3865,0.317,99
1,0,1,21,0,3,1,2,0.355,0.3155,0.748,0.3482,106
1,0,1,22,0,3,1,3,0.1154,0.0858,0.516,0.5276,68
1,0,1,23,0,3,1,2,0.2608,0.2583,0.7823,0.3899,50
1,0,1,0,0,4,1,3,0.165,0.1123,0.7146,0.0736,20
1,0,1,1,0,4,1,1,0.1121,0.0968,0.476,0.0701,15
1,0,1,2,0,4,1,1,0.314,0.2521,0.5407,0.2584,9
1,0,1,3,0,4,1,2,0.3557,0.2972,0.6682,0.2866,8
1,0,1,4,0,4,1,1,0.2333,0.2568,0.7242,0.2303,17
1,0,1,5,1,4,0,1,0.2298,0.2059,0.6677,0.236,20
1,0,1,6,0,4,1,2,0.2088,0.1769,0.6574,0.0778,66
1,0,1,7,0,4,1,1,0.1941,0.2099,0.5339,0.1929,276
1,0,1,8,0,4,1,2,0.2283,0.2653,0.6146,0.2731,252
1,0,1,9,0,4,1,1,0.2518,0.2468,0.6018,0.1808,198
1,0,1,10,0,4,1,2,0.3209,0.3355,0.4304,0.2008,118
1,0,1,11,0,4,1,1,0.1679,0.1429,0.6509,0.1115,131
1,0,1,12,0,4,1,2,0.2134,0.2043,0.5665,0.1037,126
1,0,1,13,0,4,1,2,0.1983,0.1886,0.7757,0.0364,127
1,0,1,14,0,4,1,1,0.2762,0.2721,0.751,0.0805,138
1,0,1,15,0,4,1,1,0.3725,0.3828,0.6327,0.1269,143
1,0,1,16,0,4,1,1,0.2786,0.2206,0.7431,0.1342,254
1,0,1,17,0,4,1,1,0.2603,0.2206,0.6844,0.3609,250
1,0,1,18,0,4,1,1,0.268,0.2401,0.6079,0.297,257
1,0,1,19,0,4,1,1,0.2932,0.2494,0.4407,0.0573,211
1,0,1,20,0,4,1,2,0.3735,0.3617,0.5914,0.0195,130
1,0,1,21,0,4,1,1,0.0865,0.0887,0.5705,0.239,104
1,0,1,22,0,4,1,1,0.2464,0.2359,0.5973,0.1991,85
1,0,1,23,0,4,1,1,0.0238,0.0105,0.5831,0.5059,50
1,0,1,0,0,5,0,1,0.2719,0.2987,0.7422,0.2231,19
1,0,1,1,0,5,0,2,0.2439,0.2382,0.7554,0.1021,8
1,0,1,2,0,5,0,2,0.167,0.1542,0.5512,0.2599,6
1,0,1,3,0,5,0,2,0.0184,0.0195,0.4508,0.5354,6
1,0,1,4,0,5,0,2,0.2043,0.2164,0.4933,0.2001,9
1,0,1,5,0,5,0,1,0.2209,0.2163,0.7587,0.3437,31
1,0,1,6,0,5,0,1,0.2009,0.1649,0.7246,0.2371,69
1,0,1,7,0,5,0,2,0.1618,0.2066,0.473,0.4738,126
1,0,1,8,0,5,0,1,0.1425,0.1493,0.4337,0.1236,183
1,0,1,9,0,5,0,2,0.2017,0.157,0.5388,0.4913,110
1,0,1,10,0,5,0,2,0.1492,0.0872,0.8252,0.2733,79
1,0,1,11,0,5,0,2,0.262,0.2695,0.6601,0.5912,93
1,0,1,12,0,5,0,2,0.1998,0.2286,0.5814,0.1595,111
1,0,1,13,0,5,0,3,0.0846,0.0939,0.5947,0.7677,55
1,0,1,14,0,5,0,1,0.2177,0.2252,0.384,0.2685,82
1,0,1,15,0,5,0,1,0.2343,0.2417,0.5747,0.5187,111
1,0,1,16,0,5,0,3,0.3186,0.3028,0.7586,0.2767,110
1,0,1,17,0,5,0,2,0.2703,0.2063,0.5624,0.2552,165
1,0,1,18,0,5,0,1,0.1424,0.1143,0.5804,0.4776,176
1,0,1,19,0,5,0,1,0.3051,0.3137,0.6492,0.302,113
1,0,1,20,0,5,0,1,0.1083,0.1205,0.4749,0.3308,110
1,0,1,21,0,5,0,2,0.2073,0.1911,0.6497,0.2077,85
1,0,1,22,0,5,0,1,0.2581,0.2288,0.5104,0.3359,68
1,0,1,23,0,5,0,1,0.3074,0.2973,0.5498,0.4359,38
1,0,1,0,0,6,0,1,0.3385,0.3112,0.5635,0.5281,22
1,0,1,1,0,6,0,3,0.2955,0.2783,0.5636,0.373,7
1,0,1,2,0,6,0,2,0.1967,0.1908,0.6212,0.3264,5
1,0,1,3,0,6,0,2,0.2468,0.2112,0.6001,0.502,5
1,0,1,4,0,6,0,3,0.2219,0.2348,0.5871,0.5755,8
1,0,1,5,0,6,0,1,0.1566,0.1438,0.6235,0.3845,21
1,0,1,6,0,6,0,2,0.1981,0.2029,0.5,0.0388,48
1,0,1,7,0,6,0,2,0.3321,0.3174,0.35,0.0761,118
1,0,1,8,0,6,0,2,0.2515,0.2852,0.6079,0.2893,163
1,0,1,9,0,6,0,2,0.3504,0.3492,0.5264,0.1717,112
1,0,1,10,0,6,0,3,0.1305,0.1362,0.6635,0.2924,74
1,0,1,11,0,6,0,1,0.1795,0.1817,0.5427,0.2464,95
1,0,1,12,0,6,0,1,0.2353,0.2861,0.3812,0.5648,144
1,0,1,13,0,6,0,2,0.2582,0.244,0.5945,0.4181,87
1,0,1,14,0,6,0,1,0.1981,0.1931,0.7351,0.2803,99
1,0,1,15,0,6,0,2,0.2623,0.2523,0.6464,0.6002,86
1,0,1,16,0,6,0,1,0.2617,0.1897,0.4384,0.0144,135
1,0,1,17,0,6,0,2,0.1091,0.1064,0.5339,0.1197,190
1,0,1,18,0,6,0,2,0.259,0.2765,0.5493,0.3418,129
1,0,1,19,0,6,0,3,0.2814,0.2827,0.5868,0.409,74
1,0,1,20,0,6,0,2,0.227,0.2609,0.5385,0.1966,99
1,0,1,21,0,6,0,3,0.0774,0.0971,0.3982,0.1228,62
1,0,1,22,0,6,0,2,0.1869,0.1926,0.5924,0.3932,58
1,0,1,23,0,6,0,2,0.2369,0.2517,0.7808,0.1726,42
1,0,1,0,0,0,1,2,0.1466,0.1502,0.5296,0.4105,25
1,0,1,1,0,0,1,2,0.2715,0.2495,0.4588,0.191,11
1,0,1,2,0,0,1,2,0.2583,0.2415,0.779,0.1576,6
1,0,1,3,0,0,1,1,0.2166,0.1343,0.8386,0.2939,8
1,0,1,4,0,0,1,1,0.2084,0.2459,0.5591,0.452,17
1,0,1,5,0,0,1,2,0.2207,0.2037,0.6366,0.1841,39
1,0,1,6,0,0,1,1,0.2069,0.1653,0.6346,0.4662,93
1,0,1,7,0,0,1,2,0.1172,0.1004,0.7147,0.1036,222
1,0,1,8,0,0,1,1,0.1771,0.221,0.474,0.0687,324
1,0,1,9,0,0,1,1,0.2123,0.2038,0.6045,0.1156,180
1,0,1,10,0,0,1,2,0.3065,0.2989,0.4773,0.2721,122
1,0,1,11,0,0,1,1,0.2557,0.3055,0.6495,0.2241,138
1,0,1,12,0,0,1,3,0.3103,0.3198,0.7896,0.103,178
1,0,1,13,0,0,1,4,0.1089,0.0948,0.6481,0.4401,60
1,0,1,14,0,0,1,1,0.1823,0.1222,0.5061,0.2818,115
1,0,1,15,0,0,1,1,0.3524,0.3539,0.7275,0.3123,145
1,0,1,16,0,0,1,1,0.1552,0.1271,0.5347,0.3764,199
1,0,1,17,0,0,1,2,0.1538,0.1659,0.6649,0.2854,224
1,0,1,18,0,0,1,1,0.1882,0.1773,0.5149,0.3816,269
1,0,1,19,0,0,1,3,0.3485,0.3433,0.4486,0.1193,143
1,0,1,20,0,0,1,4,0.1602,0.1791,0.5169,0.2547,76
1,0,1,21,0,0,1,1,0.2462,0.1821,0.2838,0.3446,129
1,0,1,22,0,0,1,2,0.2347,0.2268,0.478,0.3905,67
1,0,1,23,0,0,1,1,0.0722,0.0681,0.865,0.256,57
1,0,1,0,0,1,1,2,0.2072,0.2055,0.2689,0.3631,22
1,0,1,1,0,1,1,1,0.1696,0.1762,0.4187,0.372,11
1,0,1,2,0,1,1,2,0.2557,0.2475,0.8162,0.4542,7
1,0,1,3,0,1,1,1,0.33,0.2941,0.4921,0.3492,9
1,0,1,4,0,1,1,3,0.1842,0.1411,0.5588,0.3507,12
1,0,1,5,0,1,1,1,0.1842,0.1273,0.6054,0.3646,40
1,0,1,6,0,1,1,2,0.3845,0.3689,0.4094,0.2539,86
1,0,1,7,0,1,1,3,0.1585,0.1664,0.7325,0.0816,153
1,0,1,8,0,1,1,2,0.1143,0.0983,0.5928,0.5107,183
1,0,1,9,0,1,1,2,0.3047,0.3144,0.531,0.5536,126
1,0,1,10,0,1,1,1,0.2047,0.1911,0.7205,0.1565,122
1,0,1,11,0,1,1,1,0.2281,0.2141,0.4475,0.1302,183
1,0,1,12,0,1,1,1,0.3645,0.3031,0.6118,0.4872,175
1,0,1,13,0,1,1,3,0.1101,0.0913,0.4854,0.5683,101
1,0,1,14,0,1,1,1,0.1946,0.2125,0.4566,0.7099,134
1,0,1,15,0,1,1,1,0.1217,0.1576,0.8475,0.2495,172
1,0,1,16,0,1,1,2,0.2318,0.2145,0.6224,0.1448,203
1,0,1,17,0,1,1,1,0.1696,0.1871,0.7209,0.0745,325
1,0,1,18,0,1,1,3,0.1262,0.1623,0.5448,0.3402,143
1,0,1,19,0,1,1,1,0.2595,0.2184,0.4837,0.1236,145
1,0,1,20,0,1,1,1,0.209,0.2081,0.2332,0.2525,146
1,0,1,21,0,1,1,2,0.1207,0.1204,0.5692,0.3448,90
1,0,1,22,0,1,1,2,0.125,0.151,0.4082,0.0514,87
1,0,1,23,0,1,1,3,0.2228,0.1866,0.6186,0.2572,40
1,0,1,0,0,2,1,1,0.0925,0.0973,0.4513,0.1972,36
1,0,1,1,0,2,1,1,0.2253,0.2063,0.6625,0.474,16
1,0,1,2,0,2,1,1,0.3032,0.3008,0.8534,0.3719,9
1,0,1,3,0,2,1,1,0.2561,0.28,0.9455,0.4996,9
1,0,1,4,0,2,1,2,0.1658,0.2018,0.6449,0.1228,11
1,0,1,5,0,2,1,1,0.2286,0.2541,0.605,0.23,39
1,0,1,6,0,2,1,2,0.1218,0.086,0.5223,0.4105,71
1,0,1,7,0,2,1,3,0.219,0.1938,0.5126,0.1916,158
1,0,1,8,0,2,1,1,0.1865,0.2074,0.4962,0.2363,233
1,0,1,9,0,2,1,2,0.1367,0.148,0.7843,0.2793,124
1,0,1,10,1,2,0,1,0.2531,0.2325,0.5594,0.1073,53
1,0,1,11,0,2,1,2,0.071,0.04,0.8656,0.3619,98
1,0,1,12,0,2,1,1,0.1264,0.0029,0.495,0.4342,175
1,0,1,13,0,2,1,2,0.1348,0.0803,0.5895,0.2819,108
1,0,1,14,0,2,1,1,0.1741,0.1562,0.4542,0.475,116
1,0,1,15,0,2,1,1,0.3004,0.2766,0.6703,0.2124,125
1,0,1,16,0,2,1,1,0.2622,0.2614,0.5821,0.1291,255
1,0,1,17,0,2,1,1,0.2168,0.224,0.6024,0.206,315
1,0,1,18,0,2,1,3,0.2135,0.2706,0.5692,0.2094,153
1,0,1,19,0,2,1,1,0.2086,0.1751,0.6732,0.3087,183
1,0,1,20,0,2,1,3,0.3055,0.2316,0.6869,0.1182,124
1,0,1,21,0,2,1,2,0.0823,0.0503,0.7061,0.0394,121
1,0,1,22,0,2,1,1,0.2634,0.3006,0.4935,0.1497,85
1,0,1,23,0,2,1,1,0.1738,0.1655,0.6449,0.2287,51
1,0,1,0,0,3,1,1,0.2458,0.2639,0.5459,0.3206,35
1,0,1,1,0,3,1,2,0.2462,0.217,0.765,0.4523,10
1,0,1,2,0,3,1,1,0.262,0.2338,0.6353,0.648,9
1,0,1,3,0,3,1,3,0.3215,0.254,0.6416,0.2414,6
1,0,1,4,0,3,1,1,0.1147,0.099,0.5724,0.1791,14
1,0,1,5,0,3,1,1,0.281,0.2673,0.508,0.2047,40
1,0,1,6,0,3,1,1,0.2062,0.2219,0.6144,0.3381,104
1,0,1,7,0,3,1,2,0.1784,0.1863,0.7526,0.4533,188
1,0,1,8,0,3,1,2,0.353,0.395,0.5132,0.4899,197
1,0,1,9,0,3,1,3,0.2598,0.2422,0.764,0.634,112
1,0,1,10,0,3,1,1,0.1814,0.1796,0.6739,0.2249,119
1,0,1,11,0,3,1,1,0.2776,0.2633,0.3619,0.2412,158
1,0,1,12,0,3,1,2,0.2074,0.1762,0.4957,0.5532,159
1,0,1,13,0,3,1,2,0.1803,0.1836,0.8802,0.065,132
1,0,1,14,1,3,0,2,0.1682,0.1515,0.591,0.6262,41
1,0,1,15,0,3,1,1,0.2319,0.2702,0.4971,0.295,145
1,0,1,16,0,3,1,2,0.1677,0.1356,0.5009,0.4892,183
1,0,1,17,0,3,1,1,0.2215,0.2002,0.5893,0.6604,249
1,0,1,18,0,3,1,4,0.2727,0.2218,0.7158,0.3147,141
1,0,1,19,0,3,1,1,0.2184,0.2176,0.5651,0.1811,193
1,0,1,20,0,3,1,2,0.349,0.2917,0.5125,0.3556,149
1,0,1,21,0,3,1,1,0.2116,0.2007,0.3337,0.1778,123
1,0,1,22,0,3,1,2,0.3051,0.2547,0.4964,0.1873,76
1,0,1,23,0,3,1,3,0.279,0.2355,0.5218,0.235,42
1,0,1,0,0,4,1,3,0.3187,0.2798,0.6433,0.2027,25
1,0,1,1,0,4,1,2,0.35,0.3543,0.6534,0.3208,14
1,0,1,2,0,4,1,1,0.0886,0.0813,0.7774,0.2052,10
1,0,1,3,0,4,1,2,0.2305,0.2153,0.4619,0.2573,7
1,0,1,4,0,4,1,2,0.2041,0.2107,0.6208,0.1488,14
1,0,1,5,0,4,1,2,0.2197,0.1889,0.624,0.1699,37
1,0,1,6,0,4,1,1,0.1841,0.1159,0.4848,0.2694,109
1,0,1,7,0,4,1,1,0.1739,0.1322,0.7143,0.1002,237
1,0,1,8,0,4,1,1,0.1349,0.1196,0.8093,0.2249,285
1,0,1,9,0,4,1,2,0.2187,0.2063,0.6076,0.3144,140
1,0,1,10,0,4,1,1,0.2773,0.2802,0.5475,0.0628,140
1,0,1,11,0,4,1,1,0.1773,0.1641,0.784,0.1781,179
1,0,1,12,0,4,1,2,0.1889,0.21,0.6572,0.192,180
1,0,1,13,0,4,1,2,0.163,0.1657,0.4589,0.0493,131
1,0,1,14,0,4,1,3,0.1423,0.0929,0.5815,0.2537,90
1,0,1,15,0,4,1,1,0.1954,0.1092,0.5613,0.1984,141
1,0,1,16,0,4,1,1,0.2359,0.1939,0.5033,0.4972,196
1,0,1,17,0,4,1,2,0.2999,0.2891,0.5088,0.2855,216
1,0,1,18,0,4,1,1,0.1285,0.1332,0.5244,0.6933,188
1,0,1,19,0,4,1,2,0.2098,0.1961,0.702,0.3581,151
1,0,1,20,0,4,1,1,0.2944,0.2833,0.5694,0.2675,175
1,0,1,21,0,4,1,2,0.1294,0.1625,0.6151,0.384,95
1,0,1,22,0,4,1,1,0.3006,0.286,0.7209,0.3535,96
1,0,1,23,0,4,1,2,0.1812,0.1826,0.5689,0.0828,51
1,0,1,0,0,5,0,2,0.263,0.2978,0.4596,0.2264,17
1,0,1,1,0,5,0,1,0.198,0.1337,0.7172,0.3551,11
1,0,1,2,0,5,0,1,0.2454,0.2844,0.5583,0.3372,7
1,0,1,3,0,5,0,2,0.3259,0.2328,0.8177,0.2503,5
1,0,1,4,0,5,0,2,0.2048,0.1697,0.725,0.153,10
1,0,1,5,0,5,0,1,0.283,0.2521,0.6674,0.1156,32
1,0,1,6,0,5,0,1,0.2325,0.1719,0.6311,0.0294,64
1,0,1,7,0,5,0,2,0.1582,0.1454,0.7387,0.1644,134
1,0,1,8,0,5,0,2,0.2031,0.1914,0.6339,0.1907,173
1,0,1,9,0,5,0,2,0.1987,0.211,0.3433,0.341,110
1,0,1,10,0,5,0,1,0.1144,0.1299,0.5917,0.2882,95
1,0,1,11,0,5,0,3,0.2454,0.2383,0.6725,0.2531,75
1,0,1,12,0,5,0,1,0.2593,0.2799,0.4834,0.0754,149
1,0,1,13,0,5,0,1,0.2701,0.276,0.915,0.0896,108
1,0,1,14,0,5,0,2,0.3133,0.2879,0.5864,0.0718,77
1,0,1,15,0,5,0,2,0.28,0.2696,0.6713,0.2029,119
1,0,1,16,0,5,0,2,0.171,0.1434,0.7446,0.1722,106
1,0,1,17,0,5,0,1,0.1859,0.1399,0.6764,0.3869,206
1,0,1,18,0,5,0,1,0.272,0.2712,0.5911,0.2144,152
1,0,1,19,0,5,0,2,0.2405,0.1835,0.652,0.2117,119
1,0,1,20,0,5,0,1,0.212,0.1958,0.5808,0.3054,102
1,0,1,21,0,5,0,2,0.152,0.0755,0.5926,0.3808,62
1,0,1,22,0,5,0,2,0.1761,0.1694,0.4663,0.2534,51
1,0,1,23,0,5,0,1,0.254,0.2195,0.5727,0.2012,37
1,0,1,0,0,6,0,2,0.0781,0.0913,0.4588,0.3378,18
1,0,1,1,0,6,0,3,0.0509,0.0417,0.6025,0.38,7
1,0,1,2,0,6,0,2,0.2632,0.2462,0.5543,0.2366,6
1,0,1,3,0,6,0,1,0.1773,0.17,0.6633,0.0311,8
1,0,1,4,0,6,0,2,0.2475,0.2168,0.4237,0.3116,8
1,0,1,5,0,6,0,3,0.325,0.2918,0.4917,0.1703,20
1,0,1,6,0,6,0,2,0.1438,0.1196,0.4927,0.3225,55
1,0,1,7,0,6,0,1,0.0978,0.0892,0.6014,0.1652,190
1,0,1,8,0,6,0,1,0.1953,0.1688,0.5737,0.4022,186
1,0,1,9,0,6,0,2,0.1667,0.1719,0.7347,0.3646,107
1,0,1,10,0,6,0,2,0.2129,0.1492,0.6081,0.4066,64
1,0,1,11,0,6,0,3,0.2523,0.1947,0.6031,0.3705,76
1,0,1,12,0,6,0,3,0.2375,0.2823,0.4765,0.3399,94
1,0,1,13,0,6,0,1,0.2179,0.194,0.5685,0.2549,109
1,0,1,14,0,6,0,2,0.2887,0.2439,0.443,0.4105,71
1,0,1,15,0,6,0,1,0.2616,0.2478,0.6624,0.3672,89
1,0,1,16,0,6,0,1,0.202,0.2149,0.7028,0.4275,178
1,0,1,17,0,6,0,1,0.2591,0.2654,0.4222,0.5972,185
1,0,1,18,0,6,0,3,0.1065,0.0787,0.6085,0.3602,144
1,0,1,19,0,6,0,1,0.2891,0.2593,0.5906,0.037,149
1,0,1,20,0,6,0,2,0.2162,0.1954,0.7476,0.1326,99
1,0,1,21,0,6,0,1,0.1306,0.1334,0.4832,0.4789,74
1,0,1,22,0,6,0,1,0.1855,0.1776,0.5119,0.6132,57
1,0,1,23,0,6,0,2,0.2873,0.2454,0.6348,0.4602,34
1,0,1,0,0,0,1,1,0.1624,0.139,0.5438,0.1405,30
1,0,1,1,0,0,1,1,0.2449,0.2247,0.5501,0.4468,17
1,0,1,2,0,0,1,2,0.2777,0.3083,0.5479,0.2137,7
1,0,1,3,0,0,1,2,0.2179,0.2017,0.665,0.3225,7
1,0,1,4,0,0,1,2,0.1556,0.2471,0.7387,0.2887,11
1,0,1,5,0,0,1,2,0.2117,0.193,0.5924,0.2174,39
1,0,1,6,0,0,1,1,0.1175,0.0611,0.5698,0.1858,95
1,0,1,7,0,0,1,1,0.182,0.1834,0.682,0.4568,214
1,0,1,8,0,0,1,1,0.1387,0.1631,0.6271,0.4757,332
1,0,1,9,0,0,1,3,0.2129,0.2165,0.6214,0.6167,111
1,0,1,10,0,0,1,1,0.1273,0.1268,0.7384,0.234,115
1,0,1,11,0,0,1,1,0.222,0.1995,0.4743,0.044,196
1,0,1,12,0,0,1,3,0.2955,0.2721,0.5707,0.6311,121
1,0,1,13,0,0,1,3,0.2999,0.215,0.4846,0.2306,128
1,0,1,14,1,0,0,1,0.129,0.1483,0.538,0.5249,58
1,0,1,15,0,0,1,2,0.1695,0.1497,0.4493,0.2589,142
1,0,1,16,0,0,1,1,0.2759,0.2965,0.5569,0.428,222
1,0,1,17,0,0,1,2,0.2654,0.2362,0.6467,0.2456,219
1,0,1,18,0,0,1,2,0.1731,0.1628,0.2866,0.4012,205
1,0,1,19,0,0,1,3,0.1821,0.2105,0.5631,0.3331,150
1,0,1,20,0,0,1,1,0.2219,0.2509,0.5915,0.6394,130
1,0,1,21,0,0,1,2,0.0878,0.1087,0.5692,0.2713,88
1,0,1,22,0,0,1,1,0.2529,0.1842,0.4012,0.3932,68
1,0,1,23,0,0,1,2,0.292,0.2391,0.717,0.1022,52
1,0,1,0,0,1,1,2,0.1905,0.202,0.7146,0.3959,22
1,0,1,1,0,1,1,2,0.1184,0.0915,0.7387,0.0986,15
1,0,1,2,0,1,1,3,0.3166,0.303,0.5345,0.1676,7
1,0,1,3,0,1,1,2,0.2331,0.2276,0.6222,0.1175,8
1,0,1,4,0,1,1,2,0.2673,0.2617,0.514,0.2552,13
1,0,1,5,0,1,1,1,0.1252,0.0873,0.4728,0.4059,42
1,0,1,6,1,1,0,4,0.1255,0.1499,0.4665,0.3202,24
1,0,1,7,0,1,1,1,0.2467,0.2186,0.6256,0.1297,207
1,0,1,8,0,1,1,1,0.2896,0.2929,0.7018,0.209,319
1,0,1,9,0,1,1,2,0.1387,0.1255,0.7559,0.2395,145
1,0,1,10,0,1,1,1,0.2106,0.2577,0.5956,0.1105,140
1,0,1,11,0,1,1,2,0.1066,0.1447,0.5197,0.246,117
1,0,1,12,0,1,1,1,0.1686,0.2241,0.5899,0.3589,157
1,0,1,13,0,1,1,1,0.1997,0.2393,0.7181,0.1428,151
1,0,1,14,0,1,1,3,0.2519,0.2353,0.7962,0.1397,94
1,0,1,15,0,1,1,3,0.0703,0.0508,0.7428,0.5581,121
1,0,1,16,0,1,1,2,0.3101,0.2606,0.731,0.3866,112
1,0,1,17,0,1,1,3,0.2058,0.2035,0.7649,0.3219,234
1,0,1,18,0,1,1,1,0.3083,0.2936,0.6103,0.5333,205
1,0,1,19,0,1,1,1,0.2666,0.252,0.6353,0.254,203
1,0,1,20,0,1,1,3,0.2774,0.2386,0.7287,0.3943,109
1,0,1,21,0,1,1,2,0.3591,0.352,0.6633,0.2894,92
1,0,1,22,0,1,1,2,0.163,0.1434,0.7056,0.3518,75
1,0,1,23,0,1,1,1,0.2272,0.2014,0.5286,0.6067,50
1,0,1,0,0,2,1,1,0.15,0.1474,0.7685,0.6144,26
1,0,1,1,0,2,1,1,0.2122,0.1992,0.5408,0.1532,12
1,0,1,2,0,2,1,3,0.2697,0.2135,0.7342,0.5487,5
1,0,1,3,0,2,1,1,0.2983,0.2597,0.59,0.0652,10
1,0,1,4,0,2,1,2,0.1926,0.1989,0.5367,0.205,15
1,0,1,5,0,2,1,1,0.135,0.1268,0.3615,0.0303,42
1,0,1,6,0,2,1,2,0.2245,0.155,0.5746,0.4108,78
1,0,1,7,0,2,1,1,0.1597,0.1727,0.4511,0.2644,199
1,0,1,8,0,2,1,2,0.1789,0.1685,0.49,0.2471,267
1,0,1,9,0,2,1,2,0.2664,0.2212,0.6618,0.1513,154
1,0,1,10,0,2,1,1,0.2533,0.2206,0.4185,0.1442,129
1,0,1,11,0,2,1,1,0.2777,0.2688,0.7484,0.1357,152
1,0,1,12,0,2,1,1,0.1957,0.1197,0.9032,0.3482,197
1,0,1,13,0,2,1,2,0.29,0.2881,0.5427,0.4685,127
1,0,1,14,0,2,1,2,0.2203,0.2389,0.7453,0.1002,122
1,0,1,15,0,2,1,1,0.1994,0.2162,0.4331,0.3362,155
1,0,1,16,0,2,1,2,0.1424,0.1699,0.6487,0.5754,190
1,0,1,17,0,2,1,1,0.073,0.046,0.6433,0.1832,297
1,0,1,18,0,2,1,3,0.1099,0.1354,0.9697,0.0666,163
1,0,1,19,0,2,1,3,0.2344,0.2309,0.5561,0.0838,133
1,0,1,20,0,2,1,2,0.1558,0.123,0.6562,0.175,99
1,0,1,21,0,2,1,1,0.1042,0.113,0.5786,0.5575,112
1,0,1,22,0,2,1,1,0.19,0.1936,0.5561,0.5272,72
1,0,1,23,0,2,1,4,0.2389,0.2732,0.5841,0.273,33
1,0,1,0,0,3,1,1,0.2501,0.2735,0.5773,0.3003,25
1,0,1,1,0,3,1,2,0.219,0.1873,0.5239,0.2764,11
1,0,1,2,0,3,1,3,0.2168,0.2162,0.6321,0.325,5
1,0,1,3,0,3,1,2,0.1833,0.1841,0.4924,0.1299,9
1,0,1,4,0,3,1,2,0.2654,0.2597,0.552,0.3194,13
1,0,1,5,0,3,1,2,0.2087,0.1891,0.8305,0.4021,38
1,0,1,6,0,3,1,3,0.2157,0.2575,0.586,0.2705,58
1,0,1,7,0,3,1,1,0.2937,0.2603,0.7063,0.2338,227
1,0,1,8,0,3,1,3,0.2765,0.3126,0.5908,0.3202,214
1,0,1,9,0,3,1,1,0.2081,0.1549,0.6921,0.4593,184
1,0,1,10,0,3,1,2,0.1981,0.1768,0.579,0.5962,97
1,0,1,11,0,3,1,3,0.1976,0.2107,0.2897,0.486,98
1,0,1,12,0,3,1,2,0.0795,0.044,0.5962,0.1834,143
1,0,1,13,1,3,0,1,0.2978,0.2609,0.4797,0.1712,76
1,0,1,14,0,3,1,1,0.1731,0.1805,0.5639,0.1143,104
1,0,1,15,0,3,1,2,0.2809,0.215,0.6825,0.3901,135
1,0,1,16,0,3,1,2,0.2239,0.2459,0.8179,0.7565,116
1,0,1,17,0,3,1,1,0.3185,0.3469,0.4309,0.376,298
1,0,1,18,1,3,0,3,0.2581,0.2908,0.5713,0.182,67
1,0,1,19,0,3,1,3,0.2849,0.2804,0.602,0.5188,141
1,0,1,20,0,3,1,3,0.1796,0.1578,0.6058,0.1821,89
1,0,1,21,0,3,1,2,0.1311,0.1136,0.6066,0.1142,104
1,0,1,22,0,3,1,3,0.2314,0.2284,0.6675,0.1032,67
1,0,1,23,0,3,1,3,0.0868,0.0864,0.5474,0.2604,38
1,0,1,0,0,4,1,1,0.19,0.1691,0.5753,0.4515,22
1,0,1,1,0,4,1,3,0.1395,0.1801,0.6464,0.3528,9
1,0,1,2,0,4,1,2,0.164,0.1484,0.5153,0.1966,7
1,0,1,3,0,4,1,3,0.2645,0.2944,0.5282,0.2375,7
1,0,1,4,0,4,1,2,0.2599,0.2499,0.5912,0.5141,11
1,0,1,5,0,4,1,2,0.2115,0.202,0.5282,0.1054,42
1,0,1,6,0,4,1,1,0.2452,0.2485,0.4818,0.0786,126
1,0,1,7,0,4,1,1,0.1849,0.1909,0.4678,0.2379,175
1,0,1,8,0,4,1,1,0.3927,0.3687,0.5939,0.2028,304
1,0,1,9,0,4,1,2,0.2439,0.2486,0.7636,0.4037,136
1,0,1,10,0,4,1,3,0.1815,0.193,0.6462,0.1474,100
1,0,1,11,0,4,1,1,0.2841,0.3195,0.4849,0.1221,159
1,0,1,12,0,4,1,1,0.3096,0.2963,0.7849,0.1996,193
1,0,1,13,0,4,1,2,0.1686,0.1367,0.539,0.237,115
1,0,1,14,0,4,1,1,0.1235,0.097,0.7896,0.0328,121
1,0,1,15,0,4,1,1,0.1374,0.2015,0.5902,0.1647,164
1,0,1,16,0,4,1,1,0.1759,0.1107,0.6311,0.6301,163
1,0,1,17,0,4,1,2,0.219,0.1723,0.5553,0.4035,195
1,0,1,18,0,4,1,2,0.1088,0.1041,0.5633,0.3188,209
1,0,1,19,0,4,1,3,0.1935,0.1654,0.765,0.2803,132
1,0,1,20,0,4,1,1,0.2082,0.2224,0.5776,0.1909,137
1,0,1,21,0,4,1,1,0.2455,0.2552,0.7123,0.2133,114
1,0,1,22,0,4,1,2,0.2656,0.2363,0.6048,0.2013,70
1,0,1,23,0,4,1,3,0.2509,0.2835,0.5852,0.4737,37
1,0,1,0,0,5,0,1,0.3501,0.2995,0.6732,0.1652,19
1,0,1,1,0,5,0,3,0.3012,0.264,0.5842,0.1593,6
1,0,1,2,0,5,0,2,0.2402,0.2753,0.5038,0.4088,6
1,0,1,3,0,5,0,3,0.1567,0.1097,0.5073,0.2423,5
1,0,1,4,0,5,0,1,0.1773,0.1789,0.6678,0.5989,8
1,0,1,5,0,5,0,1,0.1246,0.1654,0.3332,0.4005,25
1,0,1,6,0,5,0,1,0.2354,0.1456,0.6435,0.1356,88
1,0,1,7,0,5,0,2,0.2478,0.2253,0.4258,0.5857,136
1,0,1,8,0,5,0,3,0.2871,0.3012,0.6194,0.2185,164
1,0,1,9,0,5,0,1,0.2433,0.2231,0.759,0.3889,105
1,0,1,10,0,5,0,1,0.2984,0.2853,0.4923,0.2731,100
1,0,1,11,0,5,0,1,0.2998,0.2905,0.6612,0.1185,106
1,0,1,12,0,5,0,2,0.1527,0.1544,0.7333,0.6504,89
1,0,1,13,0,5,0,3,0.1884,0.1548,0.5293,0.1968,81
1,0,1,14,0,5,0,1,0.2239,0.2356,0.5207,0.1585,80
1,0,1,15,0,5,0,2,0.1752,0.1741,0.6434,0.2006,91
1,0,1,16,0,5,0,2,0.2076,0.1628,0.7484,0.4083,117
1,0,1,17,0,5,0,3,0.2457,0.2195,0.8723,0.2881,97
1,0,1,18,0,5,0,2,0.216,0.1628,0.5095,0.4884,109
1,0,1,19,0,5,0,1,0.2246,0.2198,0.6761,0.0268,141
1,0,1,20,0,5,0,2,0.1586,0.1654,0.5407,0.1979,80
1,0,1,21,0,5,0,2,0.2601,0.2534,0.4629,0.2928,75
1,0,1,22,1,5,0,3,0.255,0.2587,0.5703,0.3563,26
1,0,1,23,0,5,0,2,0.1712,0.1667,0.5707,0.1849,34
1,0,1,0,0,6,0,1,0.136,0.1521,0.608,0.1276,25
1,0,1,1,0,6,0,2,0.3126,0.2932,0.6478,0.4445,9
1,0,1,2,0,6,0,2,0.3489,0.3525,0.6255,0.2556,5
1,0,1,3,0,6,0,1,0.243,0.1922,0.7434,0.1798,7
1,0,1,4,0,6,0,3,0.2012,0.1492,0.823,0.0874,8
1,0,1,5,0,6,0,1,0.2998,0.2874,0.5994,0.3092,30
1,0,1,6,0,6,0,3,0.2594,0.267,0.5385,0.184,52
1,0,1,7,0,6,0,1,0.2118,0.1929,0.5737,0.4601,144
1,0,1,8,0,6,0,1,0.2943,0.2987,0.5699,0.3631,217
1,0,1,9,0,6,0,2,0.1698,0.1707,0.5266,0.4057,96
1,0,1,10,0,6,0,2,0.1782,0.1078,0.4177,0.4289,79
1,0,1,11,0,6,0,3,0.252,0.3091,0.4359,0.2794,74
1,0,1,12,0,6,0,2,0.2345,0.185,0.6796,0.2532,83
1,0,1,13,0,6,0,1,0.2711,0.2292,0.6876,0.1881,118
1,0,1,14,0,6,0,3,0.3101,0.329,0.6366,0.2055,81
1,0,1,15,0,6,0,2,0.1178,0.1125,0.5685,0.4784,80
1,0,1,16,0,6,0,1,0.2292,0.1948,0.537,0.2362,150
1,0,1,17,0,6,0,3,0.3596,0.3275,0.4329,0.1575,143
1,0,1,18,0,6,0,1,0.1848,0.1491,0.5194,0.3311,177
1,0,1,19,0,6,0,1,0.1765,0.1437,0.5097,0.1533,147
1,0,1,20,0,6,0,2,0.0697,0.0898,0.4279,0.2248,81
1,0,1,21,0,6,0,2,0.2336,0.207,0.6237,0.1202,66
1,0,1,22,0,6,0,2,0.2672,0.2218,0.5089,0.0723,47
1,0,1,23,0,6,0,3,0.267,0.2309,0.6024,0.2101,30
1,0,1,0,0,0,1,1,0.1559,0.1434,0.4193,0.6188,29
1,0,1,1,0,0,1,4,0.2279,0.194,0.6673,0.2756,8
1,0,1,2,0,0,1,1,0.244,0.2226,0.6483,0.3957,9
1,0,1,3,0,0,1,1,0.2321,0.231,0.5352,0.1002,9
1,0,1,4,0,0,1,1,0.1518,0.1298,0.7616,0.1853,17
1,0,1,5,0,0,1,1,0.2339,0.1964,0.5871,0.1508,53
1,0,1,6,0,0,1,1,0.1715,0.142,0.6131,0.5662,93
1,0,1,7,0,0,1,3,0.0974,0.1343,0.4094,0.334,142
1,0,1,8,0,0,1,2,0.2762,0.3276,0.5029,0.4743,201
1,0,1,9,0,0,1,2,0.2383,0.2278,0.5187,0.0698,168
1,0,1,10,1,0,0,1,0.2699,0.2782,0.6907,0.3786,46
1,0,1,11,0,0,1,3,0.1911,0.1533,0.7125,0.0925,108
1,0,1,12,0,0,1,1,0.2723,0.241,0.5284,0.2477,174
1,0,1,13,0,0,1,2,0.3,0.2985,0.6173,0.1829,165
1,0,1,14,0,0,1,2,0.3513,0.2628,0.6996,0.1149,127
1,0,1,15,0,0,1,1,0.2855,0.2944,0.556,0.271,186
1,0,1,16,0,0,1,2,0.2554,0.2257,0.4214,0.5641,166
1,0,1,17,0,0,1,3,0.1319,0.093,0.6821,0.2617,215
1,0,1,18,0,0,1,1,0.221,0.2216,0.6478,0.0582,282
1,0,1,19,0,0,1,2,0.1289,0.1657,0.6318,0.344,163
1,0,1,20,0,0,1,3,0.1712,0.1532,0.712,0.0627,97
1,0,1,21,0,0,1,1,0.3653,0.3558,0.7218,0.1709,119
1,0,1,22,0,0,1,1,0.1569,0.1626,0.6714,0.2467,91
1,0,1,23,0,0,1,1,0.0645,0.0685,0.4563,0.2054,57
1,0,1,0,0,1,1,2,0.2874,0.2432,0.4145,0.2783,23
1,0,1,1,0,1,1,1,0.1834,0.1809,0.6381,0.465,17
1,0,1,2,0,1,1,2,0.2843,0.2756,0.6039,0.5829,7
1,0,1,3,0,1,1,1,0.1486,0.0593,0.6129,0.3759,8
1,0,1,4,0,1,1,3,0.2007,0.2164,0.799,0.2434,11
1,0,1,5,0,1,1,3,0.3142,0.2534,0.7062,0.4441,33
1,0,1,6,0,1,1,2,0.138,0.1349,0.574,0.3843,74
1,0,1,7,0,1,1,3,0.2187,0.2533,0.5077,0.2722,124
1,0,1,8,0,1,1,2,0.2509,0.231,0.6735,0.3655,250
1,0,1,9,0,1,1,3,0.1802,0.1398,0.6516,0.391,131
1,0,1,10,0,1,1,1,0.2474,0.2518,0.5702,0.3113,148
1,0,1,11,0,1,1,1,0.2316,0.2621,0.2678,0.0418,178
1,0,1,12,0,1,1,3,0.2679,0.2213,0.481,0.1658,116
1,0,1,13,0,1,1,1,0.3595,0.2707,0.6977,0.1737,171
1,0,1,14,0,1,1,1,0.4178,0.4324,0.441,0.5729,133
1,0,1,15,0,1,1,2,0.2629,0.2754,0.6656,0.3369,129
1,0,1,16,0,1,1,2,0.2228,0.2232,0.6493,0.0527,209
1,0,1,17,0,1,1,1,0.2614,0.1943,0.4771,0.4192,225
1,0,1,18,0,1,1,1,0.2143,0.2215,0.7041,0.4362,281
1,0,1,19,0,1,1,1,0.1194,0.1444,0.5865,0.1545,177
1,0,1,20,0,1,1,1,0.2272,0.2806,0.5782,0.1427,120
1,0,1,21,0,1,1,1,0.3063,0.2825,0.4581,0.523,100
1,0,1,22,0,1,1,2,0.128,0.1264,0.7518,0.2528,80
1,0,1,23,0,1,1,2,0.1616,0.0889,0.453,0.1089,55
1,0,2,0,0,2,1,1,0.1919,0.2113,0.4509,0.2986,29
1,0,2,1,0,2,1,1,0.2587,0.2741,0.6123,0.3612,11
1,0,2,2,0,2,1,2,0.399,0.3912,0.4777,0.1911,7
1,0,2,3,0,2,1,1,0.176,0.2028,0.8435,0.6836,8
1,0,2,4,0,2,1,1,0.239,0.2036,0.4767,0.3896,14
1,0,2,5,0,2,1,1,0.233,0.2148,0.6905,0.5498,35
1,0,2,6,0,2,1,2,0.2115,0.1956,0.7925,0.179,85
1,0,2,7,0,2,1,1,0.2293,0.2508,0.6812,0.0384,271
1,0,2,8,0,2,1,1,0.2001,0.2237,0.5047,0.4966,276
1,0,2,9,0,2,1,2,0.4246,0.4129,0.6365,0.1935,178
1,0,2,10,0,2,1,2,0.2851,0.2788,0.7579,0.2144,111
1,0,2,11,0,2,1,2,0.2007,0.2072,0.4154,0.1544,162
1,0,2,12,0,2,1,3,0.3155,0.2896,0.727,0.6335,147
1,0,2,13,0,2,1,2,0.2506,0.2789,0.6542,0.5056,134
1,0,2,14,0,2,1,1,0.2367,0.2113,0.8221,0.518,125
1,0,2,15,0,2,1,1,0.2199,0.2218,0.6467,0.163,187
1,0,2,16,0,2,1,1,0.2151,0.1865,0.6136,0.3086,243
1,0,2,17,0,2,1,1,0.1472,0.1682,0.6774,0.151,270
1,0,2,18,0,2,1,1,0.1154,0.1067,0.4465,0.1125,242
1,0,2,19,0,2,1,1,0.2586,0.3076,0.4974,0.1674,203
1,0,2,20,1,2,0,2,0.2192,0.2044,0.6036,0.1265,45
1,0,2,21,0,2,1,2,0.294,0.3074,0.5325,0.1394,107
1,0,2,22,0,2,1,1,0.1703,0.1429,0.5219,0.3536,85
1,0,2,23,1,2,0,2,0.1557,0.1387,0.8399,0.5383,17
1,0,2,0,0,3,1,1,0.2891,0.2734,0.8098,0.4508,27
1,0,2,1,0,3,1,2,0.2141,0.2139,0.2896,0.37,13
1,0,2,2,0,3,1,2,0.2947,0.2575,0.5994,0.2926,7
1,0,2,3,0,3,1,1,0.2371,0.2081,0.4516,0.2029,9
1,0,2,4,0,3,1,1,0.3662,0.3506,0.7326,0.5765,15
1,0,2,5,0,3,1,3,0.2877,0.2852,0.6213,0.556,34
1,0,2,6,0,3,1,2,0.2634,0.2492,0.7704,0.3012,82
1,0,2,7,0,3,1,2,0.2908,0.2708,0.4912,0.1479,200
1,0,2,8,0,3,1,1,0.2157,0.1651,0.4806,0.2969,293
1,0,2,9,0,3,1,1,0.1198,0.1288,0.5683,0.1144,218
1,0,2,10,0,3,1,1,0.26,0.2723,0.5229,0.356,144
1,0,2,11,0,3,1,3,0.3707,0.381,0.5835,0.2827,100
1,0,2,12,0,3,1,1,0.0744,0.0752,0.737,0.3548,150
1,0,2,13,0,3,1,1,0.2676,0.2361,0.6506,0.4859,176
1,0,2,14,0,3,1,4,0.1273,0.1113,0.559,0.3056,72
1,0,2,15,0,3,1,2,0.2331,0.2261,0.601,0.1091,164
1,0,2,16,0,3,1,1,0.2403,0.2277,0.4047,0.0995,266
1,0,2,17,0,3,1,2,0.287,0.2473,0.3602,0.2475,223
1,0,2,18,0,3,1,2,0.2495,0.1865,0.7399,0.443,200
1,0,2,19,0,3,1,3,0.3309,0.2977,0.5032,0.2841,144
1,0,2,20,0,3,1,1,0.3164,0.2923,0.7666,0.0731,137
1,0,2,21,1,3,0,2,0.221,0.2192,0.5578,0.2709,42
1,0,2,22,0,3,1,1,0.3114,0.2835,0.6107,0.0721,89
1,0,2,23,0,3,1,2,0.2129,0.1947,0.6942,0.2314,47
1,0,2,0,0,4,1,2,0.203,0.1962,0.7075,0.2319,27
1,0,2,1,0,4,1,2,0.1527,0.192,0.5321,0.2072,12
1,0,2,2,0,4,1,3,0.3288,0.3074,0.6024,0.111,6
1,0,2,3,0,4,1,2,0.216,0.1587,0.5916,0.4493,8
1,0,2,4,0,4,1,1,0.0675,0.0436,0.6392,0.3783,16
1,0,2,5,0,4,1,1,0.2749,0.3154,0.617,0.3204,48
1,0,2,6,1,4,0,1,0.2066,0.2393,0.5062,0.4856,38
1,0,2,7,0,4,1,2,0.2161,0.2335,0.6118,0.5448,195
1,0,2,8,0,4,1,1,0.2206,0.2306,0.4182,0.1996,299
1,0,2,9,0,4,1,2,0.2134,0.2241,0.5942,0.1779,152
1,0,2,10,0,4,1,2,0.4279,0.3994,0.608,0.2355,121
1,0,2,11,0,4,1,3,0.3534,0.3617,0.4762,0.1857,123
1,0,2,12,0,4,1,1,0.2859,0.2988,0.56,0.2719,225
1,0,2,13,0,4,1,2,0.2539,0.2665,0.5322,0.5118,137
1,0,2,14,0,4,1,2,0.316,0.2822,0.5345,0.3924,114
1,0,2,15,0,4,1,3,0.254,0.2316,0.6847,0.4453,113
1,0,2,16,0,4,1,2,0.2941,0.2601,0.6493,0.3916,217
1,0,2,17,0,4,1,1,0.2761,0.2922,0.7092,0.1966,235
1,0,2,18,0,4,1,1,0.246,0.2428,0.8432,0.0553,291
1,0,2,19,0,4,1,3,0.3028,0.2994,0.7255,0.1938,144
1,0,2,20,0,4,1,2,0.2076,0.2145,0.4095,0.6167,115
1,0,2,21,0,4,1,2,0.2411,0.1867,0.5152,0.3556,101
1,0,2,22,0,4,1,2,0.1684,0.1865,0.7549,0.2976,86
1,0,2,23,0,4,1,2,0.1765,0.1515,0.5464,0.5304,49
1,0,2,0,0,5,0,2,0.0622,0.0456,0.5377,0.4782,17
1,0,2,1,0,5,0,3,0.2712,0.2326,0.6332,0.4264,7
1,0,2,2,0,5,0,3,0.2905,0.2783,0.5589,0.206,5
1,0,2,3,0,5,0,1,0.3152,0.2975,0.7982,0.5859,6
1,0,2,4,1,5,0,1,0.1621,0.1123,0.5737,0.0818,5
1,0,2,5,0,5,0,1,0.2701,0.2029,0.8825,0.0799,33
1,0,2,6,0,5,0,1,0.2392,0.2212,0.5259,0.5632,87
1,0,2,7,0,5,0,2,0.2909,0.3008,0.5142,0.359,164
1,0,2,8,0,5,0,2,0.1937,0.2055,0.4929,0.2888,195
1,0,2,9,0,5,0,1,0.2157,0.235,0.4987,0.1491,126
1,0,2,10,0,5,0,1,0.1305,0.1181,0.6799,0.1878,106
1,0,2,11,0,5,0,2,0.1891,0.169,0.4318,0.506,94
1,0,2,12,0,5,0,2,0.2395,0.2242,0.4726,0.5454,85
1,0,2,13,0,5,0,2,0.2515,0.263,0.6555,0.2693,94
1,0,2,14,0,5,0,1,0.1213,0.1636,0.3327,0.2364,76
1,0,2,15,0,5,0,1,0.2035,0.1795,0.4164,0.5064,106
1,0,2,16,0,5,0,2,0.2505,0.23,0.5869,0.3049,165
1,0,2,17,0,5,0,2,0.3378,0.3219,0.6421,0.4438,147
1,0,2,18,1,5,0,2,0.1801,0.1632,0.5528,0.2331,98
1,0,2,19,1,5,0,3,0.2736,0.2425,0.6454,0.0276,49
1,0,2,20,0,5,0,1,0.2,0.1862,0.4898,0.3718,102
1,0,2,21,0,5,0,1,0.2081,0.1739,0.7748,0.2737,66
1,0,2,22,0,5,0,1,0.1778,0.1907,0.7024,0.2718,51
1,0,2,23,0,5,0,1,0.1662,0.2021,0.4954,0.0601,46
1,0,2,0,0,6,0,1,0.2084,0.1894,0.5698,0.2478,20
1,0,2,1,0,6,0,1,0.315,0.3491,0.3567,0.4413,10
1,0,2,2,0,6,0,1,0.1888,0.1761,0.7039,0.2847,6
1,0,2,3,0,6,0,2,0.1779,0.148,0.4389,0.4096,4
1,0,2,4,0,6,0,1,0.2563,0.264,0.5277,0.2408,10
1,0,2,5,0,6,0,2,0.242,0.2022,0.5572,0.275,26
1,0,2,6,0,6,0,1,0.2368,0.2437,0.4272,0.1048,77
1,0,2,7,0,6,0,1,0.2594,0.254,0.4924,0.2767,111
1,0,2,8,0,6,0,1,0.1709,0.1503,0.6371,0.3542,223
1,0,2,9,1,6,0,1,0.1787,0.1545,0.5326,0.3354,63
1,0,2,10,0,6,0,1,0.3106,0.2689,0.697,0.3261,97
1,0,2,11,0,6,0,2,0.2314,0.2508,0.6814,0.2766,95
1,0,2,12,0,6,0,3,0.2834,0.2625,0.4905,0.3342,102
1,0,2,13,0,6,0,1,0.3273,0.3203,0.5379,0.2233,134
1,0,2,14,0,6,0,1,0.3008,0.2854,0.538,0.4848,88
1,0,2,15,0,6,0,1,0.1457,0.1321,0.5439,0.3139,113
1,0,2,16,0,6,0,2,0.2335,0.2316,0.7694,0.1805,95
1,0,2,17,0,6,0,1,0.3145,0.3141,0.6154,0.0872,183
1,0,2,18,0,6,0,1,0.2782,0.2684,0.3933,0.3108,151
1,0,2,19,0,6,0,3,0.2545,0.2361,0.5138,0.4213,89
1,0,2,20,0,6,0,3,0.1268,0.0879,0.5369,0.5452,66
1,0,2,21,0,6,0,2,0.1985,0.1704,0.6432,0.3449,67
1,0,2,22,0,6,0,1,0.2465,0.225,0.8086,0.1854,64
1,0,2,23,0,6,0,1,0.1418,0.1352,0.6869,0.7411,46
1,0,2,0,1,0,0,1,0.2996,0.2324,0.5794,0.1978,14
1,0,2,1,0,0,1,2,0.2358,0.2426,0.4896,0.0818,14
1,0,2,2,0,0,1,2,0.1054,0.1098,0.7622,0.1096,8
1,0,2,3,0,0,1,1,0.2044,0.1767,0.5561,0.1678,9
1,0,2,4,0,0,1,3,0.224,0.1853,0.4212,0.5851,10
1,0,2,5,0,0,1,1,0.2349,0.2026,0.6346,0.345,43
1,0,2,6,0,0,1,2,0.3434,0.2865,0.4434,0.3529,103
1,0,2,7,0,0,1,1,0.2845,0.2601,0.6708,0.3285,207
1,0,2,8,0,0,1,1,0.1484,0.1356,0.5444,0.4229,302
1,0,2,9,0,0,1,1,0.1398,0.1603,0.555,0.2564,158
1,0,2,10,0,0,1,2,0.2253,0.2283,0.2622,0.1319,120
1,0,2,11,0,0,1,1,0.2529,0.2776,0.721,0.2806,169
1,0,2,12,0,0,1,1,0.3135,0.3012,0.4502,0.0089,210
1,0,2,13,0,0,1,2,0.3651,0.3195,0.505,0.2033,135
1,0,2,14,0,0,1,2,0.3689,0.4027,0.6146,0.5169,91
1,0,2,15,0,0,1,2,0.2131,0.1928,0.5742,0.2597,130
1,0,2,16,0,0,1,2,0.3094,0.2476,0.8672,0.327,194
1,0,2,17,0,0,1,2,0.2738,0.2667,0.3847,0.2324,175
1,0,2,18,0,0,1,2,0.1677,0.1116,0.5457,0.2498,218
1,0,2,19,0,0,1,1,0.1119,0.1037,0.686,0.19,184
1,0,2,20,0,0,1,1,0.2541,0.2271,0.5385,0.4005,120
1,0,2,21,0,0,1,1,0.1394,0.1481,0.5913,0.5332,111
1,0,2,22,0,0,1,1,0.1844,0.2038,0.9018,0.0858,107
1,0,2,23,0,0,1,1,0.1961,0.1765,0.5996,0.1669,67
1,0,2,0,0,1,1,1,0.2618,0.2368,0.759,0.422,25
1,0,2,1,0,1,1,1,0.3361,0.3421,0.6689,0.2095,19
1,0,2,2,0,1,1,2,0.2474,0.212,0.6795,0.6341,7
1,0,2,3,0,1,1,2,0.2088,0.2003,0.5672,0.194,8
1,0,2,4,0,1,1,2,0.1017,0.1129,0.3955,0.2812,12
1,0,2,5,0,1,1,3,0.2786,0.2409,0.7215,0.3422,29
1,0,2,6,0,1,1,1,0.2485,0.227,0.6578,0.3015,81
1,0,2,7,1,1,0,1,0.208,0.2006,0.6552,0.204,117
1,0,2,8,0,1,1,1,0.3281,0.3516,0.573,0.6046,284
1,0,2,9,0,1,1,2,0.1631,0.1187,0.5132,0.3598,141
1,0,2,10,0,1,1,1,0.1985,0.1841,0.7497,0.3249,146
1,0,2,11,0,1,1,3,0.2293,0.2585,0.6302,0.4253,111
1,0,2,12,0,1,1,1,0.2071,0.2259,0.3715,0.0144,168
1,0,2,13,0,1,1,2,0.285,0.2625,0.5845,0.6066,126
1,0,2,14,0,1,1,2,0.279,0.2629,0.5545,0.206,106
1,0,2,15,0,1,1,1,0.3201,0.3178,0.2758,0.4425,146
1,0,2,16,0,1,1,2,0.2817,0.282,0.5012,0.6565,201
1,0,2,17,0,1,1,2,0.2384,0.2678,0.9025,0.5152,236
1,0,2,18,0,1,1,2,0.2227,0.2455,0.3078,0.4353,220
1,0,2,19,0,1,1,2,0.2784,0.223,0.4525,0.1973,187
1,0,2,20,0,1,1,1,0.2332,0.1737,0.299,0.4377,152
1,0,2,21,0,1,1,1,0.2498,0.221,0.401,0.3239,124
1,0,2,22,0,1,1,2,0.2822,0.2125,0.3704,0.393,78
1,0,2,23,0,1,1,1,0.2562,0.2828,0.4488,0.1007,61
1,0,2,0,0,2,1,1,0.2706,0.2122,0.7962,0.4567,28
1,0,2,1,0,2,1,1,0.1937,0.175,0.699,0.2366,13
1,0,2,2,0,2,1,2,0.3435,0.3002,0.5592,0.1432,7
1,0,2,3,0,2,1,1,0.1716,0.1154,0.7911,0.6696,8
1,0,2,4,0,2,1,4,0.2798,0.3012,0.5331,0.3077,8
1,0,2,5,0,2,1,1,0.215,0.187,0.4756,0.2507,40
1,0,2,6,0,2,1,1,0.3248,0.3658,0.5383,0.2833,100
1,0,2,7,0,2,1,1,0.3109,0.3375,0.4002,0.1002,232
1,0,2,8,0,2,1,1,0.2489,0.2363,0.3639,0.4214,321
1,0,2,9,0,2,1,1,0.3578,0.2771,0.6694,0.3461,172
1,0,2,10,0,2,1,2,0.2359,0.2139,0.6301,0.23,106
1,0,2,11,0,2,1,1,0.3107,0.3638,0.4358,0.2944,139
1,0,2,12,0,2,1,1,0.1982,0.2011,0.6463,0.0922,168
1,0,2,13,0,2,1,1,0.2774,0.2585,0.6511,0.2433,132
1,0,2,14,0,2,1,1,0.1837,0.1562,0.5177,0.3499,136
1,0,2,15,0,2,1,3,0.2504,0.2645,0.4759,0.4731,92
1,0,2,16,0,2,1,1,0.2454,0.2442,0.6853,0.464,182
1,0,2,17,0,2,1,2,0.3105,0.3035,0.644,0.0082,183
1,0,2,18,0,2,1,1,0.2021,0.226,0.7991,0.4153,219
1,0,2,19,0,2,1,1,0.4642,0.4734,0.6426,0.5071,145
1,0,2,20,0,2,1,2,0.1523,0.1578,0.3775,0.1896,100
1,0,2,21,0,2,1,1,0.2653,0.2045,0.4064,0.1053,131
1,0,2,22,0,2,1,3,0.2692,0.2262,0.5641,0.0982,63
1,0,2,23,0,2,1,2,0.2867,0.2539,0.6873,0.3383,45
1,0,2,0,0,3,1,1,0.2155,0.2036,0.6281,0.3194,32
1,0,2,1,0,3,1,3,0.2685,0.3001,0.5156,0.2248,10
1,0,2,2,0,3,1,1,0.2121,0.2631,0.3877,0.0649,8
1,0,2,3,0,3,1,3,0.3827,0.3753,0.7658,0.5185,6
1,0,2,4,0,3,1,3,0.2071,0.2133,0.7601,0.0713,11
1,0,2,5,0,3,1,1,0.2412,0.1838,0.4207,0.5197,37
1,0,2,6,0,3,1,1,0.2052,0.1822,0.6693,0.031,99
1,0,2,7,0,3,1,2,0.1956,0.1692,0.6202,0.633,170
1,0,2,8,0,3,1,1,0.1535,0.1268,0.6717,0.1405,352
1,0,2,9,0,3,1,2,0.2987,0.3011,0.7717,0.3185,137
1,0,2,10,0,3,1,1,0.2045,0.1808,0.7606,0.0899,128
1,0,2,11,0,3,1,1,0.1958,0.1292,0.6503,0.0985,149
1,0,2,12,0,3,1,2,0.1842,0.2003,0.5603,0.4064,139
1,0,2,13,0,3,1,2,0.2729,0.2954,0.5536,0.2397,144
1,0,2,14,0,3,1,2,0.2531,0.2491,0.5633,0.1191,133
1,0,2,15,0,3,1,2,0.2534,0.2357,0.9172,0.2275,123
1,0,2,16,0,3,1,1,0.1983,0.1614,0.595,0.3398,150
1,0,2,17,0,3,1,1,0.2821,0.2429,0.6831,0.4003,271
1,0,2,18,0,3,1,1,0.2052,0.2271,0.6395,0.419,161
1,0,2,19,0,3,1,1,0.2565,0.2212,0.4709,0.3683,178
1,0,2,20,0,3,1,1,0.2418,0.2901,0.6469,0.1832,147
1,0,2,21,0,3,1,2,0.1334,0.1552,0.5101,0.1913,82
1,0,2,22,0,3,1,1,0.3936,0.3841,0.476,0.0959,93
1,0,2,23,0,3,1,1,0.2918,0.3587,0.6609,0.3808,55
1,0,2,0,0,4,1,2,0.2669,0.2918,0.4371,0.2217,19
1,0,2,1,0,4,1,1,0.2779,0.2511,0.6942,0.0825,13
1,0,2,2,0,4,1,3,0.3979,0.3473,0.6573,0.3563,6
1,0,2,3,0,4,1,1,0.3338,0.3044,0.7407,0.32,10
1,0,2,4,0,4,1,1,0.2787,0.2617,0.6465,0.0796,14
1,0,2,5,0,4,1,3,0.2047,0.1717,0.4742,0.2827,29
1,0,2,6,0,4,1,2,0.2157,0.1712,0.7226,0.7646,67
1,0,2,7,0,4,1,2,0.128,0.1287,0.7288,0.0881,206
1,0,2,8,0,4,1,1,0.2285,0.2437,0.6961,0.108,293
1,0,2,9,0,4,1,1,0.3006,0.3413,0.6769,0.2615,184
1,0,2,10,0,4,1,2,0.2986,0.286,0.4115,0.0945,106
1,0,2,11,0,4,1,1,0.2974,0.3006,0.6916,0.3162,141
1,0,2,12,0,4,1,2,0.2182,0.1517,0.439,0.1493,155
1,0,2,13,0,4,1,1,0.2928,0.3039,0.5143,0.1009,161
1,0,2,14,0,4,1,1,0.3119,0.2661,0.4891,0.1952,137
1,0,2,15,0,4,1,1,0.0984,0.1026,0.4007,0.3756,163
1,0,2,16,0,4,1,2,0.2756,0.2605,0.6102,0.2583,193
1,0,2,17,0,4,1,1,0.3999,0.3727,0.5852,0.5291,249
1,0,2,18,0,4,1,3,0.2339,0.1776,0.7483,0.1613,197
1,0,2,19,0,4,1,1,0.0777,0.0511,0.7335,0.3989,185
1,0,2,20,0,4,1,2,0.1974,0.1589,0.6101,0.4822,138
1,0,2,21,0,4,1,1,0.1272,0.1031,0.6835,0.3355,121
1,0,2,22,0,4,1,2,0.2098,0.2348,0.5764,0.3188,56
1,0,2,23,0,4,1,2,0.1686,0.1496,0.5756,0.2714,40
1,0,2,0,0,5,0,2,0.3221,0.2858,0.6033,0.1462,21
1,0,2,1,0,5,0,1,0.3115,0.3154,0.5701,0.1024,11
1,0,2,2,0,5,0,2,0.281,0.2767,0.6137,0.3873,5
1,0,2,3,0,5,0,1,0.3428,0.3866,0.6678,0.3838,7
1,0,2,4,0,5,0,2,0.2174,0.2368,0.4419,0.2843,6
1,0,2,5,0,5,0,2,0.2621,0.1893,0.5393,0.386,22
1,0,2,6,0,5,0,1,0.4106,0.4142,0.6813,0.1047,76
1,0,2,7,0,5,0,2,0.2979,0.3036,0.5217,0.326,132
1,0,2,8,0,5,0,2,0.2978,0.3327,0.5242,0.2134,195
1,0,2,9,0,5,0,1,0.2032,0.1871,0.7101,0.2848,150
1,0,2,10,0,5,0,1,0.2278,0.2493,0.4994,0.2027,101
1,0,2,11,0,5,0,1,0.1868,0.1668,0.6402,0.1095,87
1,0,2,12,0,5,0,2,0.3746,0.3646,0.6062,0.208,138
1,0,2,13,0,5,0,2,0.1479,0.1088,0.6947,0.2352,94
1,0,2,14,0,5,0,1,0.321,0.2637,0.5803,0.181,86
1,0,2,15,0,5,0,1,0.2976,0.3088,0.4934,0.1866,89
1,0,2,16,0,5,0,1,0.1447,0.1376,0.51,0.6842,138
1,0,2,17,0,5,0,1,0.3369,0.2817,0.7869,0.2225,157
1,0,2,18,0,5,0,1,0.2389,0.2513,0.5242,0.4534,150
1,0,2,19,0,5,0,1,0.1645,0.0742,0.5164,0.1949,110
1,0,2,20,0,5,0,1,0.2825,0.2441,0.5328,0.017,102
1,0,2,21,0,5,0,2,0.1994,0.1396,0.5558,0.1082,68
1,0,2,22,0,5,0,2,0.2426,0.2665,0.5393,0.4007,43
1,0,2,23,0,5,0,1,0.2216,0.1975,0.656,0.1301,40
1,0,2,0,0,6,0,2,0.1982,0.1906,0.5998,0.5655,17
1,0,2,1,0,6,0,1,0.1765,0.1768,0.5167,0.3931,10
1,0,2,2,0,6,0,1,0.3155,0.324,0.6743,0.1256,8
1,0,2,3,0,6,0,3,0.2825,0.2892,0.6214,0.2296,4
1,0,2,4,0,6,0,2,0.278,0.2881,0.7468,0.1709,9
1,0,2,5,0,6,0,1,0.2342,0.2146,0.6255,0.4466,33
1,0,2,6,0,6,0,1,0.2633,0.2757,0.5722,0.2041,64
1,0,2,7,0,6,0,2,0.2082,0.1781,0.5631,0.0365,155
1,0,2,8,0,6,0,1,0.207,0.1846,0.605,0.124,181
1,0,2,9,0,6,0,3,0.3794,0.3144,0.6316,0.1732,80
1,0,2,10,0,6,0,1,0.3216,0.3559,0.5873,0.4268,91
1,0,2,11,0,6,0,1,0.2204,0.1796,0.5347,0.2064,102
1,0,2,12,0,6,0,2,0.155,0.1896,0.6628,0.4568,100
1,0,2,13,1,6,0,2,0.1406,0.1497,0.6395,0.1258,44
1,0,2,14,0,6,0,1,0.2153,0.2105,0.5898,0.2133,110
1,0,2,15,0,6,0,3,0.2673,0.2649,0.6678,0.3519,83
1,0,2,16,0,6,0,3,0.268,0.2227,0.5784,0.3782,108
1,0,2,17,0,6,0,1,0.2701,0.3048,0.589,0.2818,178
1,0,2,18,0,6,0,1,0.2831,0.2581,0.6634,0.3338,132
1,0,2,19,0,6,0,1,0.187,0.2081,0.6837,0.3938,133
1,0,2,20,0,6,0,2,0.3653,0.3307,0.666,0.4929,86
1,0,2,21,0,6,0,2,0.2459,0.1907,0.4958,0.1987,54
1,0,2,22,0,6,0,1,0.2804,0.3258,0.6327,0.4968,48
1,0,2,23,0,6,0,3,0.2138,0.185,0.5928,0.3792,27
1,0,2,0,0,0,1,1,0.2843,0.284,0.6339,0.5331,28
1,0,2,1,0,0,1,2,0.4079,0.2967,0.8057,0.5047,12
1,0,2,2,0,0,1,2,0.1933,0.1815,0.5617,0.3382,5
1,0,2,3,0,0,1,1,0.1845,0.1934,0.5896,0.17,9
1,0,2,4,0,0,1,1,0.202,0.1962,0.5194,0.1751,14
1,0,2,5,0,0,1,1,0.2392,0.2243,0.5639,0.1977,36
1,0,2,6,0,0,1,3,0.226,0.2084,0.5056,0.1651,72
1,0,2,7,0,0,1,1,0.1897,0.2063,0.4582,0.4196,205
1,0,2,8,0,0,1,2,0.2591,0.2073,0.3522,0.1635,187
1,0,2,9,0,0,1,2,0.3718,0.3461,0.5035,0.237,150
1,0,2,10,0,0,1,1,0.2521,0.2825,0.5117,0.4014,140
1,0,2,11,0,0,1,3,0.2558,0.1985,0.5799,0.214,128
1,0,2,12,0,0,1,1,0.2865,0.269,0.5222,0.2579,207
1,0,2,13,0,0,1,2,0.3079,0.2594,0.7108,0.0421,137
1,0,2,14,0,0,1,1,0.3587,0.3498,0.6141,0.4113,117
1,0,2,15,0,0,1,1,0.2793,0.2664,0.676,0.4991,129
1,0,2,16,0,0,1,1,0.2624,0.2209,0.7049,0.2267,160
1,0,2,17,0,0,1,1,0.1931,0.1842,0.7534,0.3975,269
1,0,2,18,0,0,1,2,0.3143,0.3006,0.7037,0.1397,219
1,0,2,19,0,0,1,1,0.2034,0.175,0.4809,0.2019,179
1,0,2,20,0,0,1,1,0.2013,0.1787,0.69,0.1624,168
1,0,2,21,0,0,1,1,0.2761,0.2428,0.6254,0.2352,131
1,0,2,22,0,0,1,2,0.3705,0.2835,0.7485,0.2472,80
1,0,2,23,0,0,1,2,0.3134,0.3255,0.59,0.2663,45
1,0,2,0,0,1,1,2,0.2628,0.2855,0.7236,0.3636,29
1,0,2,1,0,1,1,3,0.1967,0.1344,0.5983,0.2278,12
1,0,2,2,0,1,1,1,0.372,0.3896,0.603,0.1841,7
1,0,2,3,0,1,1,1,0.2615,0.2604,0.6662,0.0666,9
1,0,2,4,0,1,1,2,0.2451,0.1998,0.5485,0.1327,14
1,0,2,5,0,1,1,1,0.3043,0.2828,0.6526,0.0251,40
1,0,2,6,0,1,1,2,0.2341,0.2012,0.4041,0.2475,94
1,0,2,7,0,1,1,2,0.2127,0.2298,0.6443,0.0982,232
1,0,2,8,0,1,1,1,0.2194,0.1809,0.4337,0.3136,261
1,0,2,9,0,1,1,3,0.2192,0.272,0.6528,0.3108,115
1,0,2,10,0,1,1,1,0.1865,0.2119,0.2118,0.2143,140
1,0,2,11,0,1,1,2,0.1787,0.133,0.3685,0.2065,163
1,0,2,12,1,1,0,1,0.3335,0.3659,0.5926,0.0669,88
1,0,2,13,0,1,1,2,0.3122,0.3185,0.5947,0.2258,128
1,0,2,14,0,1,1,1,0.2078,0.1929,0.556,0.1352,126
1,0,2,15,0,1,1,3,0.3276,0.3315,0.673,0.2294,118
1,0,2,16,0,1,1,3,0.2871,0.3005,0.6982,0.5765,144
1,0,2,17,0,1,1,2,0.2428,0.2079,0.89,0.2423,235
1,0,2,18,0,1,1,2,0.1796,0.1957,0.5916,0.1951,179
1,0,2,19,0,1,1,2,0.2893,0.2619,0.7104,0.2078,167
1,0,2,20,0,1,1,2,0.396,0.4006,0.4868,0.2036,134
1,0,2,21,0,1,1,2,0.2664,0.249,0.5206,0.4461,88
1,0,2,22,0,1,1,2,0.3353,0.2883,0.4878,0.5794,74
1,0,2,23,0,1,1,3,0.2506,0.257,0.5731,0.1733,46
1,0,2,0,0,2,1,2,0.3329,0.3049,0.6124,0.3688,26
1,0,2,1,0,2,1,1,0.2578,0.2496,0.7107,0.5726,16
1,0,2,2,0,2,1,3,0.1,0.1072,0.6271,0.1876,5
1,0,2,3,0,2,1,1,0.2178,0.251,0.7461,0.1336,9
1,0,2,4,0,2,1,1,0.2776,0.2507,0.748,0.1558,18
1,0,2,5,0,2,1,4,0.3441,0.3015,0.5905,0.1732,29
1,0,2,6,0,2,1,1,0.2576,0.2941,0.5731,0.1354,77
1,0,2,7,0,2,1,1,0.2704,0.257,0.4027,0.36,214
1,0,2,8,0,2,1,2,0.2272,0.1995,0.5205,0.1102,261
1,0,2,9,0,2,1,2,0.3776,0.3696,0.4885,0.1215,112
1,0,2,10,0,2,1,1,0.3734,0.3444,0.4938,0.2966,136
1,0,2,11,0,2,1,2,0.221,0.2019,0.5348,0.1619,110
1,0,2,12,1,2,0,1,0.1622,0.2313,0.6488,0.0765,78
1,0,2,13,0,2,1,1,0.1418,0.1051,0.6204,0.1997,148
1,0,2,14,0,2,1,1,0.3106,0.2519,0.7043,0.2638,122
1,0,2,15,0,2,1,1,0.2778,0.3007,0.6318,0.4554,147
1,0,2,16,0,2,1,3,0.2136,0.1916,0.5147,0.542,107
1,0,2,17,0,2,1,2,0.2874,0.2826,0.6765,0.5119,235
1,0,2,18,0,2,1,2,0.1822,0.1923,0.4211,0.3174,211
1,0,2,19,0,2,1,3,0.324,0.2553,0.7029,0.1872,141
1,0,2,20,0,2,1,3,0.2416,0.2637,0.4938,0.305,114
1,0,2,21,0,2,1,2,0.1926,0.1662,0.3102,0.0651,114
1,0,2,22,0,2,1,1,0.2427,0.2875,0.651,0.1489,89
1,0,2,23,0,2,1,2,0.2402,0.2043,0.5486,0.5121,49
1,0,2,0,0,3,1,2,0.2969,0.329,0.726,0.235,28
1,0,2,1,0,3,1,1,0.353,0.3877,0.7006,0.122,13
1,0,2,2,0,3,1,1,0.3493,0.3172,0.4667,0.3337,9
1,0,2,3,0,3,1,1,0.2825,0.2627,0.7678,0.2208,8
1,0,2,4,0,3,1,1,0.2582,0.2359,0.3589,0.0455,13
1,0,2,5,0,3,1,2,0.2315,0.2655,0.6408,0.3081,34
1,0,2,6,0,3,1,2,0.1476,0.1456,0.756,0.2643,85
1,0,2,7,0,3,1,1,0.27,0.2725,0.4632,0.0602,254
1,0,2,8,0,3,1,1,0.2118,0.1969,0.8385,0.2588,257
1,0,2,9,0,3,1,3,0.3566,0.3529,0.6045,0.3066,141
1,0,2,10,0,3,1,1,0.2573,0.2605,0.6298,0.1511,136
1,0,2,11,0,3,1,1,0.3236,0.2895,0.726,0.2857,154
1,0,2,12,0,3,1,2,0.2376,0.2789,0.6352,0.1246,156
1,0,2,13,0,3,1,2,0.224,0.2067,0.426,0.2289,129
1,0,2,14,0,3,1,2,0.3137,0.3289,0.199,0.6002,90
1,0,2,15,0,3,1,2,0.2908,0.2384,0.4679,0.1044,121
1,0,2,16,0,3,1,1,0.2939,0.2997,0.4785,0.309,208
1,0,2,17,0,3,1,3,0.2648,0.2835,0.4712,0.2312,188
1,0,2,18,0,3,1,2,0.3266,0.3182,0.5091,0.1076,235
1,0,2,19,0,3,1,2,0.3165,0.3329,0.2433,0.0423,211
1,0,2,20,1,3,0,1,0.119,0.0918,0.442,0.11,65
1,0,2,21,0,3,1,2,0.2533,0.2548,0.6506,0.0401,90
1,0,2,22,0,3,1,1,0.3424,0.2796,0.7101,0.3841,81
1,0,2,23,0,3,1,1,0.2,0.1944,0.4976,0.2523,71
1,0,2,0,0,4,1,2,0.1559,0.1243,0.6673,0.0396,32
1,0,2,1,0,4,1,2,0.2647,0.2494,0.2737,0.178,13
1,0,2,2,0,4,1,1,0.3108,0.3367,0.6168,0.2268,11
1,0,2,3,0,4,1,3,0.2421,0.2822,0.7266,0.5805,6
1,0,2,4,0,4,1,1,0.3649,0.3082,0.6463,0.1426,16
1,0,2,5,0,4,1,2,0.4034,0.4206,0.5812,0.2236,39
1,0,2,6,0,4,1,1,0.1396,0.1746,0.2784,0.6356,105
1,0,2,7,0,4,1,1,0.2475,0.2449,0.8113,0.2263,263
1,0,2,8,0,4,1,3,0.1146,0.1496,0.8173,0.255,172
1,0,2,9,0,4,1,1,0.3206,0.2922,0.6685,0.2805,158
1,0,2,10,0,4,1,3,0.2268,0.2,0.7442,0.5519,87
1,0,2,11,0,4,1,1,0.2411,0.2137,0.5847,0.3524,150
1,0,2,12,0,4,1,2,0.3547,0.3584,0.6758,0.3305,136
1,0,2,13,0,4,1,1,0.1814,0.1694,0.6851,0.6316,116
1,0,2,14,0,4,1,2,0.1638,0.1341,0.5768,0.3103,102
1,0,2,15,0,4,1,3,0.1149,0.0892,0.4852,0.276,100
1,0,2,16,0,4,1,2,0.3633,0.3452,0.6894,0.1436,212
1,0,2,17,0,4,1,1,0.347,0.3042,0.8099,0.0912,323
1,0,2,18,0,4,1,2,0.2538,0.2612,0.7335,0.2208,207
1,0,2,19,0,4,1,2,0.1851,0.2117,0.6253,0.0781,178
1,0,2,20,0,4,1,1,0.3328,0.3453,0.6161,0.2114,139
1,0,2,21,0,4,1,2,0.4672,0.5312,0.623,0.3617,121
1,0,2,22,0,4,1,2,0.2579,0.2573,0.3102,0.1955,79
1,0,2,23,0,4,1,2,0.1902,0.2315,0.5716,0.0408,57
1,0,2,0,0,5,0,1,0.3644,0.3517,0.5579,0.0806,22
1,0,2,1,0,5,0,1,0.1982,0.1799,0.4389,0.3439,11
1,0,2,2,0,5,0,3,0.2518,0.2428,0.7103,0.1056,5
1,0,2,3,0,5,0,2,0.0927,0.0931,0.6176,0.4899,4
1,0,2,4,0,5,0,2,0.2562,0.2397,0.2698,0.3289,9
1,0,2,5,0,5,0,3,0.188,0.1461,0.612,0.1824,22
1,0,2,6,0,5,0,1,0.3656,0.3179,0.737,0.1959,62
1,0,2,7,0,5,0,1,0.2091,0.2327,0.5123,0.2005,162
1,0,2,8,0,5,0,2,0.332,0.3405,0.4608,0.2298,158
1,0,2,9,0,5,0,2,0.2701,0.31,0.4291,0.2565,115
1,0,2,10,0,5,0,3,0.2862,0.2601,0.5958,0.171,60
1,0,2,11,0,5,0,2,0.314,0.2837,0.4967,0.1297,109
1,0,2,12,0,5,0,1,0.2737,0.2256,0.4074,0.321,122
1,0,2,13,0,5,0,1,0.2321,0.2522,0.7782,0.1843,100
1,0,2,14,0,5,0,1,0.2206,0.1828,0.6083,0.277,80
1,0,2,15,0,5,0,3,0.3131,0.2965,0.5209,0.3117,92
1,0,2,16,0,5,0,1,0.1443,0.1465,0.7847,0.4807,149
1,0,2,17,0,5,0,2,0.3949,0.3283,0.6167,0.6381,147
1,0,2,18,0,5,0,1,0.2867,0.2957,0.5676,0.3518,196
1,0,2,19,0,5,0,1,0.2538,0.2714,0.61,0.3821,160
1,0,2,20,0,5,0,1,0.2961,0.2896,0.5204,0.4608,90
1,0,2,21,0,5,0,2,0.2359,0.2215,0.5671,0.3198,79
1,0,2,22,0,5,0,1,0.265,0.2508,0.6539,0.3158,59
1,0,2,23,0,5,0,3,0.1982,0.2303,0.7856,0.1219,30
1,0,2,0,0,6,0,3,0.3069,0.2931,0.5173,0.333,13
1,0,2,1,0,6,0,1,0.2751,0.2607,0.6586,0.2658,11
1,0,2,2,0,6,0,3,0.2937,0.2584,0.4062,0.0699,5
1,0,2,3,0,6,0,1,0.3844,0.2812,0.6439,0.6389,6
1,0,2,4,0,6,0,1,0.2243,0.246,0.7997,0.3869,9
1,0,2,5,1,6,0,1,0.2716,0.2579,0.5861,0.2573,22
1,0,2,6,0,6,0,2,0.165,0.1305,0.5139,0.4903,72
1,0,2,7,0,6,0,2,0.3191,0.3665,0.5194,0.229,152
1,0,2,8,0,6,0,1,0.2794,0.2786,0.6413,0.1044,239
1,0,2,9,0,6,0,2,0.2818,0.2615,0.5904,0.0859,88
1,0,2,10,0,6,0,2,0.2696,0.2866,0.5347,0.3043,70
1,0,2,11,0,6,0,2,0.2401,0.2392,0.6616,0.2036,114
1,0,2,12,0,6,0,2,0.4553,0.443,0.4779,0.4107,127
1,0,2,13,0,6,0,2,0.2833,0.2508,0.687,0.217,99
1,0,2,14,0,6,0,2,0.3014,0.3072,0.5454,0.4859,71
1,0,2,15,0,6,0,1,0.2008,0.219,0.6623,0.0653,118
1,0,2,16,0,6,0,2,0.3426,0.3073,0.684,0.2615,139
1,0,2,17,0,6,0,1,0.272,0.2015,0.3501,0.3095,217
1,0,2,18,0,6,0,2,0.3118,0.3247,0.5747,0.0875,150
1,0,2,19,0,6,0,2,0.3438,0.3454,0.3997,0.4063,90
1,0,2,20,0,6,0,1,0.2733,0.2849,0.3755,0.3018,105
1,0,2,21,0,6,0,1,0.2332,0.2229,0.5551,0.3006,67
1,0,2,22,0,6,0,2,0.1177,0.1407,0.6201,0.1995,62
1,0,2,23,0,6,0,2,0.2535,0.2212,0.3978,0.1045,39
1,0,2,0,0,0,1,2,0.236,0.2186,0.6152,0.3042,29
1,0,2,1,0,0,1,2,0.2038,0.1622,0.4777,0.2475,14
1,0,2,2,0,0,1,1,0.3855,0.401,0.5908,0.1133,10
1,0,2,3,0,0,1,1,0.3526,0.3335,0.8862,0.2501,8
1,0,2,4,0,0,1,2,0.1557,0.1549,0.5446,0.4475,11
1,0,2,5,0,0,1,1,0.2945,0.2928,0.446,0.2686,40
1,0,2,6,0,0,1,2,0.2266,0.2081,0.5805,0.1446,84
1,0,2,7,0,0,1,1,0.3095,0.3187,0.5598,0.3072,232
1,0,2,8,0,0,1,1,0.2278,0.2662,0.5412,0.2979,263
1,0,2,9,0,0,1,2,0.2461,0.2631,0.5868,0.4098,123
1,0,2,10,0,0,1,2,0.3512,0.2819,0.5605,0.0769,92
1,0,2,11,0,0,1,2,0.3411,0.3274,0.4341,0.3108,118
1,0,2,12,0,0,1,1,0.3894,0.3746,0.6816,0.0944,210
1,0,2,13,0,0,1,2,0.2686,0.2924,0.7403,0.3481,134
1,0,2,14,0,0,1,2,0.1819,0.1563,0.538,0.166,120
1,0,2,15,0,0,1,2,0.3483,0.2997,0.6247,0.203,133
1,0,2,16,0,0,1,2,0.3487,0.3563,0.3372,0.1573,182
1,0,2,17,0,0,1,1,0.3278,0.3108,0.5805,0.2251,294
1,0,2,18,0,0,1,2,0.2317,0.2014,0.8135,0.4191,208
1,0,2,19,0,0,1,2,0.2088,0.1906,0.6787,0.4042,160
1,0,2,20,0,0,1,2,0.3213,0.2629,0.6011,0.2384,123
1,0,2,21,0,0,1,2,0.2218,0.2158,0.5773,0.1496,106
1,0,2,22,0,0,1,1,0.2622,0.24,0.5468,0.4992,69
1,0,2,23,0,0,1,3,0.4872,0.4789,0.633,0.3229,42
1,0,2,0,0,1,1,1,0.4361,0.4081,0.7055,0.3254,27
1,0,2,1,0,1,1,1,0.3425,0.3265,0.5219,0.3025,15
1,0,2,2,0,1,1,2,0.2407,0.215,0.6722,0.1804,7
1,0,2,3,0,1,1,1,0.2365,0.217,0.4851,0.1681,7
1,0,2,4,1,1,0,4,0.3371,0.2864,0.5296,0.4358,3
1,0,2,5,0,1,1,1,0.3918,0.4032,0.4487,0.4459,46
1,0,2,6,0,1,1,1,0.2512,0.2374,0.6013,0.3909,95
1,0,2,7,0,1,1,1,0.255,0.1826,0.5921,0.4166,225
1,0,2,8,0,1,1,1,0.2932,0.2309,0.6297,0.2523,299
1,0,2,9,0,1,1,1,0.1898,0.2114,0.6191,0.0593,157
1,0,2,10,0,1,1,1,0.1919,0.181,0.6689,0.0977,105
1,0,2,11,0,1,1,1,0.2047,0.1939,0.8323,0.2302,159
1,0,2,12,0,1,1,1,0.3252,0.3089,0.67,0.1632,183
1,0,2,13,0,1,1,1,0.3061,0.3054,0.3453,0.3932,166
1,0,2,14,0,1,1,1,0.3666,0.3942,0.5523,0.1486,129
1,0,2,15,0,1,1,1,0.1654,0.1705,0.5779,0.4437,100
1,0,2,16,0,1,1,1,0.1808,0.181,0.3919,0.425,228
1,0,2,17,0,1,1,1,0.3189,0.2858,0.6817,0.0602,311
1,0,2,18,0,1,1,1,0.226,0.1684,0.7967,0.4554,214
1,0,2,19,0,1,1,1,0.2311,0.2337,0.4781,0.204,188
1,0,2,20,1,1,0,1,0.3579,0.3567,0.7337,0.1869,57
1,0,2,21,0,1,1,3,0.2483,0.2689,0.7109,0.3847,78
1,0,2,22,0,1,1,1,0.2565,0.295,0.615,0.1132,96
1,0,2,23,0,1,1,1,0.2695,0.2212,0.6818,0.1657,59
1,0,2,0,0,2,1,2,0.2771,0.2448,0.4898,0.1294,27
1,0,2,1,0,2,1,2,0.3383,0.3414,0.7196,0.3892,10
1,0,2,2,0,2,1,1,0.2056,0.1954,0.7335,0.2702,7
1,0,2,3,0,2,1,2,0.2771,0.3066,0.6388,0.3569,8
1,0,2,4,0,2,1,2,0.3717,0.3473,0.6182,0.2811,12
1,0,2,5,0,2,1,3,0.4396,0.4777,0.4863,0.2854,30
1,0,2,6,0,2,1,3,0.1953,0.1873,0.6951,0.1661,87
1,0,2,7,0,2,1,2,0.3135,0.3466,0.5832,0.4496,224
1,0,2,8,0,2,1,2,0.277,0.1909,0.5652,0.4946,243
1,0,2,9,0,2,1,1,0.2834,0.2838,0.6948,0.3158,160
1,0,2,10,0,2,1,3,0.235,0.224,0.5469,0.1777,93
1,0,2,11,0,2,1,2,0.3432,0.2632,0.4969,0.2927,123
1,0,2,12,0,2,1,1,0.3396,0.3222,0.7121,0.33,189
1,0,2,13,0,2,1,1,0.4669,0.4064,0.4004,0.4681,161
1,0,2,14,0,2,1,2,0.1978,0.1724,0.6689,0.4954,123
1,0,2,15,0,2,1,2,0.168,0.1687,0.4338,0.0893,136
1,0,2,16,0,2,1,2,0.4341,0.4087,0.3643,0.1811,194
1,0,2,17,0,2,1,1,0.2867,0.283,0.6604,0.0942,288
1,0,2,18,0,2,1,2,0.2583,0.2501,0.6205,0.212,235
1,0,2,19,0,2,1,1,0.3035,0.3589,0.5057,0.659,136
1,0,2,20,0,2,1,2,0.1927,0.1908,0.4428,0.1363,146
1,0,2,21,0,2,1,1,0.3166,0.3042,0.6221,0.3313,123
1,0,2,22,0,2,1,1,0.2847,0.2831,0.5254,0.3181,77
1,0,2,23,0,2,1,1,0.3655,0.3464,0.6764,0.1206,53
1,0,2,0,0,3,1,1,0.3536,0.2884,0.5119,0.1241,25
1,0,2,1,0,3,1,1,0.3595,0.3623,0.53,0.2687,16
1,0,2,2,0,3,1,2,0.307,0.3304,0.7141,0.5324,8
1,0,2,3,0,3,1,1,0.406,0.4323,0.4577,0.3071,9
1,0,2,4,0,3,1,2,0.334,0.338,0.4063,0.2502,14
1,0,2,5,0,3,1,2,0.2563,0.2354,0.4688,0.266,40
1,0,2,6,0,3,1,1,0.237,0.233,0.61,0.0826,88
1,0,2,7,0,3,1,3,0.2449,0.2862,0.8103,0.4731,132
1,0,2,8,0,3,1,2,0.3349,0.3114,0.5993,0.1848,259
1,0,2,9,0,3,1,2,0.2004,0.1546,0.4764,0.3476,118
1,0,2,10,0,3,1,2,0.3045,0.3556,0.4815,0.4317,94
1,0,2,11,0,3,1,2,0.2353,0.193,0.6302,0.1634,162
1,0,2,12,0,3,1,4,0.2059,0.1485,0.373,0.1531,115
1,0,2,13,0,3,1,1,0.2172,0.2159,0.3552,0.1158,109
1,0,2,14,0,3,1,1,0.292,0.2896,0.6045,0.6889,102
1,0,2,15,0,3,1,2,0.3471,0.3435,0.6872,0.3452,127
1,0,2,16,0,3,1,1,0.2463,0.2604,0.6902,0.1421,187
1,0,2,17,0,3,1,2,0.1483,0.1361,0.6225,0.4202,245
1,0,2,18,0,3,1,1,0.5145,0.4843,0.7246,0.067,209
1,0,2,19,0,3,1,1,0.3719,0.3361,0.5583,0.345,187
1,0,2,20,0,3,1,3,0.3589,0.3451,0.5355,0.0969,104
1,0,2,21,0,3,1,1,0.4076,0.4035,0.5748,0.1916,140
1,0,2,22,0,3,1,1,0.3001,0.3123,0.6164,0.1207,80
1,0,2,23,0,3,1,2,0.2842,0.2431,1.0,0.0378,41
1,0,2,0,0,4,1,2,0.3919,0.335,0.5568,0.0946,26
1,0,2,1,0,4,1,2,0.3915,0.3984,0.602,0.3144,11
1,0,2,2,0,4,1,1,0.3401,0.3072,0.7889,0.8091,8
1,0,2,3,0,4,1,3,0.3588,0.3113,0.647,0.2422,5
1,0,2,4,0,4,1,2,0.2103,0.1443,0.3789,0.3649,13
1,0,2,5,0,4,1,2,0.279,0.3073,0.7867,0.1575,39
1,0,2,6,0,4,1,1,0.4163,0.4038,0.6193,0.2146,107
1,0,2,7,0,4,1,1,0.3533,0.352,0.2399,0.0798,177
1,0,2,8,0,4,1,2,0.1947,0.1981,0.5316,0.5617,254
1,0,2,9,0,4,1,2,0.2599,0.2532,0.494,0.0925,156
1,0,2,10,0,4,1,1,0.4049,0.384,0.5235,0.1924,144
1,0,2,11,0,4,1,2,0.3289,0.3103,0.5762,0.6203,118
1,0,2,12,0,4,1,2,0.3098,0.265,0.6672,0.3015,152
1,0,2,13,0,4,1,1,0.3119,0.2433,0.7325,0.6455,138
1,0,2,14,0,4,1,2,0.2912,0.344,0.7369,0.1396,111
1,0,2,15,0,4,1,1,0.2603,0.2485,0.7728,0.2841,139
1,0,2,16,0,4,1,3,0.2387,0.2136,0.5564,0.4949,136
1,0,2,17,0,4,1,2,0.3678,0.3253,0.3297,0.2521,239
1,0,2,18,0,4,1,2,0.3137,0.3295,0.2801,0.1881,192
1,0,2,19,0,4,1,3,0.3465,0.3335,0.6733,0.1644,137
1,0,2,20,0,4,1,2,0.3353,0.2926,0.5732,0.2343,168
1,0,2,21,0,4,1,1,0.3956,0.3667,0.7601,0.3218,115
1,0,2,22,0,4,1,2,0.3289,0.3217,0.6361,0.0793,87
1,0,2,23,0,4,1,3,0.3547,0.3253,0.3699,0.1009,54
1,0,2,0,0,5,0,1,0.3122,0.321,0.5074,0.4612,23
1,0,2,1,0,5,0,2,0.2341,0.2861,0.6313,0.3409,10
1,0,2,2,0,5,0,1,0.2847,0.2578,0.4463,0.3501,6
1,0,2,3,0,5,0,2,0.3417,0.3161,0.7605,0.0688,5
1,0,2,4,0,5,0,2,0.3479,0.3056,0.5271,0.6767,9
1,0,2,5,0,5,0,3,0.402,0.3773,0.5413,0.0847,20
1,0,2,6,0,5,0,2,0.2683,0.196,0.3874,0.4114,75
1,0,2,7,0,5,0,1,0.3163,0.3334,0.8245,0.1813,181
1,0,2,8,0,5,0,2,0.2914,0.2368,0.5565,0.4506,131
1,0,2,9,0,5,0,3,0.4142,0.3693,0.6148,0.5869,81
1,0,2,10,0,5,0,1,0.3268,0.313,0.4872,0.2899,98
1,0,2,11,0,5,0,1,0.3281,0.3531,0.5326,0.6508,94
1,0,2,12,0,5,0,2,0.298,0.2574,0.6168,0.4114,115
1,0,2,13,0,5,0,2,0.2847,0.2649,0.632,0.1757,88
1,0,2,14,0,5,0,1,0.199,0.1979,0.6491,0.2362,98
1,0,2,15,0,5,0,1,0.2122,0.1814,0.7013,0.3381,96
1,0,2,16,0,5,0,1,0.313,0.2937,0.6631,0.4703,159
1,0,2,17,1,5,0,2,0.3042,0.2413,0.6454,0.5502,91
1,0,2,18,0,5,0,2,0.3134,0.2819,0.501,0.2416,140
1,0,2,19,0,5,0,2,0.3664,0.3849,0.5529,0.2216,90
1,0,2,20,0,5,0,2,0.307,0.3161,0.4326,0.4024,84
1,0,2,21,1,5,0,1,0.2761,0.249,0.52,0.1719,45
1,0,2,22,0,5,0,2,0.2858,0.2411,0.6312,0.2811,47
1,0,2,23,0,5,0,1,0.3175,0.2953,0.6281,0.2789,34
1,0,2,0,0,6,0,1,0.2773,0.2195,0.6589,0.3915,20
1,0,2,1,0,6,0,2,0.3784,0.3536,0.756,0.674,8
1,0,2,2,1,6,0,2,0.3031,0.2757,0.4218,0.2378,3
1,0,2,3,0,6,0,3,0.3215,0.2921,0.3554,0.671,4
1,0,2,4,0,6,0,1,0.2468,0.2302,0.5479,0.0905,10
1,0,2,5,0,6,0,1,0.3785,0.3756,0.7564,0.1362,31
1,0,2,6,0,6,0,1,0.4047,0.3533,0.7525,0.1851,78
1,0,2,7,0,6,0,2,0.2085,0.2268,0.6033,0.0465,133
1,0,2,8,0,6,0,1,0.332,0.3491,0.5452,0.213,178
1,0,2,9,0,6,0,3,0.2964,0.3475,0.6108,0.2802,85
1,0,2,10,0,6,0,2,0.3238,0.3165,0.7139,0.1994,69
1,0,2,11,0,6,0,2,0.3356,0.363,0.4859,0.4629,82
1,0,2,12,0,6,0,1,0.1475,0.1694,0.5109,0.1116,158
1,0,2,13,0,6,0,1,0.3571,0.3449,0.5909,0.4011,95
1,0,2,14,0,6,0,2,0.3818,0.3262,0.7137,0.2023,78
1,0,2,15,0,6,0,2,0.3897,0.397,0.6797,0.6303,89
1,0,2,16,0,6,0,3,0.2378,0.2331,0.343,0.515,93
1,0,2,17,0,6,0,2,0.3018,0.3403,0.6799,0.243,173
1,0,2,18,0,6,0,1,0.2662,0.2751,0.5777,0.2757,156
1,0,2,19,0,6,0,1,0.1699,0.193,0.6558,0.5907,121
1,0,2,20,0,6,0,1,0.2605,0.2301,0.5536,0.2815,95
1,0,2,21,0,6,0,3,0.228,0.224,0.6393,0.3716,64
1,0,2,22,0,6,0,2,0.3273,0.2533,0.585,0.3345,57
1,0,2,23,0,6,0,2,0.1897,0.1969,0.5141,0.248,32
1,0,2,0,0,0,1,2,0.2389,0.2635,0.4879,0.0976,26
1,0,2,1,0,0,1,1,0.2711,0.2993,0.556,0.0824,14
1,0,2,2,0,0,1,2,0.3614,0.3326,0.4236,0.5959,6
1,0,2,3,0,0,1,2,0.5019,0.4224,0.5258,0.2078,8
1,0,2,4,0,0,1,1,0.3287,0.2961,0.5403,0.2784,16
1,0,2,5,0,0,1,2,0.2352,0.2211,0.7033,0.6127,31
1,0,2,6,0,0,1,2,0.2599,0.2592,0.6585,0.477,88
1,0,2,7,0,0,1,3,0.3535,0.2749,0.8205,0.3026,135
1,0,2,8,0,0,1,1,0.2132,0.1994,0.3776,0.2598,320
1,0,2,9,0,0,1,3,0.3842,0.3339,0.5481,0.3476,131
1,0,2,10,0,0,1,3,0.3266,0.3536,0.7269,0.198,89
1,0,2,11,1,0,0,3,0.2987,0.2137,0.6119,0.2686,46
1,0,2,12,0,0,1,1,0.1895,0.2104,0.5528,0.3819,184
1,0,2,13,0,0,1,1,0.3719,0.3485,0.467,0.0754,157
1,0,2,14,0,0,1,2,0.2541,0.18,0.6622,0.4276,123
1,0,2,15,0,0,1,1,0.3182,0.3526,0.6013,0.3943,182
1,0,2,16,0,0,1,1,0.2964,0.3221,0.5384,0.2838,218
1,0,2,17,0,0,1,2,0.1966,0.2242,0.6999,0.2551,246
1,0,2,18,0,0,1,1,0.2913,0.2795,0.8475,0.329,244
1,0,2,19,0,0,1,1,0.2227,0.1914,0.4723,0.4317,187
1,0,2,20,0,0,1,3,0.2618,0.2507,0.6489,0.2173,99
1,0,2,21,0,0,1,1,0.3377,0.3372,0.5956,0.6072,94
1,0,2,22,0,0,1,3,0.3566,0.3225,0.6569,0.1694,79
1,0,2,23,0,0,1,1,0.3062,0.2651,0.7374,0.5577,70
1,0,2,0,0,1,1,1,0.2491,0.2515,0.7491,0.377,33
1,0,2,1,0,1,1,1,0.2657,0.2583,0.5186,0.5806,16
1,0,2,2,0,1,1,1,0.2645,0.279,0.3794,0.1839,8
1,0,2,3,0,1,1,1,0.1614,0.199,0.5672,0.2668,6
1,0,2,4,0,1,1,2,0.3161,0.326,0.5679,0.0781,12
1,0,2,5,0,1,1,3,0.1944,0.1501,0.2481,0.0524,27
1,0,2,6,0,1,1,1,0.3163,0.3001,0.7,0.1403,108
1,0,2,7,0,1,1,1,0.2088,0.21,0.5154,0.1985,210
1,0,2,8,0,1,1,2,0.2266,0.2395,0.5722,0.4848,254
1,0,2,9,0,1,1,2,0.3578,0.3657,0.5099,0.311,172
1,0,2,10,0,1,1,1,0.3127,0.2953,0.5535,0.1843,102
1,0,2,11,0,1,1,1,0.1791,0.1554,0.7316,0.6006,128
1,0,2,12,0,1,1,1,0.2719,0.2885,0.5886,0.4152,154
1,0,2,13,0,1,1,2,0.3293,0.3242,0.833,0.2783,93
1,0,2,14,0,1,1,1,0.2676,0.2627,0.6539,0.5426,133
1,0,2,15,0,1,1,2,0.287,0.2515,0.6626,0.2479,117
1,0,2,16,0,1,1,1,0.3281,0.3747,0.5539,0.3906,221
1,0,2,17,0,1,1,1,0.3141,0.3059,0.5712,0.6862,215
1,0,2,18,0,1,1,2,0.2415,0.2269,0.7023,0.4093,180
1,0,2,19,0,1,1,1,0.3126,0.3044,0.7209,0.287,183
1,0,2,20,0,1,1,3,0.2909,0.2724,0.6104,0.14,103
1,0,2,21,0,1,1,2,0.4317,0.3714,0.6453,0.506,92
1,0,2,22,0,1,1,3,0.3038,0.2976,0.5616,0.5788,57
1,0,2,23,0,1,1,2,0.3204,0.2609,0.6048,0.4754,51
1,0,2,0,0,2,1,1,0.3328,0.3192,0.5884,0.2094,31
1,0,2,1,0,2,1,1,0.292,0.2296,0.5827,0.1389,15
1,0,2,2,0,2,1,2,0.2642,0.1864,0.6982,0.2727,7
1,0,2,3,0,2,1,2,0.3468,0.3478,0.572,0.0527,8
1,0,2,4,0,2,1,1,0.3473,0.2969,0.5025,0.2559,15
1,0,2,5,0,2,1,1,0.4604,0.4504,0.5456,0.1552,42
1,0,2,6,0,2,1,1,0.3666,0.3533,0.5436,0.3138,116
1,0,2,7,0,2,1,1,0.3677,0.3538,0.6309,0.2365,239
1,0,2,8,0,2,1,1,0.3648,0.3278,0.511,0.1186,304
1,0,2,9,0,2,1,2,0.2663,0.249,0.713,0.1899,129
1,0,2,10,0,2,1,3,0.2265,0.1955,0.5456,0.218,80
1,0,2,11,0,2,1,1,0.2443,0.2605,0.7663,0.3398,133
1,0,2,12,0,2,1,1,0.3628,0.3301,0.5811,0.2539,192
1,0,2,13,0,2,1,1,0.4141,0.3859,0.6414,0.2428,165
1,0,2,14,0,2,1,1,0.366,0.37,0.6972,0.1868,124
1,0,2,15,0,2,1,2,0.3029,0.2691,0.7248,0.5011,114
1,0,2,16,0,2,1,1,0.432,0.3566,0.6532,0.2166,221
1,0,2,17,0,2,1,3,0.2835,0.2375,0.8926,0.2019,222
1,0,2,18,0,2,1,3,0.2342,0.2542,0.5784,0.2304,164
1,0,2,19,0,2,1,2,0.3323,0.3182,0.3969,0.3287,162
1,0,2,20,0,2,1,3,0.405,0.3935,0.5738,0.2548,101
1,0,2,21,0,2,1,2,0.2555,0.2516,0.6733,0.4122,88
1,0,2,22,0,2,1,4,0.1953,0.2391,0.6326,0.1057,48
1,0,2,23,0,2,1,1,0.3172,0.2391,0.4558,0.6505,62
1,0,2,0,0,3,1,4,0.3722,0.3498,0.5369,0.2654,15
1,0,2,1,0,3,1,1,0.1107,0.1061,0.4803,0.1881,15
1,0,2,2,0,3,1,1,0.3866,0.3667,0.4978,0.2649,9
1,0,2,3,0,3,1,3,0.2226,0.2354,0.5663,0.4506,6
1,0,2,4,0,3,1,1,0.369,0.3753,0.6335,0.4769,12
1,0,2,5,0,3,1,1,0.1785,0.1631,0.49,0.257,45
1,0,2,6,0,3,1,1,0.215,0.1536,0.5014,0.1288,111
1,0,2,7,0,3,1,1,0.3615,0.4187,0.6628,0.1582,221
1,0,2,8,0,3,1,1,0.4033,0.383,0.4747,0.197,257
1,0,2,9,0,3,1,1,0.3176,0.3043,0.4693,0.3548,218
1,0,2,10,0,3,1,2,0.4859,0.4995,0.8413,0.562,118
1,0,2,11,0,3,1,2,0.2466,0.2225,0.5143,0.2915,148
1,0,2,12,0,3,1,1,0.2458,0.2722,0.3585,0.1075,223
1,0,2,13,0,3,1,2,0.2971,0.273,0.4287,0.136,164
1,0,2,14,0,3,1,2,0.2937,0.3339,0.3383,0.0704,108
1,0,2,15,0,3,1,2,0.3381,0.3348,0.7755,0.3829,145
1,0,2,16,0,3,1,2,0.2662,0.2327,0.5688,0.1653,171
1,0,2,17,0,3,1,3,0.358,0.4055,0.4526,0.2702,180
1,0,2,18,0,3,1,1,0.3563,0.3565,0.6448,0.1662,254
1,0,2,19,0,3,1,2,0.4312,0.3913,0.783,0.3051,138
1,0,2,20,0,3,1,3,0.2839,0.2275,0.557,0.0527,130
1,0,2,21,0,3,1,2,0.3418,0.3457,0.7735,0.3782,94
1,0,2,22,0,3,1,1,0.3606,0.3841,0.5372,0.2357,85
1,0,2,23,0,3,1,2,0.3177,0.3135,0.4363,0.2674,54
1,0,3,0,0,4,1,2,0.3071,0.3016,0.7943,0.3421,23
1,0,3,1,0,4,1,1,0.1774,0.2153,0.4905,0.0805,14
1,0,3,2,0,4,1,2,0.3277,0.3293,0.5092,0.4188,7
1,0,3,3,0,4,1,2,0.3636,0.3257,0.7018,0.1641,8
1,0,3,4,0,4,1,2,0.3179,0.2835,0.5813,0.2457,11
1,0,3,5,0,4,1,1,0.2671,0.2705,0.5638,0.3631,39
1,0,3,6,0,4,1,2,0.2044,0.2092,0.5465,0.0381,86
1,0,3,7,0,4,1,2,0.3536,0.3686,0.4971,0.2985,195
1,0,3,8,0,4,1,1,0.3242,0.3191,0.5988,0.2497,294
1,0,3,9,0,4,1,2,0.4192,0.4186,0.6356,0.6107,127
1,0,3,10,0,4,1,1,0.2204,0.2199,0.5503,0.3141,119
1,0,3,11,0,4,1,3,0.289,0.3035,0.6451,0.2357,123
1,0,3,12,0,4,1,2,0.2294,0.2403,0.6265,0.3337,166
1,0,3,13,0,4,1,2,0.3937,0.3662,0.6235,0.1458,154
1,0,3,14,0,4,1,2,0.4086,0.3826,0.543,0.2671,109
1,0,3,15,0,4,1,1,0.4565,0.4434,0.5325,0.1207,178
1,0,3,16,0,4,1,2,0.3584,0.3438,0.6215,0.2012,172
1,0,3,17,0,4,1,1,0.3772,0.3977,0.4331,0.2246,275
1,0,3,18,0,4,1,2,0.3524,0.3412,0.925,0.1324,239
1,0,3,19,0,4,1,1,0.362,0.3012,0.2753,0.4579,184
1,0,3,20,0,4,1,2,0.3253,0.2736,0.5098,0.505,131
1,0,3,21,0,4,1,2,0.3652,0.3398,0.6388,0.2199,97
1,0,3,22,0,4,1,1,0.4717,0.4698,0.6647,0.0449,91
1,0,3,23,0,4,1,1,0.3372,0.2986,0.4757,0.1815,67
1,0,3,0,0,5,0,1,0.3273,0.3305,0.4986,0.1395,16
1,0,3,1,0,5,0,1,0.3395,0.2995,0.5826,0.0825,12
1,0,3,2,0,5,0,1,0.3152,0.3042,0.4137,0.1222,7
1,0,3,3,0,5,0,3,0.3429,0.3382,0.4324,0.3737,4
1,0,3,4,0,5,0,3,0.3128,0.2629,0.6818,0.1811,6
1,0,3,5,0,5,0,3,0.4057,0.3973,0.6747,0.2342,20
1,0,3,6,0,5,0,1,0.3987,0.4272,0.578,0.3956,77
1,0,3,7,0,5,0,1,0.4772,0.4474,0.669,0.1791,175
1,0,3,8,0,5,0,1,0.324,0.3101,0.5878,0.4284,183
1,0,3,9,0,5,0,2,0.3458,0.3361,0.4837,0.2597,110
1,0,3,10,0,5,0,2,0.3429,0.3285,0.4376,0.5556,69
1,0,3,11,0,5,0,2,0.3396,0.3233,0.6516,0.0352,94
1,0,3,12,0,5,0,2,0.4047,0.3829,0.4957,0.0738,156
1,0,3,13,0,5,0,2,0.2119,0.1543,0.6737,0.2282,89
1,0,3,14,0,5,0,3,0.3579,0.3536,0.54,0.0539,44
1,0,3,15,0,5,0,1,0.4653,0.4098,0.7325,0.362,103
1,0,3,16,0,5,0,2,0.421,0.4113,0.4618,0.2789,105
1,0,3,17,0,5,0,2,0.413,0.4134,0.4399,0.1997,151
1,0,3,18,0,5,0,1,0.3846,0.3775,0.6014,0.2614,165
1,0,3,19,0,5,0,3,0.2839,0.2432,0.5349,0.1346,81
1,0,3,20,0,5,0,3,0.2731,0.2689,0.5943,0.0332,89
1,0,3,21,0,5,0,2,0.2737,0.2536,0.5679,0.6568,61
1,0,3,22,0,5,0,1,0.2459,0.2159,0.5148,0.4847,61
1,0,3,23,0,5,0,1,0.3919,0.4342,0.5444,0.0597,38
1,0,3,0,0,6,0,2,0.4322,0.3836,0.3135,0.1305,17
1,0,3,1,0,6,0,1,0.3598,0.3566,0.755,0.6974,9
1,0,3,2,0,6,0,1,0.3857,0.4122,0.4992,0.1716,6
1,0,3,3,0,6,0,1,0.3499,0.3439,0.6285,0.4051,6
1,0,3,4,0,6,0,1,0.3692,0.3323,0.3266,0.5009,9
1,0,3,5,0,6,0,2,0.1812,0.1556,0.4697,0.4296,23
1,0,3,6,0,6,0,2,0.3514,0.2919,0.6062,0.4215,67
1,0,3,7,0,6,0,1,0.2996,0.2874,0.793,0.1771,192
1,0,3,8,0,6,0,2,0.3266,0.3141,0.6292,0.0281,215
1,0,3,9,0,6,0,1,0.3452,0.3204,0.6421,0.4118,140
1,0,3,10,0,6,0,1,0.2793,0.308,0.5164,0.1704,88
1,0,3,11,0,6,0,2,0.2541,0.2403,0.5736,0.634,91
1,0,3,12,0,6,0,2,0.2772,0.2168,0.5513,0.1669,109
1,0,3,13,0,6,0,1,0.228,0.2621,0.6119,0.397,117
1,0,3,14,0,6,0,2,0.2485,0.2016,0.7238,0.2965,93
1,0,3,15,0,6,0,1,0.2581,0.2616,0.5329,0.133,124
1,0,3,16,0,6,0,2,0.2289,0.2378,0.5781,0.2356,153
1,0,3,17,0,6,0,1,0.3664,0.3469,0.5277,0.4191,169
1,0,3,18,0,6,0,2,0.2663,0.2823,0.5438,0.2912,140
1,0,3,19,0,6,0,2,0.199,0.1926,0.711,0.1295,127
1,0,3,20,0,6,0,1,0.3013,0.2767,0.6287,0.6969,97
1,0,3,21,0,6,0,2,0.2514,0.1776,0.6132,0.6115,51
1,0,3,22,0,6,0,2,0.4315,0.3593,0.5598,0.4865,60
1,0,3,23,0,6,0,1,0.3387,0.4056,0.4714,0.2549,40
1,0,3,0,0,0,1,2,0.2302,0.2421,0.6582,0.2401,22
1,0,3,1,0,0,1,2,0.373,0.3933,0.6753,0.1582,12
1,0,3,2,0,0,1,1,0.3391,0.3989,0.6805,0.178,9
1,0,3,3,0,0,1,3,0.3165,0.2912,0.5729,0.338,6
1,0,3,4,0,0,1,1,0.4434,0.4184,0.4814,0.0216,17
1,0,3,5,0,0,1,2,0.2649,0.2036,0.6517,0.1554,41
1,0,3,6,0,0,1,3,0.4056,0.3781,0.7044,0.1987,70
1,0,3,7,0,0,1,3,0.3045,0.2812,0.6755,0.6096,141
1,0,3,8,0,0,1,2,0.3319,0.305,0.4812,0.3582,308
1,0,3,9,0,0,1,2,0.2807,0.2996,0.6201,0.1875,154
1,0,3,10,0,0,1,1,0.2851,0.2938,0.3414,0.5551,143
1,0,3,11,0,0,1,1,0.3026,0.3166,0.7357,0.287,172
1,0,3,12,0,0,1,3,0.2001,0.155,0.5954,0.4743,140
1,0,3,13,0,0,1,1,0.3574,0.3419,0.5989,0.1426,145
1,0,3,14,0,0,1,2,0.3412,0.3359,0.7608,0.2547,108
1,0,3,15,0,0,1,1,0.2283,0.2744,0.5046,0.081,178
1,0,3,16,0,0,1,1,0.3794,0.3654,0.5897,0.1865,188
1,0,3,17,0,0,1,1,0.4352,0.4099,0.4723,0.1191,274
1,0,3,18,0,0,1,2,0.2866,0.3064,0.3961,0.6436,191
1,0,3,19,0,0,1,1,0.2782,0.258,0.6093,0.5053,162
1,0,3,20,0,0,1,1,0.4111,0.4061,0.6038,0.4249,118
1,0,3,21,0,0,1,3,0.3614,0.358,0.321,0.1553,94
1,0,3,22,0,0,1,2,0.3236,0.2933,0.6633,0.2628,76
1,0,3,23,0,0,1,2,0.3902,0.3514,0.5707,0.1335,65
1,0,3,0,0,1,1,1,0.3562,0.3374,0.6657,0.276,31
1,0,3,1,0,1,1,1,0.437,0.4021,0.6036,0.1047,16
1,0,3,2,0,1,1,2,0.3358,0.2741,0.7009,0.3153,7
1,0,3,3,0,1,1,1,0.3668,0.3701,0.7146,0.2824,8
1,0,3,4,0,1,1,1,0.4138,0.4103,0.5993,0.2156,18
1,0,3,5,0,1,1,3,0.1656,0.1351,0.6861,0.3464,32
1,0,3,6,0,1,1,1,0.4164,0.3704,0.6813,0.0931,108
1,0,3,7,0,1,1,3,0.3016,0.3012,0.4336,0.1907,178
1,0,3,8,0,1,1,1,0.372,0.4059,0.4695,0.286,308
1,0,3,9,0,1,1,1,0.4535,0.4614,0.4542,0.1961,176
1,0,3,10,0,1,1,1,0.3156,0.3358,0.6551,0.3298,126
1,0,3,11,0,1,1,3,0.3051,0.2807,0.4905,0.5557,96
1,0,3,12,0,1,1,2,0.3331,0.329,0.3315,0.2332,168
1,0,3,13,0,1,1,2,0.2353,0.2196,0.4543,0.0889,142
1,0,3,14,0,1,1,1,0.4909,0.4446,0.5295,0.1192,92
1,0,3,15,0,1,1,3,0.334,0.3232,0.6306,0.2499,102
1,0,3,16,0,1,1,2,0.4522,0.4035,0.7305,0.2449,223
1,0,3,17,0,1,1,2,0.3137,0.2756,0.6897,0.1854,216
1,0,3,18,0,1,1,2,0.3394,0.309,0.5968,0.0486,247
1,0,3,19,0,1,1,2,0.4031,0.3728,0.4762,0.0705,154
1,0,3,20,0,1,1,2,0.2598,0.246,0.3349,0.4327,136
1,0,3,21,0,1,1,1,0.3298,0.2513,0.517,0.1985,118
1,0,3,22,0,1,1,3,0.4005,0.3525,0.541,0.0591,66
1,0,3,23,0,1,1,1,0.3221,0.3531,0.5874,0.1094,69
1,0,3,0,0,2,1,4,0.307,0.2914,0.6824,0.3163,14
1,0,3,1,0,2,1,1,0.4189,0.4148,0.6556,0.1097,17
1,0,3,2,0,2,1,1,0.4389,0.4295,0.5862,0.229,9
1,0,3,3,0,2,1,1,0.45,0.4243,0.5272,0.127,10
1,0,3,4,0,2,1,2,0.2936,0.2524,0.3923,0.3547,10
1,0,3,5,0,2,1,1,0.3003,0.2688,0.479,0.1674,49
1,0,3,6,0,2,1,2,0.3078,0.3512,0.4592,0.5681,79
1,0,3,7,1,2,0,2,0.3911,0.3556,0.8861,0.3559,79
1,0,3,8,0,2,1,1,0.2571,0.2959,0.8144,0.3441,304
1,0,3,9,0,2,1,2,0.261,0.2355,0.424,0.2619,124
1,0,3,10,0,2,1,2,0.2908,0.2667,0.6222,0.2309,110
1,0,3,11,0,2,1,3,0.2752,0.2637,0.4129,0.6197,119
1,0,3,12,0,2,1,1,0.4027,0.3773,0.6019,0.0868,202
1,0,3,13,0,2,1,3,0.398,0.35,0.5161,0.2522,112
1,0,3,14,0,2,1,1,0.3071,0.2913,0.558,0.0724,161
1,0,3,15,0,2,1,2,0.3273,0.2667,0.7012,0.2194,132
1,0,3,16,0,2,1,2,0.1631,0.1658,0.6197,0.0686,207
1,0,3,17,0,2,1,1,0.3088,0.3001,0.6794,0.2549,288
1,0,3,18,0,2,1,1,0.4279,0.4284,0.6353,0.2458,295
1,0,3,19,0,2,1,2,0.305,0.2749,0.4871,0.3731,172
1,0,3,20,0,2,1,1,0.2644,0.2733,0.4177,0.3114,149
1,0,3,21,0,2,1,1,0.4372,0.4282,0.5391,0.0949,100
1,0,3,22,0,2,1,1,0.2628,0.2535,0.5389,0.1299,89
1,0,3,23,0,2,1,2,0.4491,0.4859,0.5123,0.4978,58
1,0,3,0,0,3,1,1,0.5469,0.5337,0.4901,0.4154,35
1,0,3,1,0,3,1,2,0.3371,0.3063,0.5826,0.3274,12
1,0,3,2,0,3,1,3,0.4318,0.4563,0.7332,0.3051,6
1,0,3,3,0,3,1,2,0.2279,0.2318,0.3227,0.3241,6
1,0,3,4,0,3,1,2,0.2248,0.2669,0.4255,0.433,13
1,0,3,5,0,3,1,2,0.289,0.2189,0.606,0.3413,32
1,0,3,6,0,3,1,1,0.4023,0.3732,0.3518,0.2887,101
1,0,3,7,0,3,1,1,0.3448,0.3187,0.4014,0.6261,238
1,0,3,8,0,3,1,1,0.3317,0.2584,0.8285,0.1471,287
1,0,3,9,0,3,1,1,0.2544,0.2466,0.6421,0.2624,177
1,0,3,10,0,3,1,1,0.3358,0.3079,0.895,0.3013,149
1,0,3,11,0,3,1,2,0.2997,0.2247,0.3697,0.3028,155
1,0,3,12,0,3,1,1,0.2802,0.2432,0.8248,0.3548,174
1,0,3,13,0,3,1,1,0.2742,0.3021,0.4173,0.435,134
1,0,3,14,0,3,1,3,0.3582,0.3675,0.6821,0.2707,90
1,0,3,15,0,3,1,1,0.2943,0.2582,0.3134,0.2762,147
1,0,3,16,0,3,1,2,0.3443,0.3048,0.6095,0.1075,158
1,0,3,17,0,3,1,1,0.2209,0.2357,0.618,0.2656,308
1,0,3,18,0,3,1,2,0.3799,0.302,0.5208,0.1533,181
1,0,3,19,0,3,1,1,0.3616,0.3613,0.4076,0.3543,189
1,0,3,20,0,3,1,1,0.3285,0.2571,0.541,0.1613,152
1,0,3,21,0,3,1,2,0.356,0.3875,0.6034,0.4786,83
1,0,3,22,0,3,1,2,0.4101,0.4094,0.4365,0.2948,74
1,0,3,23,0,3,1,1,0.2433,0.1758,0.5498,0.4728,61
1,0,3,0,0,4,1,1,0.3533,0.3242,0.5667,0.0614,31
1,0,3,1,0,4,1,2,0.2573,0.2539,0.6285,0.5756,10
1,0,3,2,0,4,1,1,0.3548,0.2774,0.3832,0.4406,9
1,0,3,3,0,4,1,2,0.3305,0.3127,0.5029,0.3387,7
1,0,3,4,0,4,1,2,0.3469,0.344,0.5954,0.3468,13
1,0,3,5,0,4,1,2,0.408,0.3256,0.5266,0.1388,40
1,0,3,6,0,4,1,2,0.4059,0.408,0.4425,0.4083,87
1,0,3,7,0,4,1,1,0.4247,0.3997,0.6866,0.1916,230
1,0,3,8,1,4,0,3,0.3209,0.3324,0.6905,0.0385,85
1,0,3,9,0,4,1,2,0.3979,0.3709,0.6647,0.4858,137
1,0,3,10,0,4,1,1,0.3841,0.3332,0.5304,0.5325,115
1,0,3,11,0,4,1,2,0.3227,0.2719,0.5496,0.6509,156
1,0,3,12,0,4,1,2,0.3568,0.3296,0.7241,0.2396,165
1,0,3,13,0,4,1,1,0.3394,0.3168,0.6705,0.3225,146
1,0,3,14,0,4,1,3,0.4463,0.4559,0.726,0.3025,98
1,0,3,15,0,4,1,3,0.4054,0.3767,0.5844,0.1272,135
1,0,3,16,0,4,1,1,0.3251,0.2621,0.6474,0.2882,200
1,0,3,17,0,4,1,2,0.3203,0.2905,0.654,0.3389,250
1,0,3,18,0,4,1,2,0.4157,0.3492,0.7474,0.3383,212
1,0,3,19,0,4,1,3,0.4424,0.4308,0.3008,0.4313,99
1,0,3,20,0,4,1,2,0.3707,0.3696,0.589,0.2016,107
1,0,3,21,0,4,1,1,0.3947,0.3975,0.6887,0.3414,106
1,0,3,22,0,4,1,2,0.4399,0.4088,0.7155,0.6181,65
1,0,3,23,0,4,1,1,0.3364,0.2986,0.52,0.401,51
1,0,3,0,0,5,0,2,0.3584,0.3252,0.6207,0.4541,16
1,0,3,1,0,5,0,2,0.3867,0.3646,0.6622,0.4694,9
1,0,3,2,0,5,0,2,0.3226,0.2912,0.7245,0.2158,5
1,0,3,3,0,5,0,1,0.4715,0.4962,0.6166,0.2702,7
1,0,3,4,0,5,0,2,0.3219,0.2949,0.6048,0.512,9
1,0,3,5,0,5,0,2,0.3569,0.336,0.5415,0.4086,25
1,0,3,6,0,5,0,1,0.4867,0.4399,0.7085,0.6848,65
1,0,3,7,0,5,0,1,0.2223,0.1893,0.7232,0.0481,187
1,0,3,8,0,5,0,1,0.3677,0.3111,0.6992,0.1843,187
1,0,3,9,0,5,0,3,0.3064,0.2602,0.663,0.3808,68
1,0,3,10,0,5,0,1,0.3526,0.3911,0.6034,0.1815,74
1,0,3,11,0,5,0,2,0.2682,0.2711,0.5035,0.386,93
1,0,3,12,0,5,0,2,0.3266,0.3001,0.4851,0.1072,103
1,0,3,13,0,5,0,2,0.3543,0.3169,0.6975,0.0511,67
1,0,3,14,0,5,0,2,0.3693,0.3879,0.7099,0.6396,85
1,0,3,15,0,5,0,1,0.4153,0.3695,0.6034,0.1704,146
1,0,3,16,0,5,0,1,0.1899,0.1293,0.6033,0.1962,144
1,0,3,17,0,5,0,1,0.3438,0.3408,0.5995,0.1124,264
1,0,3,18,0,5,0,2,0.3404,0.2955,0.7178,0.2159,151
1,0,3,19,0,5,0,2,0.3481,0.2922,0.6647,0.5744,118
1,0,3,20,0,5,0,2,0.3549,0.3043,0.5223,0.1925,94
1,0,3,21,0,5,0,2,0.2945,0.2922,0.635,0.4933,65
1,0,3,22,0,5,0,2,0.2443,0.229,0.384,0.2419,46
1,0,3,23,0,5,0,3,0.3678,0.3199,0.4999,0.5412,27
1,0,3,0,0,6,0,2,0.287,0.2867,0.3637,0.223,14
1,0,3,1,0,6,0,1,0.3848,0.3407,0.4708,0.6043,7
1,0,3,2,0,6,0,1,0.291,0.2273,0.482,0.1722,5
1,0,3,3,0,6,0,2,0.4051,0.3456,0.3237,0.3311,5
1,0,3,4,0,6,0,2,0.3528,0.3358,0.7143,0.2336,9
1,0,3,5,0,6,0,2,0.3576,0.3162,0.5126,0.2495,23
1,0,3,6,0,6,0,1,0.3393,0.3255,0.5349,0.3201,75
1,0,3,7,0,6,0,2,0.3281,0.3451,0.4703,0.239,150
1,0,3,8,0,6,0,1,0.3403,0.3043,0.6415,0.3727,174
1,0,3,9,0,6,0,1,0.4393,0.4973,0.7393,0.5024,108
1,0,3,10,0,6,0,2,0.2492,0.245,0.6363,0.7689,70
1,0,3,11,0,6,0,2,0.3112,0.2904,0.6154,0.2826,94
1,0,3,12,0,6,0,1,0.4305,0.369,0.3367,0.1103,118
1,0,3,13,0,6,0,1,0.414,0.3828,0.5615,0.4488,112
1,0,3,14,0,6,0,2,0.4506,0.4206,0.6513,0.2418,78
1,0,3,15,0,6,0,1,0.3524,0.3576,0.7175,0.0586,117
1,0,3,16,0,6,0,1,0.2643,0.2332,0.6464,0.2744,119
1,0,3,17,0,6,0,2,0.279,0.278,0.8242,0.3807,175
1,0,3,18,0,6,0,2,0.3357,0.3201,0.4862,0.4188,146
1,0,3,19,0,6,0,1,0.4098,0.4186,0.4862,0.4267,146
1,0,3,20,0,6,0,2,0.3387,0.3534,0.6196,0.0313,98
1,0,3,21,0,6,0,2,0.3334,0.3267,0.7269,0.2613,79
1,0,3,22,0,6,0,1,0.3844,0.3881,0.7463,0.2544,61
1,0,3,23,0,6,0,1,0.3585,0.3743,0.3294,0.4416,33
1,0,3,0,0,0,1,1,0.3297,0.3294,0.5866,0.0769,34
1,0,3,1,0,0,1,1,0.2905,0.2843,0.6876,0.1825,14
1,0,3,2,0,0,1,2,0.4269,0.4178,0.6843,0.5636,7
1,0,3,3,0,0,1,1,0.4339,0.4606,0.6411,0.4436,8
1,0,3,4,0,0,1,4,0.2865,0.2756,0.5631,0.1459,9
1,0,3,5,0,0,1,1,0.3324,0.3376,0.2091,0.2808,36
1,0,3,6,0,0,1,2,0.4073,0.3666,0.8201,0.6586,90
1,0,3,7,0,0,1,2,0.2809,0.3119,0.6468,0.4188,193
1,0,3,8,0,0,1,2,0.3861,0.3803,0.4675,0.243,270
1,0,3,9,0,0,1,3,0.3377,0.3105,0.5344,0.2032,110
1,0,3,10,0,0,1,2,0.2754,0.2595,0.6046,0.6038,102
1,0,3,11,0,0,1,2,0.485,0.4542,0.6303,0.3924,143
1,0,3,12,0,0,1,3,0.3367,0.32,0.4065,0.5127,133
1,0,3,13,0,0,1,3,0.3973,0.3837,0.4544,0.1639,119
1,0,3,14,0,0,1,4,0.2821,0.2621,0.6333,0.2674,66
1,0,3,15,0,0,1,1,0.4692,0.3981,0.5041,0.1481,165
1,0,3,16,0,0,1,1,0.4969,0.5253,0.3599,0.2097,216
1,0,3,17,0,0,1,1,0.2554,0.2506,0.4783,0.3353,221
1,0,3,18,0,0,1,2,0.3491,0.3397,0.5718,0.301,192
1,0,3,19,0,0,1,1,0.4535,0.4294,0.3766,0.664,168
1,0,3,20,0,0,1,1,0.3278,0.3386,0.7695,0.7489,122
1,0,3,21,0,0,1,2,0.3892,0.3712,0.7159,0.1601,101
1,0,3,22,0,0,1,1,0.243,0.2215,0.6833,0.3355,89
1,0,3,23,0,0,1,2,0.3054,0.2827,0.5842,0.0429,52
1,0,3,0,0,1,1,1,0.386,0.4042,0.4247,0.1017,29
1,0,3,1,0,1,1,2,0.3233,0.3132,0.4723,0.098,14
1,0,3,2,0,1,1,1,0.3394,0.3213,0.7318,0.0581,8
1,0,3,3,0,1,1,2,0.2585,0.2325,0.4778,0.2184,7
1,0,3,4,0,1,1,2,0.4104,0.3803,0.5691,0.1566,11
1,0,3,5,0,1,1,1,0.2708,0.2897,0.5383,0.0451,48
1,0,3,6,0,1,1,1,0.4725,0.4213,0.5542,0.1541,112
1,0,3,7,0,1,1,2,0.3168,0.3211,0.5579,0.6531,191
1,0,3,8,0,1,1,2,0.4207,0.4208,0.5444,0.4087,292
1,0,3,9,0,1,1,1,0.4138,0.3995,0.5188,0.3015,160
1,0,3,10,0,1,1,2,0.2957,0.2752,0.5347,0.3265,110
1,0,3,11,0,1,1,1,0.3243,0.2636,0.548,0.3843,166
1,0,3,12,0,1,1,2,0.3326,0.3359,0.4597,0.2386,156
1,0,3,13,0,1,1,1,0.3373,0.2726,0.4049,0.1052,177
1,0,3,14,0,1,1,2,0.2738,0.2651,0.5286,0.0903,127
1,0,3,15,0,1,1,1,0.402,0.3834,0.468,0.4553,168
1,0,3,16,1,1,0,1,0.3164,0.3236,0.5651,0.1786,111
1,0,3,17,0,1,1,1,0.3566,0.3119,0.445,0.4281,321
1,0,3,18,0,1,1,1,0.4351,0.3849,0.3459,0.4208,257
1,0,3,19,0,1,1,2,0.4046,0.4004,0.7476,0.1523,152
1,0,3,20,0,1,1,2,0.3211,0.2999,0.4971,0.355,169
1,0,3,21,0,1,1,1,0.4375,0.3551,0.3062,0.2279,102
1,0,3,22,0,1,1,1,0.4112,0.3904,0.6622,0.2948,86
1,0,3,23,0,1,1,2,0.3152,0.3537,0.514,0.0442,57
1,0,3,0,0,2,1,2,0.3327,0.3325,0.5646,0.1864,26
1,0,3,1,0,2,1,2,0.4387,0.3812,0.5868,0.2176,13
1,0,3,2,0,2,1,1,0.4232,0.4161,0.6831,0.3373,9
1,0,3,3,0,2,1,1,0.2635,0.2798,0.5984,0.2295,10
1,0,3,4,0,2,1,1,0.2983,0.2316,0.3937,0.1872,13
1,0,3,5,0,2,1,2,0.4173,0.3879,0.4182,0.1855,42
1,0,3,6,0,2,1,2,0.2865,0.3111,0.3894,0.2824,88
1,0,3,7,0,2,1,1,0.425,0.358,0.5021,0.3043,255
1,0,3,8,0,2,1,1,0.5042,0.4706,0.6085,0.273,297
1,0,3,9,0,2,1,2,0.3948,0.3686,0.4643,0.1285,134
1,0,3,10,0,2,1,1,0.3041,0.2764,0.4804,0.075,146
1,0,3,11,0,2,1,2,0.381,0.4032,0.4754,0.5476,108
1,0,3,12,0,2,1,1,0.4411,0.4557,0.4917,0.5713,190
1,0,3,13,0,2,1,1,0.3756,0.3477,0.6435,0.0254,220
1,0,3,14,1,2,0,1,0.4025,0.3519,0.5278,0.1122,53
1,0,3,15,0,2,1,3,0.3127,0.3353,0.6956,0.1409,102
1,0,3,16,0,2,1,1,0.318,0.3254,0.4991,0.4795,213
1,0,3,17,0,2,1,1,0.4321,0.41,0.5667,0.2639,268
1,0,3,18,0,2,1,2,0.3188,0.3225,0.5401,0.4354,210
1,0,3,19,0,2,1,1,0.1876,0.1977,0.5981,0.2373,174
1,0,3,20,0,2,1,1,0.3472,0.3036,0.628,0.3482,124
1,0,3,21,0,2,1,1,0.3907,0.3533,0.5673,0.0998,79
1,0,3,22,0,2,1,2,0.4428,0.4208,0.8877,0.4738,62
1,0,3,23,0,2,1,1,0.4839,0.4017,0.7479,0.3861,59
1,0,3,0,0,3,1,2,0.3787,0.3495,0.4999,0.1991,28
1,0,3,1,0,3,1,2,0.4188,0.3741,0.727,0.178,14
1,0,3,2,0,3,1,2,0.3812,0.3673,0.714,0.4087,8
1,0,3,3,0,3,1,1,0.3975,0.3439,0.4111,0.3427,9
1,0,3,4,0,3,1,2,0.3597,0.3546,0.3151,0.4093,11
1,0,3,5,0,3,1,3,0.3998,0.3865,0.5949,0.616,22
1,0,3,6,0,3,1,2,0.3217,0.3025,0.5532,0.3989,82
1,0,3,7,0,3,1,1,0.5114,0.4999,0.2717,0.1537,195
1,0,3,8,0,3,1,2,0.2054,0.2129,0.5846,0.1249,258
1,0,3,9,0,3,1,2,0.4127,0.3849,0.5749,0.0544,154
1,0,3,10,0,3,1,3,0.3951,0.3764,0.4963,0.2681,114
1,0,3,11,0,3,1,1,0.3987,0.3584,0.7587,0.287,184
1,0,3,12,0,3,1,2,0.2899,0.2547,0.5425,0.2804,169
1,0,3,13,0,3,1,2,0.2553,0.2899,0.522,0.0903,131
1,0,3,14,0,3,1,3,0.4152,0.3883,0.5694,0.2384,77
1,0,3,15,0,3,1,2,0.4666,0.4429,0.4058,0.2126,173
1,0,3,16,0,3,1,3,0.3882,0.3664,0.4594,0.277,151
1,0,3,17,0,3,1,1,0.4291,0.4188,0.2312,0.2663,291
1,0,3,18,0,3,1,1,0.3407,0.3073,0.6157,0.3597,220
1,0,3,19,0,3,1,1,0.396,0.3627,0.6793,0.3718,224
1,0,3,20,0,3,1,2,0.4585,0.4637,0.6032,0.3039,110
1,0,3,21,0,3,1,1,0.3508,0.2886,0.5939,0.104,115
1,0,3,22,0,3,1,2,0.4557,0.4386,0.5584,0.2069,79
1,0,3,23,0,3,1,3,0.2583,0.2208,0.7493,0.2667,45
1,0,3,0,0,4,1,3,0.3339,0.257,0.55,0.1874,20
1,0,3,1,0,4,1,2,0.4151,0.3919,0.675,0.5888,12
1,0,3,2,0,4,1,2,0.51,0.4499,0.6627,0.1699,7
1,0,3,3,0,4,1,1,0.3778,0.319,0.402,0.3345,9
1,0,3,4,0,4,1,2,0.3045,0.3671,0.6458,0.2574,13
1,0,3,5,0,4,1,2,0.5085,0.4993,0.4332,0.1553,45
1,0,3,6,0,4,1,2,0.368,0.3666,0.4996,0.4155,85
1,0,3,7,0,4,1,1,0.4234,0.4006,0.5454,0.2535,202
1,0,3,8,0,4,1,1,0.3534,0.2999,0.7173,0.4247,339
1,0,3,9,0,4,1,2,0.3868,0.3625,0.4811,0.1403,166
1,0,3,10,0,4,1,2,0.3375,0.31,0.6068,0.1822,119
1,0,3,11,0,4,1,2,0.5349,0.4504,0.3798,0.2743,169
1,0,3,12,0,4,1,2,0.4602,0.491,0.5447,0.2301,195
1,0,3,13,0,4,1,2,0.5006,0.4729,0.5098,0.2819,120
1,0,3,14,0,4,1,2,0.3217,0.2806,0.7185,0.2532,109
1,0,3,15,0,4,1,2,0.2491,0.2403,0.4772,0.2958,112
1,0,3,16,0,4,1,2,0.3563,0.2972,0.3796,0.1403,190
1,0,3,17,0,4,1,1,0.553,0.4972,0.5154,0.4209,281
1,0,3,18,0,4,1,1,0.3543,0.3827,0.4934,0.1756,200
1,0,3,19,0,4,1,3,0.4505,0.4124,0.5967,0.0503,138
1,0,3,20,0,4,1,1,0.3051,0.2893,0.726,0.4258,133
1,0,3,21,0,4,1,2,0.3188,0.306,0.5274,0.0578,117
1,0,3,22,0,4,1,1,0.3713,0.3475,0.6117,0.4447,101
1,0,3,23,0,4,1,2,0.5245,0.4821,0.5559,0.1703,58
1,0,3,0,0,5,0,1,0.458,0.5032,0.6277,0.2883,20
1,0,3,1,0,5,0,2,0.2373,0.2032,0.4505,0.0426,10
1,0,3,2,0,5,0,2,0.4276,0.3794,0.565,0.3001,5
1,0,3,3,0,5,0,1,0.3006,0.3003,0.6812,0.1317,6
1,0,3,4,0,5,0,2,0.3333,0.2781,0.4764,0.2455,8
1,0,3,5,0,5,0,3,0.4167,0.4265,0.547,0.2041,25
1,0,3,6,0,5,0,2,0.4789,0.4489,0.5595,0.1785,76
1,0,3,7,0,5,0,4,0.4754,0.4555,0.3897,0.5453,84
1,0,3,8,0,5,0,2,0.4042,0.3928,0.6543,0.1765,192
1,0,3,9,0,5,0,2,0.4052,0.3747,0.4993,0.1329,100
1,0,3,10,0,5,0,2,0.4752,0.4789,0.5621,0.3861,85
1,0,3,11,0,5,0,3,0.2707,0.2766,0.6414,0.0568,66
1,0,3,12,0,5,0,2,0.5089,0.4989,0.6536,0.3964,127
1,0,3,13,0,5,0,1,0.3295,0.2676,0.4251,0.1511,132
1,0,3,14,0,5,0,2,0.3992,0.3688,0.6175,0.5626,68
1,0,3,15,0,5,0,3,0.3462,0.3256,0.6859,0.2134,93
1,0,3,16,0,5,0,2,0.3001,0.3372,0.489,0.3864,81
1,0,3,17,0,5,0,1,0.4133,0.3502,0.6631,0.0462,196
1,0,3,18,0,5,0,2,0.3975,0.3585,0.6174,0.3236,163
1,0,3,19,0,5,0,2,0.3736,0.3874,0.6271,0.314,111
1,0,3,20,0,5,0,1,0.3703,0.3236,0.6717,0.3,81
1,0,3,21,0,5,0,2,0.4878,0.4437,0.4621,0.3334,71
1,0,3,22,0,5,0,2,0.5345,0.558,0.455,0.1203,49
1,0,3,23,0,5,0,1,0.4687,0.4562,0.7079,0.4289,46
1,0,3,0,0,6,0,2,0.4045,0.4101,0.5315,0.2485,14
1,0,3,1,0,6,0,1,0.2705,0.2787,0.3948,0.2754,10
1,0,3,2,0,6,0,2,0.429,0.4111,0.5501,0.4203,4
1,0,3,3,0,6,0,1,0.4321,0.4133,0.5568,0.3205,6
1,0,3,4,0,6,0,2,0.4391,0.4438,0.5993,0.2642,8
1,0,3,5,0,6,0,1,0.3053,0.2646,0.5238,0.1201,31
1,0,3,6,0,6,0,3,0.4446,0.4744,0.7785,0.2126,48
1,0,3,7,0,6,0,2,0.4944,0.4537,0.4625,0.1984,133
1,0,3,8,0,6,0,1,0.3163,0.3312,0.3371,0.1564,212
1,0,3,9,0,6,0,3,0.433,0.4266,0.394,0.1689,96
1,0,3,10,0,6,0,2,0.3283,0.2955,0.4816,0.0608,83
1,0,3,11,0,6,0,2,0.3778,0.3734,0.627,0.6464,87
1,0,3,12,1,6,0,3,0.3187,0.3066,0.5453,0.1741,65
1,0,3,13,0,6,0,3,0.3606,0.2896,0.6114,0.0903,73
1,0,3,14,0,6,0,2,0.3611,0.3405,0.4893,0.0111,88
1,0,3,15,0,6,0,3,0.414,0.3558,0.6191,0.0586,79
1,0,3,16,0,6,0,1,0.4474,0.4403,0.3795,0.4775,187
1,0,3,17,0,6,0,1,0.4703,0.4425,0.5886,0.4743,169
1,0,3,18,0,6,0,1,0.3395,0.3488,0.6411,0.4006,148
1,0,3,19,0,6,0,1,0.4103,0.3689,0.4586,0.3453,129
1,0,3,20,0,6,0,2,0.3083,0.254,0.771,0.2573,84
1,0,3,21,0,6,0,1,0.3774,0.3262,0.3442,0.1424,86
1,0,3,22,0,6,0,2,0.3881,0.4293,0.6533,0.035,55
1,0,3,23,0,6,0,1,0.3205,0.3954,0.6694,0.2424,41
1,0,3,0,0,0,1,1,0.4284,0.467,0.4651,0.2041,35
1,0,3,1,0,0,1,2,0.3784,0.3133,0.6069,0.1249,15
1,0,3,2,0,0,1,1,0.4001,0.3388,0.4658,0.2025,9
1,0,3,3,0,0,1,2,0.475,0.4193,0.604,0.4656,7
1,0,3,4,0,0,1,2,0.3594,0.3646,0.5421,0.3849,12
1,0,3,5,0,0,1,2,0.4488,0.4896,0.5689,0.3596,39
1,0,3,6,0,0,1,3,0.4903,0.4929,0.4986,0.3101,57
1,0,3,7,0,0,1,3,0.486,0.4674,0.4992,0.2761,192
1,0,3,8,0,0,1,1,0.3761,0.3296,0.4759,0.0856,337
1,0,3,9,0,0,1,2,0.3212,0.2966,0.6458,0.1131,147
1,0,3,10,0,0,1,1,0.3396,0.3253,0.7689,0.517,114
1,0,3,11,0,0,1,1,0.2782,0.2908,0.842,0.695,123
1,0,3,12,0,0,1,2,0.4373,0.4005,0.681,0.17,177
1,0,3,13,0,0,1,2,0.4417,0.4316,0.5682,0.3642,165
1,0,3,14,0,0,1,2,0.3975,0.3859,0.6885,0.2416,78
1,0,3,15,0,0,1,2,0.293,0.2813,0.6111,0.2132,136
1,0,3,16,0,0,1,2,0.3637,0.3337,0.5278,0.252,148
1,0,3,17,0,0,1,2,0.4859,0.4652,0.8058,0.2973,223
1,0,3,18,0,0,1,1,0.432,0.4075,0.6866,0.5534,222
1,0,3,19,0,0,1,1,0.4441,0.3984,0.4802,0.2929,222
1,0,3,20,0,0,1,2,0.6209,0.6163,0.6851,0.1601,132
1,0,3,21,0,0,1,2,0.4123,0.4389,0.6388,0.1128,113
1,0,3,22,0,0,1,1,0.2382,0.2314,0.4572,0.1876,83
1,0,3,23,0,0,1,1,0.3122,0.2952,0.5788,0.1386,62
1,0,3,0,0,1,1,1,0.4149,0.4169,0.5628,0.2948,30
1,0,3,1,0,1,1,2,0.3948,0.3806,0.2581,0.2264,16
1,0,3,2,0,1,1,1,0.3814,0.3966,0.4007,0.3817,8
1,0,3,3,0,1,1,1,0.3827,0.3667,0.7009,0.1253,9
1,0,3,4,0,1,1,1,0.3386,0.3392,0.4839,0.2411,17
1,0,3,5,0,1,1,1,0.4196,0.4507,0.6411,0.8062,36
1,0,3,6,0,1,1,2,0.4911,0.5046,0.7228,0.3507,70
1,0,3,7,0,1,1,3,0.5147,0.4843,0.3225,0.4363,152
1,0,3,8,0,1,1,1,0.5127,0.5196,0.7644,0.2419,320
1,0,3,9,0,1,1,2,0.3266,0.2782,0.5505,0.3522,140
1,0,3,10,0,1,1,2,0.3921,0.3664,0.6176,0.0997,118
1,0,3,11,0,1,1,2,0.3715,0.3779,0.8037,0.2624,128
1,0,3,12,0,1,1,1,0.4349,0.4591,0.6869,0.2268,189
1,0,3,13,0,1,1,1,0.3877,0.3458,0.5499,0.846,120
1,0,3,14,0,1,1,3,0.3777,0.358,0.5072,0.2196,101
1,0,3,15,0,1,1,3,0.4953,0.4706,0.5173,0.1341,126
1,0,3,16,0,1,1,1,0.4004,0.3776,0.5034,0.0746,272
1,0,3,17,0,1,1,2,0.4022,0.3456,0.7228,0.1411,212
1,0,3,18,0,1,1,1,0.4224,0.4163,0.6361,0.1001,320
1,0,3,19,0,1,1,1,0.4408,0.3805,0.5964,0.1972,184
1,0,3,20,0,1,1,1,0.4412,0.4533,0.545,0.4059,108
1,0,3,21,1,1,0,2,0.5021,0.5175,0.6587,0.0758,50
1,0,3,22,0,1,1,1,0.3035,0.2691,0.3451,0.235,100
1,0,3,23,0,1,1,1,0.4162,0.3573,0.7948,0.6466,51
1,0,3,0,0,2,1,1,0.3905,0.37,0.539,0.522,24
1,0,3,1,0,2,1,1,0.3766,0.3422,0.4568,0.1086,10
1,0,3,2,0,2,1,1,0.4507,0.4219,0.7087,0.1807,7
1,0,3,3,0,2,1,2,0.4884,0.4668,0.7059,0.4577,6
1,0,3,4,0,2,1,2,0.3562,0.3105,0.5622,0.2485,14
1,0,3,5,1,2,0,1,0.5158,0.5397,0.7304,0.0866,20
1,0,3,6,0,2,1,1,0.2975,0.2633,0.6915,0.2072,105
1,0,3,7,0,2,1,2,0.439,0.4451,0.6167,0.1408,194
1,0,3,8,0,2,1,1,0.3353,0.2919,0.3743,0.0928,301
1,0,3,9,0,2,1,1,0.3527,0.337,0.5863,0.1473,195
1,0,3,10,0,2,1,3,0.4019,0.3953,0.5722,0.1902,100
1,0,3,11,0,2,1,2,0.3698,0.3553,0.5413,0.1085,146
1,0,3,12,0,2,1,2,0.1972,0.1798,0.5266,0.3361,176
1,0,3,13,0,2,1,1,0.4405,0.4037,0.6613,0.2991,137
1,0,3,14,1,2,0,1,0.4523,0.4174,0.4217,0.3361,48
1,0,3,15,0,2,1,1,0.3864,0.3468,0.7144,0.2117,179
1,0,3,16,0,2,1,3,0.3809,0.3718,0.5651,0.2858,143
1,0,3,17,0,2,1,2,0.3716,0.4079,0.4701,0.3528,223
1,0,3,18,0,2,1,1,0.2779,0.2748,0.5363,0.2425,225
1,0,3,19,0,2,1,1,0.2705,0.2748,0.595,0.096,182
1,0,3,20,0,2,1,1,0.4539,0.4637,0.7442,0.2325,136
1,0,3,21,0,2,1,1,0.4722,0.4351,0.6563,0.0883,145
1,0,3,22,0,2,1,2,0.4394,0.3633,0.7129,0.0824,79
1,0,3,23,0,2,1,1,0.4242,0.4031,0.5635,0.1914,62
1,0,3,0,0,3,1,3,0.4567,0.4595,0.5455,0.1616,17
1,0,3,1,0,3,1,2,0.452,0.4897,0.7938,0.0395,12
1,0,3,2,0,3,1,3,0.3469,0.3002,0.5544,0.4401,5
1,0,3,3,0,3,1,3,0.4175,0.4296,0.5052,0.3033,6
1,0,3,4,0,3,1,3,0.3812,0.3699,0.493,0.1882,9
1,0,3,5,0,3,1,3,0.3821,0.3513,0.6063,0.6038,30
1,0,3,6,0,3,1,1,0.4817,0.4262,0.4408,0.1077,85
1,0,3,7,0,3,1,1,0.5121,0.469,0.5929,0.4338,199
1,0,3,8,1,3,0,1,0.2376,0.243,0.5906,0.3524,97
1,0,3,9,0,3,1,2,0.384,0.4015,0.6419,0.3653,145
1,0,3,10,0,3,1,2,0.3804,0.2796,0.361,0.0426,102
1,0,3,11,0,3,1,1,0.4832,0.4744,0.3311,0.2253,159
1,0,3,12,0,3,1,2,0.3004,0.2681,0.5184,0.3078,130
1,0,3,13,0,3,1,2,0.1926,0.1686,0.5542,0.2857,108
1,0,3,14,0,3,1,2,0.4594,0.4489,0.4369,0.5357,96
1,0,3,15,0,3,1,1,0.4693,0.5035,0.4067,0.4943,183
1,0,3,16,0,3,1,1,0.277,0.2416,0.6228,0.4099,172
1,0,3,17,0,3,1,2,0.3932,0.3707,0.5335,0.1021,236
1,0,3,18,0,3,1,1,0.509,0.4363,0.668,0.1405,269
1,0,3,19,0,3,1,2,0.3264,0.3233,0.4058,0.2447,164
1,0,3,20,0,3,1,1,0.409,0.3678,0.558,0.637,121
1,0,3,21,0,3,1,1,0.4374,0.4629,0.7716,0.5403,96
1,0,3,22,0,3,1,1,0.302,0.2977,0.5353,0.4531,84
1,0,3,23,0,3,1,2,0.3624,0.3358,0.5009,0.3476,55
1,0,3,0,0,4,1,1,0.2878,0.2651,0.6802,0.0866,28
1,0,3,1,0,4,1,3,0.3946,0.3858,0.717,0.1263,11
1,0,3,2,0,4,1,1,0.3507,0.3539,0.4946,0.5149,8
1,0,3,3,0,4,1,3,0.4207,0.3646,0.5034,0.2198,7
1,0,3,4,1,4,0,1,0.4506,0.4236,0.6746,0.0906,6
1,0,3,5,0,4,1,1,0.5033,0.4781,0.6068,0.4333,48
1,0,3,6,0,4,1,4,0.5694,0.5473,0.6095,0.3995,48
1,0,3,7,1,4,0,2,0.4207,0.4388,0.5992,0.1082,83
1,0,3,8,0,4,1,2,0.384,0.322,0.5647,0.5203,265
1,0,3,9,0,4,1,2,0.3799,0.3896,0.6911,0.2331,166
1,0,3,10,0,4,1,1,0.3386,0.3326,0.7374,0.1367,114
1,0,3,11,0,4,1,2,0.4375,0.4007,0.4472,0.3532,135
1,0,3,12,0,4,1,1,0.3715,0.3771,0.6772,0.2155,216
1,0,3,13,0,4,1,2,0.4424,0.4088,0.5655,0.7097,133
1,0,3,14,0,4,1,3,0.3408,0.2694,0.4165,0.6429,72
1,0,3,15,0,4,1,3,0.3735,0.2518,0.4599,0.574,102
1,0,3,16,0,4,1,2,0.4364,0.3781,0.5216,0.0403,207
1,0,3,17,0,4,1,2,0.3974,0.3612,0.6978,0.0774,238
1,0,3,18,0,4,1,2,0.2717,0.2633,0.4467,0.3056,178
1,0,3,19,0,4,1,1,0.4051,0.4027,0.3547,0.3067,191
1,0,3,20,0,4,1,3,0.35,0.3248,0.539,0.5307,119
1,0,3,21,0,4,1,2,0.4888,0.4221,0.5135,0.1307,104
1,0,3,22,0,4,1,1,0.4741,0.439,0.6993,0.1792,71
1,0,3,23,0,4,1,2,0.2463,0.2274,0.6016,0.0953,43
1,0,3,0,0,5,0,1,0.4665,0.4953,0.6561,0.3114,23
1,0,3,1,0,5,0,2,0.4376,0.4324,0.5234,0.2808,9
1,0,3,2,0,5,0,2,0.3065,0.2415,0.4245,0.5841,5
1,0,3,3,0,5,0,1,0.4718,0.4388,0.7281,0.4901,6
1,0,3,4,0,5,0,1,0.3208,0.3256,0.4999,0.1103,13
1,0,3,5,0,5,0,2,0.4905,0.4666,0.6483,0.1327,29
1,0,3,6,0,5,0,1,0.3651,0.2982,0.5265,0.1287,71
1,0,3,7,0,5,0,4,0.3041,0.3134,0.6495,0.5247,82
1,0,3,8,0,5,0,1,0.5588,0.5418,0.6069,0.2153,220
1,0,3,9,0,5,0,1,0.3021,0.2823,0.586,0.3402,90
1,0,3,10,0,5,0,1,0.3539,0.3121,0.6202,0.1704,117
1,0,3,11,0,5,0,2,0.3677,0.3797,0.5417,0.2428,93
1,0,3,12,0,5,0,2,0.3785,0.3051,0.366,0.2376,99
1,0,3,13,0,5,0,2,0.4593,0.3897,0.6053,0.2235,97
1,0,3,14,0,5,0,3,0.4144,0.3716,0.7081,0.2822,60
1,0,3,15,0,5,0,2,0.4807,0.4657,0.5653,0.3376,118
1,0,3,16,0,5,0,1,0.4364,0.3737,0.533,0.1873,158
1,0,3,17,0,5,0,1,0.2933,0.2622,0.602,0.5016,190
1,0,3,18,0,5,0,3,0.4489,0.4162,0.6881,0.0788,139
1,0,3,19,0,5,0,1,0.4267,0.4157,0.5369,0.249,125
1,0,3,20,0,5,0,3,0.3666,0.34,0.3913,0.1038,73
1,0,3,21,0,5,0,3,0.5555,0.5196,0.5896,0.4956,57
1,0,3,22,0,5,0,2,0.4529,0.4091,0.6144,0.3355,55
1,0,3,23,0,5,0,2,0.4763,0.4851,0.5915,0.1838,31
1,0,3,0,0,6,0,3,0.483,0.4786,0.5112,0.336,13
1,0,3,1,0,6,0,2,0.3852,0.3847,0.6106,0.4081,6
1,0,3,2,0,6,0,2,0.459,0.4127,0.5428,0.1817,5
1,0,3,3,0,6,0,1,0.4367,0.3995,0.518,0.4859,6
1,0,3,4,0,6,0,2,0.3756,0.3711,0.5362,0.0327,10
1,0,3,5,0,6,0,1,0.3291,0.295,0.5913,0.3814,32
1,0,3,6,0,6,0,3,0.4163,0.3677,0.6042,0.1607,46
1,0,3,7,0,6,0,2,0.4557,0.4416,0.5089,0.3073,132
1,0,3,8,0,6,0,2,0.4158,0.3557,0.5944,0.2671,192
1,0,3,9,0,6,0,1,0.4019,0.3755,0.6163,0.2414,118
1,0,3,10,0,6,0,3,0.4165,0.4225,0.6374,0.253,63
1,0,3,11,0,6,0,1,0.3945,0.3792,0.6283,0.1617,133
1,0,3,12,0,6,0,2,0.5231,0.4655,0.7268,0.3241,124
1,0,3,13,0,6,0,1,0.4335,0.426,0.6528,0.1295,103
1,0,3,14,0,6,0,3,0.3806,0.3435,0.811,0.2396,60
1,0,3,15,0,6,0,2,0.2881,0.299,0.6943,0.3396,113
1,0,3,16,0,6,0,1,0.4008,0.396,0.6905,0.4345,155
1,0,3,17,0,6,0,1,0.3742,0.3451,0.4233,0.1899,227
1,0,3,18,0,6,0,1,0.3716,0.3306,0.6613,0.3699,147
1,0,3,19,0,6,0,1,0.4806,0.4311,0.6726,0.2028,144
1,0,3,20,0,6,0,1,0.4202,0.4769,0.5652,0.2526,111
1,0,3,21,0,6,0,1,0.2968,0.2133,0.3248,0.0553,98
1,0,3,22,0,6,0,1,0.4579,0.3822,0.291,0.4199,69
1,0,3,23,0,6,0,1,0.3039,0.3218,0.537,0.1797,39
1,0,3,0,0,0,1,2,0.4674,0.4706,0.5058,0.1919,26
1,0,3,1,0,0,1,1,0.3856,0.3772,0.3914,0.1369,15
1,0,3,2,0,0,1,1,0.425,0.344,0.6168,0.0622,10
1,0,3,3,0,0,1,3,0.4171,0.4124,0.4344,0.2841,5
1,0,3,4,0,0,1,1,0.4085,0.3587,0.3705,0.2359,11
1,0,3,5,0,0,1,2,0.4335,0.4089,0.818,0.4061,38
1,0,3,6,1,0,0,3,0.4246,0.4156,0.6309,0.5598,28
1,0,3,7,0,0,1,2,0.5498,0.5375,0.5193,0.2049,211
1,0,3,8,0,0,1,2,0.4346,0.3933,0.4009,0.4397,231
1,0,3,9,0,0,1,2,0.4362,0.4529,0.4641,0.2971,168
1,0,3,10,0,0,1,2,0.3692,0.3751,0.4957,0.1731,121
1,0,3,11,0,0,1,2,0.4455,0.3945,0.5052,0.1822,132
1,0,3,12,0,0,1,1,0.3472,0.3155,0.5317,0.4753,178
1,0,3,13,0,0,1,2,0.4994,0.4517,0.4287,0.3736,105
1,0,3,14,1,0,0,3,0.315,0.2973,0.4656,0.1301,50
1,0,3,15,0,0,1,2,0.3598,0.3607,0.3651,0.2743,132
1,0,3,16,0,0,1,1,0.3048,0.2341,0.3328,0.3146,232
1,0,3,17,0,0,1,1,0.4483,0.3663,0.3861,0.0904,299
1,0,3,18,0,0,1,2,0.3892,0.3448,0.4972,0.1263,217
1,0,3,19,0,0,1,1,0.4669,0.4841,0.5334,0.4216,190
1,0,3,20,0,0,1,2,0.3506,0.3402,0.6262,0.1186,94
1,0,3,21,1,0,0,2,0.4561,0.4806,0.6202,0.0533,47
1,0,3,22,0,0,1,1,0.4595,0.4318,0.6452,0.1471,85
1,0,3,23,0,0,1,1,0.4337,0.3868,0.5338,0.1751,65
1,0,3,0,0,1,1,3,0.4253,0.3538,0.6489,0.0294,23
1,0,3,1,0,1,1,3,0.4328,0.3862,0.3131,0.6508,9
1,0,3,2,0,1,1,2,0.3594,0.3228,0.6427,0.2632,9
1,0,3,3,0,1,1,3,0.3479,0.2577,0.5655,0.1738,8
1,0,3,4,0,1,1,3,0.4612,0.4129,0.6857,0.4255,9
1,0,3,5,0,1,1,2,0.3973,0.352,0.2487,0.4336,34
1,0,3,6,0,1,1,1,0.4549,0.4328,0.6797,0.0486,84
1,0,3,7,0,1,1,2,0.5317,0.5039,0.3751,0.676,182
1,0,3,8,0,1,1,2,0.3912,0.3812,0.7046,0.187,263
1,0,3,9,0,1,1,1,0.3811,0.3134,0.4691,0.2763,157
1,0,3,10,0,1,1,3,0.4005,0.3464,0.6201,0.264,90
1,0,3,11,1,1,0,1,0.4259,0.4324,0.5599,0.1833,86
1,0,3,12,0,1,1,3,0.4661,0.4351,0.6921,0.3155,138
1,0,3,13,0,1,1,2,0.4212,0.4255,0.5884,0.6307,125
1,0,3,14,0,1,1,1,0.5687,0.536,0.7587,0.3399,138
1,0,3,15,0,1,1,3,0.4526,0.4356,0.4839,0.4261,114
1,0,3,16,0,1,1,2,0.4778,0.4698,0.4461,0.1088,146
1,0,3,17,0,1,1,2,0.4206,0.3829,0.4919,0.5572,218
1,0,3,18,0,1,1,2,0.494,0.4493,0.6463,0.3278,199
1,0,3,19,0,1,1,1,0.4088,0.3679,0.6513,0.1194,226
1,0,3,20,0,1,1,1,0.3781,0.3568,0.4158,0.1038,146
1,0,3,21,0,1,1,1,0.4865,0.4794,0.4685,0.0305,149
1,0,3,22,0,1,1,1,0.4191,0.386,0.6049,0.1047,101
1,0,3,23,0,1,1,1,0.4403,0.453,0.7197,0.0415,72
1,0,3,0,0,2,1,2,0.4962,0.5238,0.4859,0.0336,24
1,0,3,1,0,2,1,1,0.4372,0.389,0.399,0.1175,15
1,0,3,2,0,2,1,2,0.417,0.4318,0.6906,0.2476,9
1,0,3,3,0,2,1,1,0.39,0.3699,0.3604,0.1681,7
1,0,3,4,0,2,1,1,0.5018,0.4881,0.635,0.1824,16
1,0,3,5,0,2,1,3,0.4035,0.3793,0.31,0.4103,34
1,0,3,6,0,2,1,4,0.4239,0.4392,0.5558,0.1298,57
1,0,3,7,0,2,1,2,0.4475,0.4356,0.5278,0.6384,191
1,0,3,8,0,2,1,1,0.4472,0.4144,0.4763,0.3169,338
1,0,3,9,0,2,1,2,0.4984,0.461,0.7429,0.0947,188
1,0,3,10,0,2,1,1,0.4225,0.3654,0.5602,0.1112,111
1,0,3,11,0,2,1,2,0.5238,0.4804,0.55,0.639,145
1,0,3,12,0,2,1,3,0.41,0.4261,0.5394,0.2927,114
1,0,3,13,0,2,1,1,0.4534,0.4632,0.478,0.2024,177
1,0,3,14,0,2,1,3,0.4146,0.3746,0.7895,0.1205,77
1,0,3,15,0,2,1,2,0.574,0.5123,0.525,0.2445,114
1,0,3,16,0,2,1,1,0.4029,0.4113,0.7928,0.0824,292
1,0,3,17,0,2,1,1,0.4092,0.4016,0.4711,0.2191,312
1,0,3,18,0,2,1,2,0.4355,0.3544,0.5724,0.2356,158
1,0,3,19,0,2,1,1,0.4088,0.4747,0.5128,0.1832,169
1,0,3,20,0,2,1,1,0.4495,0.4273,0.4738,0.1514,134
1,0,3,21,0,2,1,1,0.5135,0.5388,0.5475,0.4506,108
1,0,3,22,0,2,1,3,0.4377,0.4211,0.77,0.2144,56
1,0,3,23,0,2,1,1,0.4403,0.3871,0.7247,0.0118,51
1,0,3,0,0,3,1,3,0.4157,0.4007,0.5731,0.3006,19
1,0,3,1,0,3,1,2,0.3964,0.3325,0.4061,0.1417,12
1,0,3,2,0,3,1,1,0.4385,0.4128,0.6088,0.2557,8
1,0,3,3,0,3,1,1,0.4323,0.378,0.5067,0.4718,9
1,0,3,4,0,3,1,2,0.5139,0.482,0.4543,0.0396,11
1,0,3,5,0,3,1,1,0.3646,0.3538,0.6468,0.0835,48
1,0,3,6,0,3,1,1,0.5335,0.5157,0.4164,0.1155,111
1,0,3,7,0,3,1,1,0.4214,0.3566,0.5826,0.2349,221
1,0,3,8,0,3,1,3,0.4421,0.4007,0.6237,0.3085,189
1,0,3,9,0,3,1,2,0.3572,0.2801,0.6492,0.4218,161
1,0,3,10,0,3,1,2,0.4711,0.4661,0.4162,0.5105,96
1,0,3,11,0,3,1,1,0.3645,0.3524,0.7708,0.0404,189
1,0,3,12,0,3,1,2,0.4579,0.3997,0.6021,0.1414,167
1,0,3,13,0,3,1,2,0.451,0.4707,0.5669,0.168,161
1,0,3,14,0,3,1,1,0.4089,0.4025,0.4078,0.2107,108
1,0,3,15,0,3,1,4,0.2872,0.2696,0.468,0.4868,82
1,0,3,16,0,3,1,3,0.583,0.5396,0.5238,0.4246,138
1,0,3,17,0,3,1,1,0.3579,0.3209,0.5632,0.1932,336
1,0,3,18,0,3,1,3,0.4508,0.4046,0.6078,0.5236,169
1,0,3,19,0,3,1,2,0.3806,0.3968,0.5242,0.4949,144
1,0,3,20,0,3,1,2,0.5051,0.4881,0.7403,0.3114,107
1,0,3,21,0,3,1,1,0.4052,0.3534,0.5211,0.2589,104
1,0,3,22,0,3,1,3,0.3791,0.399,0.5897,0.1247,66
1,0,3,23,0,3,1,1,0.4734,0.447,0.7029,0.3175,63
1,0,3,0,0,4,1,2,0.347,0.3021,0.5006,0.2575,30
1,0,3,1,0,4,1,1,0.4071,0.446,0.4024,0.2965,15
1,0,3,2,1,4,0,1,0.4843,0.4273,0.5167,0.4258,3
1,0,3,3,0,4,1,3,0.5415,0.4897,0.676,0.1802,7
1,0,3,4,0,4,1,2,0.3687,0.3502,0.5747,0.2379,13
1,0,3,5,0,4,1,1,0.3932,0.3832,0.6476,0.1713,42
1,0,3,6,0,4,1,2,0.4607,0.4151,0.409,0.1762,96
1,0,3,7,0,4,1,1,0.2962,0.2151,0.3728,0.173,242
1,0,3,8,0,4,1,3,0.5311,0.5055,0.6361,0.1616,226
1,0,3,9,0,4,1,3,0.3661,0.3164,0.6086,0.1775,104
1,0,3,10,0,4,1,1,0.4054,0.3744,0.4568,0.6337,128
1,0,3,11,0,4,1,2,0.4543,0.4073,0.4291,0.2847,114
1,0,3,12,0,4,1,3,0.4396,0.3851,0.5468,0.2866,117
1,0,3,13,0,4,1,3,0.3686,0.3421,0.5612,0.7585,102
1,0,3,14,0,4,1,2,0.5565,0.5097,0.4203,0.2924,105
1,0,3,15,0,4,1,2,0.2558,0.2178,0.5583,0.3122,125
1,0,3,16,0,4,1,2,0.3575,0.3686,0.3926,0.2128,190
1,0,3,17,1,4,0,1,0.3914,0.342,0.4903,0.2383,117
1,0,3,18,0,4,1,2,0.3695,0.3435,0.409,0.0301,182
1,0,3,19,0,4,1,1,0.5214,0.4942,0.5537,0.0879,193
1,0,3,20,0,4,1,1,0.3199,0.2532,0.49,0.1334,165
1,0,3,21,0,4,1,1,0.545,0.4843,0.7288,0.645,112
1,0,3,22,0,4,1,3,0.4166,0.3945,0.6034,0.267,77
1,0,3,23,0,4,1,1,0.3408,0.3214,0.4093,0.0666,64
1,0,3,0,0,5,0,1,0.2933,0.2549,0.6761,0.2225,24
1,0,3,1,0,5,0,1,0.4253,0.4032,0.543,0.1124,9
1,0,3,2,0,5,0,1,0.3912,0.3797,0.6575,0.1901,6
1,0,3,3,0,5,0,3,0.4569,0.4516,0.4115,0.2514,4
1,0,3,4,0,5,0,1,0.4088,0.4083,0.6389,0.2507,9
1,0,3,5,0,5,0,1,0.5072,0.5181,0.8127,0.4306,36
1,0,3,6,0,5,0,3,0.4303,0.4121,0.6368,0.0517,41
1,0,3,7,0,5,0,1,0.4106,0.3484,0.4956,0.1867,186
1,0,3,8,0,5,0,2,0.5084,0.4742,0.7048,0.2196,188
1,0,3,9,0,5,0,2,0.4563,0.3954,0.4847,0.2115,115
1,0,3,10,0,5,0,2,0.4945,0.4952,0.6248,0.5533,71
1,0,3,11,0,5,0,1,0.5207,0.5359,0.8364,0.1985,135
1,0,3,12,0,5,0,2,0.4198,0.3986,0.4974,0.3562,114
1,0,3,13,0,5,0,2,0.443,0.4557,0.6283,0.5302,97
1,0,3,14,0,5,0,2,0.4994,0.5072,0.8076,0.0905,62
1,0,3,15,0,5,0,1,0.2688,0.2644,0.685,0.2582,96
1,0,3,16,0,5,0,2,0.4332,0.4273,0.6526,0.1694,127
1,0,3,17,0,5,0,2,0.4246,0.4318,0.3312,0.2527,178
1,0,3,18,0,5,0,2,0.4665,0.4013,0.4514,0.6114,117
1,0,3,19,0,5,0,3,0.3842,0.3725,0.671,0.7659,66
1,0,3,20,0,5,0,3,0.517,0.5078,0.5298,0.1525,75
1,0,3,21,0,5,0,2,0.3887,0.3262,0.5077,0.3536,60
1,0,3,22,0,5,0,1,0.4082,0.4451,0.7082,0.1296,65
1,0,3,23,0,5,0,1,0.3938,0.4069,0.6464,0.3697,38
2,0,4,0,0,6,0,2,0.5307,0.5372,0.4683,0.0991,19
2,0,4,1,0,6,0,1,0.2986,0.296,0.6583,0.2275,8
2,0,4,2,0,6,0,2,0.5697,0.5128,0.4515,0.1528,5
2,0,4,3,0,6,0,2,0.5478,0.4823,0.376,0.2382,5
2,0,4,4,0,6,0,2,0.4051,0.3818,0.6046,0.2535,10
2,0,4,5,0,6,0,1,0.5165,0.5116,0.4177,0.0296,30
2,0,4,6,0,6,0,3,0.4537,0.4473,0.4156,0.407,49
2,0,4,7,0,6,0,2,0.5603,0.5836,0.4436,0.4616,117
2,0,4,8,0,6,0,2,0.5112,0.4763,0.5856,0.4042,180
2,0,4,9,0,6,0,2,0.5981,0.5574,0.6599,0.1065,118
2,0,4,10,0,6,0,1,0.3353,0.3187,0.5303,0.2838,89
2,0,4,11,0,6,0,2,0.458,0.4004,0.4208,0.3089,88
2,0,4,12,0,6,0,1,0.3239,0.3528,0.4301,0.253,122
2,0,4,13,0,6,0,2,0.4083,0.3804,0.3787,0.7123,83
2,0,4,14,0,6,0,1,0.6021,0.5796,0.6511,0.4548,95
2,0,4,15,0,6,0,1,0.4774,0.478,0.4567,0.2318,109
2,0,4,16,0,6,0,1,0.5135,0.4653,0.5921,0.2056,178
2,0,4,17,0,6,0,1,0.4806,0.4649,0.3481,0.1088,198
2,0,4,18,0,6,0,3,0.4762,0.4521,0.7172,0.4488,101
2,0,4,19,0,6,0,2,0.4081,0.4169,0.5632,0.2499,137
2,0,4,20,0,6,0,1,0.395,0.3755,0.3763,0.1821,95
2,0,4,21,0,6,0,1,0.4062,0.3002,0.492,0.3768,71
2,0,4,22,0,6,0,2,0.2535,0.2128,0.5864,0.3175,48
2,0,4,23,0,6,0,1,0.4389,0.3719,0.4582,0.4047,45
2,0,4,0,0,0,1,1,0.4657,0.5002,0.6081,0.2684,33
2,0,4,1,0,0,1,1,0.4056,0.4277,0.7178,0.2402,16
2,0,4,2,0,0,1,2,0.4398,0.3533,0.6741,0.0289,8
2,0,4,3,0,0,1,4,0.4857,0.4311,0.5614,0.2506,5
2,0,4,4,0,0,1,1,0.5109,0.4438,0.7357,0.4862,15
2,0,4,5,0,0,1,3,0.3651,0.3533,0.5877,0.1314,33
2,0,4,6,0,0,1,3,0.3933,0.3449,0.549,0.4893,65
2,0,4,7,0,0,1,3,0.5016,0.4686,0.5522,0.1474,152
2,0,4,8,0,0,1,2,0.4902,0.4243,0.5747,0.414,264
2,0,4,9,0,0,1,3,0.543,0.5288,0.6163,0.2003,110
2,0,4,10,0,0,1,2,0.5401,0.4627,0.4567,0.0498,118
2,0,4,11,0,0,1,3,0.618,0.6622,0.7,0.1698,107
2,0,4,12,0,0,1,1,0.4284,0.4521,0.7197,0.3374,169
2,0,4,13,0,0,1,2,0.5594,0.6059,0.8606,0.5033,141
2,0,4,14,0,0,1,2,0.3845,0.3835,0.3581,0.4063,112
2,0,4,15,0,0,1,1,0.6165,0.6324,0.5682,0.1546,191
2,0,4,16,0,0,1,1,0.4808,0.4835,0.468,0.1153,217
2,0,4,17,0,0,1,1,0.4869,0.4324,0.642,0.482,282
2,0,4,18,0,0,1,1,0.5182,0.4811,0.711,0.4701,217
2,0,4,19,0,0,1,1,0.354,0.3491,0.5692,0.2233,197
2,0,4,20,0,0,1,1,0.3737,0.3896,0.5279,0.3936,122
2,0,4,21,0,0,1,1,0.457,0.434,0.5071,0.1221,109
2,0,4,22,0,0,1,2,0.4731,0.4661,0.5421,0.4808,75
2,0,4,23,0,0,1,1,0.5947,0.555,0.6105,0.417,46
2,0,4,0,0,1,1,1,0.3868,0.3551,0.6098,0.4107,32
2,0,4,1,0,1,1,1,0.561,0.4888,0.7451,0.5356,14
2,0,4,2,0,1,1,1,0.4346,0.4262,0.5466,0.2543,8
2,0,4,3,0,1,1,1,0.4337,0.3972,0.6756,0.1298,9
2,0,4,4,0,1,1,4,0.4418,0.3811,0.4599,0.0376,9
2,0,4,5,0,1,1,1,0.4319,0.3925,0.4149,0.427,52
2,0,4,6,0,1,1,1,0.4873,0.4715,0.6879,0.3401,84
2,0,4,7,0,1,1,2,0.4256,0.4243,0.6172,0.4922,175
2,0,4,8,0,1,1,3,0.3545,0.3312,0.5052,0.1483,239
2,0,4,9,0,1,1,1,0.4345,0.4448,0.4582,0.2506,172
2,0,4,10,0,1,1,1,0.4852,0.5056,0.5117,0.3702,135
2,0,4,11,0,1,1,2,0.3551,0.3287,0.595,0.1884,106
2,0,4,12,0,1,1,2,0.494,0.4985,0.5878,0.3031,170
2,0,4,13,0,1,1,1,0.5359,0.489,0.3954,0.0679,168
2,0,4,14,0,1,1,3,0.5568,0.49,0.4166,0.4703,90
2,0,4,15,0,1,1,4,0.4769,0.4247,0.5857,0.0483,95
2,0,4,16,0,1,1,2,0.3269,0.2846,0.6395,0.3686,157
2,0,4,17,0,1,1,1,0.4986,0.4605,0.4747,0.5721,235
2,0,4,18,0,1,1,2,0.5209,0.5544,0.399,0.4498,237
2,0,4,19,0,1,1,3,0.4045,0.3685,0.5735,0.5937,119
2,0,4,20,0,1,1,3,0.4481,0.4144,0.3051,0.2452,127
2,0,4,21,0,1,1,1,0.4871,0.4673,0.5232,0.0135,141
2,0,4,22,0,1,1,1,0.5783,0.5098,0.6412,0.1938,91
2,0,4,23,0,1,1,1,0.4353,0.4179,0.5404,0.2098,59
2,0,4,0,0,2,1,2,0.5199,0.5136,0.3819,0.5808,23
2,0,4,1,0,2,1,2,0.4797,0.5002,0.7507,0.361,12
2,0,4,2,0,2,1,1,0.4715,0.4873,0.5707,0.1882,9
2,0,4,3,0,2,1,1,0.5507,0.534,0.595,0.1311,12
2,0,4,4,0,2,1,1,0.3993,0.3727,0.6754,0.3872,14
2,0,4,5,0,2,1,3,0.4737,0.445,0.5482,0.4029,34
2,0,4,6,0,2,1,1,0.4594,0.4487,0.537,0.3328,97
2,0,4,7,0,2,1,1,0.352,0.333,0.7173,0.2084,190
2,0,4,8,0,2,1,2,0.5438,0.5139,0.4718,0.094,238
2,0,4,9,0,2,1,2,0.5156,0.4617,0.6798,0.4384,143
2,0,4,10,0,2,1,2,0.4599,0.457,0.4344,0.413,107
2,0,4,11,0,2,1,2,0.4392,0.4262,0.4826,0.1106,146
2,0,4,12,0,2,1,1,0.4575,0.412,0.605,0.1989,187
2,0,4,13,0,2,1,1,0.507,0.5264,0.7414,0.6336,118
2,0,4,14,0,2,1,1,0.4612,0.4444,0.5877,0.2597,142
2,0,4,15,0,2,1,2,0.4108,0.3475,0.402,0.0771,139
2,0,4,16,0,2,1,3,0.4213,0.4286,0.6554,0.4139,143
2,0,4,17,0,2,1,1,0.4567,0.4137,0.4747,0.0655,297
2,0,4,18,0,2,1,2,0.3922,0.3603,0.646,0.0486,242
2,0,4,19,0,2,1,2,0.4809,0.4512,0.6045,0.272,175
2,0,4,20,0,2,1,3,0.402,0.4078,0.3899,0.5156,98
2,0,4,21,0,2,1,2,0.3907,0.3695,0.6133,0.2554,112
2,0,4,22,0,2,1,1,0.681,0.6655,0.4218,0.4292,93
2,0,4,23,0,2,1,2,0.5933,0.5164,0.7323,0.2022,46
2,0,4,0,0,3,1,2,0.4719,0.4152,0.3813,0.0719,24
2,0,4,1,0,3,1,2,0.5214,0.4963,0.5509,0.5863,11
2,0,4,2,0,3,1,3,0.5333,0.4849,0.4565,0.5592,7
2,0,4,3,0,3,1,1,0.4565,0.4276,0.7394,0.2368,9
2,0,4,4,0,3,1,2,0.4816,0.4799,0.3842,0.1676,11
2,0,4,5,0,3,1,1,0.4435,0.3972,0.8497,0.2707,49
2,0,4,6,0,3,1,1,0.5497,0.5002,0.5267,0.2268,97
2,0,4,7,0,3,1,1,0.5507,0.5264,0.5023,0.3322,298
2,0,4,8,0,3,1,1,0.5712,0.4788,0.6628,0.5701,289
2,0,4,9,0,3,1,1,0.4805,0.4867,0.5659,0.584,126
2,0,4,10,0,3,1,2,0.6136,0.5868,0.468,0.201,112
2,0,4,11,0,3,1,3,0.4565,0.4365,0.4784,0.1735,113
2,0,4,12,0,3,1,1,0.6051,0.5587,0.5104,0.3786,182
2,0,4,13,0,3,1,1,0.4294,0.4286,0.4869,0.0837,185
2,0,4,14,0,3,1,1,0.371,0.3476,0.6673,0.4018,135
2,0,4,15,0,3,1,1,0.6038,0.6104,0.5804,0.2121,189
2,0,4,16,0,3,1,1,0.5081,0.4313,0.6256,0.7003,214
2,0,4,17,0,3,1,2,0.4982,0.4752,0.5198,0.0109,263
2,0,4,18,0,3,1,3,0.4366,0.416,0.6474,0.4389,143
2,0,4,19,0,3,1,2,0.4027,0.3919,0.4868,0.3283,164
2,0,4,20,0,3,1,2,0.4093,0.431,0.4595,0.2807,133
2,0,4,21,0,3,1,2,0.4715,0.407,0.5089,0.3661,103
2,0,4,22,0,3,1,1,0.4513,0.3869,0.741,0.2226,94
2,0,4,23,0,3,1,1,0.326,0.2991,0.5009,0.5154,45
2,0,4,0,0,4,1,1,0.5847,0.4987,0.5064,0.1556,31
2,0,4,1,0,4,1,1,0.4367,0.4841,0.5963,0.3348,14
2,0,4,2,0,4,1,3,0.5528,0.5532,0.5544,0.2705,7
2,0,4,3,0,4,1,2,0.4167,0.4114,0.4396,0.7126,8
2,0,4,4,0,4,1,1,0.477,0.4766,0.4283,0.5428,15
2,0,4,5,0,4,1,1,0.5342,0.5456,0.66,0.4251,42
2,0,4,6,0,4,1,1,0.5245,0.4799,0.4275,0.5705,87
2,0,4,7,0,4,1,3,0.4474,0.4142,0.6762,0.0235,173
2,0,4,8,0,4,1,1,0.5018,0.487,0.5141,0.1559,297
2,0,4,9,0,4,1,2,0.5134,0.4726,0.2913,0.1466,171
2,0,4,10,0,4,1,1,0.4558,0.4052,0.6477,0.2437,148
2,0,4,11,0,4,1,1,0.3882,0.3529,0.6663,0.413,169
2,0,4,12,0,4,1,1,0.4224,0.4127,0.64,0.6071,168
2,0,4,13,0,4,1,3,0.4396,0.4449,0.5142,0.0877,130
2,0,4,14,0,4,1,1,0.468,0.4064,0.5274,0.1087,144
2,0,4,15,0,4,1,2,0.5776,0.543,0.5155,0.178,115
2,0,4,16,0,4,1,1,0.5297,0.5015,0.4836,0.2945,192
2,0,4,17,0,4,1,2,0.409,0.3468,0.6038,0.2357,205
2,0,4,18,1,4,0,2,0.5947,0.5784,0.5455,0.0221,88
2,0,4,19,0,4,1,2,0.4606,0.4344,0.5144,0.3723,174
2,0,4,20,0,4,1,1,0.5132,0.4594,0.4847,0.0831,177
2,0,4,21,0,4,1,1,0.4004,0.3659,0.5878,0.114,117
2,0,4,22,0,4,1,3,0.4345,0.4288,0.7222,0.0595,64
2,0,4,23,0,4,1,2,0.5388,0.5412,0.5844,0.5803,44
2,0,4,0,0,5,0,1,0.4089,0.3986,0.4076,0.4428,20
2,0,4,1,0,5,0,1,0.4743,0.5078,0.5672,0.2234,10
2,0,4,2,0,5,0,1,0.5034,0.5117,0.6279,0.431,6
2,0,4,3,0,5,0,2,0.3988,0.3954,0.6553,0.3591,6
2,0,4,4,0,5,0,1,0.346,0.3076,0.6321,0.4102,10
2,0,4,5,0,5,0,1,0.5339,0.5412,0.5862,0.2474,30
2,0,4,6,0,5,0,1,0.6709,0.6143,0.8955,0.3599,71
2,0,4,7,0,5,0,2,0.5025,0.4998,0.4273,0.5586,126
2,0,4,8,0,5,0,3,0.516,0.4169,0.7489,0.1431,154
2,0,4,9,0,5,0,2,0.4085,0.3733,0.6366,0.335,114
2,0,4,10,0,5,0,2,0.5733,0.5027,0.8454,0.1181,71
2,0,4,11,0,5,0,2,0.444,0.4133,0.3963,0.1084,84
2,0,4,12,0,5,0,1,0.5519,0.4781,0.7546,0.3675,121
2,0,4,13,0,5,0,2,0.5129,0.4881,0.7667,0.2068,103
2,0,4,14,0,5,0,1,0.5146,0.5029,0.5513,0.3573,97
2,0,4,15,0,5,0,1,0.512,0.4668,0.4681,0.2428,138
2,0,4,16,0,5,0,2,0.5097,0.4746,0.8249,0.0921,147
2,0,4,17,0,5,0,1,0.4903,0.4723,0.4713,0.593,180
2,0,4,18,0,5,0,2,0.5383,0.5099,0.6958,0.1235,134
2,0,4,19,0,5,0,2,0.4196,0.4391,0.7496,0.2509,114
2,0,4,20,0,5,0,1,0.4537,0.4105,0.5509,0.4787,100
2,0,4,21,0,5,0,1,0.5732,0.5606,0.5501,0.2448,82
2,0,4,22,0,5,0,2,0.4825,0.4662,0.782,0.315,51
2,0,4,23,0,5,0,2,0.4476,0.3776,0.5333,0.3244,36
2,0,4,0,0,6,0,2,0.5471,0.5224,0.5033,0.2052,18
2,0,4,1,0,6,0,1,0.5333,0.5041,0.2464,0.4097,12
2,0,4,2,0,6,0,2,0.3837,0.3498,0.7048,0.3688,5
2,0,4,3,0,6,0,1,0.5258,0.5527,0.5254,0.3128,6
2,0,4,4,0,6,0,1,0.4843,0.4987,0.6642,0.3701,10
2,0,4,5,0,6,0,2,0.5245,0.4754,0.5526,0.0565,26
2,0,4,6,0,6,0,1,0.4755,0.4707,0.7305,0.11,75
2,0,4,7,0,6,0,1,0.5072,0.5042,0.7353,0.1859,195
2,0,4,8,0,6,0,1,0.3465,0.3336,0.4508,0.3714,221
2,0,4,9,0,6,0,2,0.4121,0.3585,0.5146,0.3883,88
2,0,4,10,0,6,0,3,0.5265,0.4716,0.64,0.6494,62
2,0,4,11,0,6,0,3,0.6582,0.6411,0.7391,0.177,65
2,0,4,12,0,6,0,1,0.5004,0.4906,0.5838,0.263,129
2,0,4,13,0,6,0,1,0.4262,0.3963,0.596,0.1858,129
2,0,4,14,0,6,0,2,0.4842,0.4994,0.6121,0.0487,78
2,0,4,15,0,6,0,1,0.4122,0.4364,0.4652,0.1871,107
2,0,4,16,0,6,0,1,0.5622,0.5785,0.5158,0.312,189
2,0,4,17,0,6,0,1,0.4781,0.4987,0.548,0.2377,208
2,0,4,18,0,6,0,2,0.5484,0.5205,0.6904,0.0255,178
2,0,4,19,0,6,0,2,0.464,0.4007,0.7856,0.0812,136
2,0,4,20,0,6,0,1,0.5546,0.5172,0.461,0.6197,95
2,0,4,21,1,6,0,1,0.3611,0.3396,0.6568,0.2246,55
2,0,4,22,0,6,0,2,0.4764,0.4337,0.5964,0.6483,48
2,0,4,23,0,6,0,2,0.5125,0.4754,0.51,0.3388,34
2,0,4,0,0,0,1,1,0.4602,0.4025,0.4552,0.3868,30
2,0,4,1,0,0,1,1,0.5041,0.5004,0.5978,0.3297,16
2,0,4,2,0,0,1,3,0.503,0.5267,0.5001,0.4999,6
2,0,4,3,0,0,1,2,0.5524,0.5962,0.6151,0.2648,8
2,0,4,4,0,0,1,2,0.5225,0.5038,0.4501,0.3066,11
2,0,4,5,0,0,1,2,0.5065,0.476,0.4379,0.5712,37
2,0,4,6,0,0,1,3,0.5405,0.5124,0.6994,0.2933,56
2,0,4,7,0,0,1,1,0.3843,0.4059,0.5938,0.5217,227
2,0,4,8,0,0,1,1,0.4263,0.4453,0.591,0.0663,253
2,0,4,9,0,0,1,1,0.382,0.3557,0.5096,0.2089,199
2,0,4,10,0,0,1,2,0.5174,0.5276,0.6613,0.4332,107
2,0,4,11,0,0,1,1,0.508,0.4874,0.5484,0.1112,165
2,0,4,12,0,0,1,1,0.576,0.5251,0.6637,0.1244,204
2,0,4,13,0,0,1,1,0.5036,0.4738,0.5159,0.3978,150
2,0,4,14,0,0,1,2,0.4348,0.4641,0.4429,0.3008,106
2,0,4,15,0,0,1,2,0.4884,0.4856,0.4831,0.3033,134
2,0,4,16,0,0,1,1,0.3477,0.3151,0.6211,0.2931,191
2,0,4,17,0,0,1,1,0.4504,0.456,0.4517,0.1183,229
2,0,4,18,0,0,1,2,0.3147,0.3204,0.7877,0.0359,207
2,0,4,19,0,0,1,1,0.502,0.4676,0.407,0.4879,171
2,0,4,20,0,0,1,2,0.4594,0.4141,0.5524,0.1709,100
2,0,4,21,0,0,1,1,0.4697,0.4129,0.7133,0.2078,125
2,0,4,22,0,0,1,3,0.4138,0.3438,0.6046,0.2757,59
2,0,4,23,0,0,1,1,0.4322,0.3909,0.528,0.4408,61
2,0,4,0,0,1,1,2,0.5317,0.4998,0.7085,0.0154,27
2,0,4,1,0,1,1,1,0.3827,0.4014,0.459,0.4178,14
2,0,4,2,0,1,1,1,0.5187,0.5174,0.5358,0.3588,9
2,0,4,3,0,1,1,2,0.4265,0.411,0.3764,0.0678,6
2,0,4,4,0,1,1,2,0.3656,0.2911,0.6765,0.0801,12
2,0,4,5,0,1,1,2,0.5691,0.5495,0.6377,0.476,40
2,0,4,6,0,1,1,2,0.5763,0.4981,0.638,0.3142,110
2,0,4,7,1,1,0,2,0.4455,0.4494,0.5861,0.0536,80
2,0,4,8,0,1,1,3,0.4448,0.4496,0.5802,0.0923,229
2,0,4,9,0,1,1,1,0.4657,0.4439,0.5834,0.2525,169
2,0,4,10,0,1,1,3,0.4265,0.4297,0.607,0.4141,96
2,0,4,11,0,1,1,1,0.4389,0.4474,0.5861,0.2049,169
2,0,4,12,0,1,1,1,0.5148,0.4923,0.4587,0.4787,153
2,0,4,13,0,1,1,2,0.6284,0.5927,0.2995,0.4218,136
2,0,4,14,0,1,1,1,0.4584,0.3956,0.821,0.4171,131
2,0,4,15,0,1,1,1,0.5549,0.5165,0.4926,0.1108,167
2,0,4,16,0,1,1,1,0.508,0.4527,0.5494,0.2277,181
2,0,4,17,1,1,0,2,0.3662,0.3177,0.7041,0.0556,103
2,0,4,18,0,1,1,2,0.4815,0.4355,0.6109,0.5976,193
2,0,4,19,0,1,1,1,0.4728,0.3903,0.3988,0.2393,192
2,0,4,20,0,1,1,1,0.5858,0.5859,0.4307,0.4595,153
2,0,4,21,0,1,1,1,0.5886,0.5658,0.6761,0.1533,112
2,0,4,22,0,1,1,1,0.5096,0.519,0.6421,0.4533,87
2,0,4,23,0,1,1,1,0.5683,0.5639,0.5085,0.1938,61
2,0,4,0,0,2,1,1,0.4773,0.4684,0.5656,0.2292,26
2,0,4,1,0,2,1,2,0.5659,0.5614,0.5752,0.1486,10
2,0,4,2,0,2,1,2,0.4945,0.4743,0.6003,0.4423,7
2,0,4,3,0,2,1,1,0.5644,0.5753,0.6211,0.4268,8
2,0,4,4,0,2,1,1,0.5715,0.5276,0.5239,0.2608,14
2,0,4,5,0,2,1,1,0.5377,0.5102,0.6547,0.1942,47
2,0,4,6,0,2,1,1,0.4356,0.4054,0.6418,0.3747,104
2,0,4,7,0,2,1,1,0.4581,0.4957,0.6752,0.3818,213
2,0,4,8,0,2,1,3,0.5402,0.4942,0.6631,0.3262,235
2,0,4,9,0,2,1,2,0.5501,0.5612,0.66,0.3463,136
2,0,4,10,0,2,1,2,0.4986,0.4328,0.516,0.5233,130
2,0,4,11,0,2,1,1,0.4657,0.4454,0.5557,0.6434,162
2,0,4,12,0,2,1,2,0.5009,0.4704,0.4684,0.0545,171
2,0,4,13,0,2,1,3,0.468,0.414,0.5947,0.1155,97
2,0,4,14,0,2,1,1,0.4684,0.4251,0.4744,0.5399,106
2,0,4,15,0,2,1,2,0.6247,0.6086,0.627,0.2769,143
2,0,4,16,0,2,1,1,0.4542,0.4214,0.7145,0.2173,217
2,0,4,17,0,2,1,2,0.5231,0.468,0.5705,0.2464,219
2,0,4,18,0,2,1,1,0.4982,0.5002,0.5056,0.0394,279
2,0,4,19,0,2,1,2,0.4017,0.3809,0.6298,0.1709,165
2,0,4,20,0,2,1,1,0.3992,0.3892,0.6944,0.1757,130
2,0,4,21,0,2,1,2,0.4818,0.4905,0.4808,0.1535,98
2,0,4,22,0,2,1,2,0.3508,0.3797,0.5844,0.133,74
2,0,4,23,0,2,1,2,0.6156,0.5163,0.6082,0.2332,55
2,0,4,0,0,3,1,2,0.4664,0.4399,0.5373,0.4045,24
2,0,4,1,0,3,1,1,0.4607,0.3874,0.6322,0.3054,15
2,0,4,2,0,3,1,2,0.5774,0.6303,0.3742,0.2749,9
2,0,4,3,0,3,1,1,0.4819,0.4623,0.612,0.4637,7
2,0,4,4,0,3,1,2,0.5373,0.5397,0.7859,0.1795,16
2,0,4,5,0,3,1,1,0.4517,0.4103,0.638,0.1185,37
2,0,4,6,0,3,1,2,0.4949,0.4595,0.5753,0.1776,75
2,0,4,7,0,3,1,1,0.5596,0.5646,0.4248,0.2255,231
2,0,4,8,0,3,1,3,0.4314,0.4253,0.5295,0.4074,183
2,0,4,9,0,3,1,2,0.5287,0.5526,0.6078,0.1318,190
2,0,4,10,0,3,1,1,0.3226,0.2814,0.5819,0.1116,120
2,0,4,11,0,3,1,2,0.5803,0.5448,0.4226,0.3107,125
2,0,4,12,0,3,1,1,0.4528,0.4456,0.6006,0.311,187
2,0,4,13,0,3,1,1,0.4858,0.4814,0.4678,0.6312,178
2,0,4,14,0,3,1,1,0.4849,0.4732,0.5018,0.0959,156
2,0,4,15,0,3,1,2,0.4235,0.3627,0.6783,0.377,137
2,0,4,16,0,3,1,3,0.4181,0.369,0.5421,0.1721,134
2,0,4,17,0,3,1,3,0.5283,0.5121,0.4932,0.4898,148
2,0,4,18,0,3,1,1,0.5315,0.4587,0.4525,0.4887,212
2,0,4,19,0,3,1,1,0.4298,0.3817,0.4849,0.7185,132
2,0,4,20,0,3,1,2,0.5296,0.5043,0.506,0.4106,104
2,0,4,21,0,3,1,1,0.5308,0.481,0.6737,0.4922,87
2,0,4,22,0,3,1,2,0.4653,0.4489,0.5669,0.3785,76
2,0,4,23,0,3,1,3,0.4012,0.3785,0.7152,0.222,35
2,0,4,0,0,4,1,1,0.4934,0.4451,0.4307,0.3879,32
2,0,4,1,0,4,1,1,0.5216,0.4725,0.7258,0.1042,16
2,0,4,2,0,4,1,3,0.4919,0.5056,0.5529,0.0322,6
2,0,4,3,0,4,1,2,0.4545,0.4433,0.5437,0.3511,8
2,0,4,4,0,4,1,3,0.5287,0.5097,0.5424,0.4345,9
2,0,4,5,0,4,1,2,0.5846,0.557,0.842,0.5138,36
2,0,4,6,0,4,1,1,0.4421,0.3928,0.5136,0.3281,90
2,0,4,7,0,4,1,2,0.4751,0.4345,0.8194,0.3153,222
2,0,4,8,0,4,1,2,0.688,0.5816,0.6745,0.4449,284
2,0,4,9,0,4,1,3,0.5164,0.4714,0.4382,0.2294,118
2,0,4,10,0,4,1,2,0.4073,0.3684,0.4555,0.3595,127
2,0,4,11,0,4,1,2,0.4626,0.4559,0.5939,0.0213,144
2,0,4,12,0,4,1,1,0.443,0.4028,0.5833,0.0418,217
2,0,4,13,0,4,1,1,0.5226,0.5201,0.5231,0.2774,161
2,0,4,14,0,4,1,4,0.5175,0.4839,0.5066,0.2175,72
2,0,4,15,0,4,1,3,0.4514,0.4333,0.7567,0.207,108
2,0,4,16,0,4,1,2,0.6259,0.5937,0.5893,0.2346,204
2,0,4,17,0,4,1,3,0.502,0.4979,0.6273,0.6269,155
2,0,4,18,0,4,1,1,0.4641,0.4771,0.5849,0.4948,244
2,0,4,19,0,4,1,2,0.4105,0.3604,0.5761,0.6269,168
2,0,4,20,0,4,1,2,0.4334,0.4645,0.8294,0.7368,98
2,0,4,21,0,4,1,2,0.4088,0.3626,0.6396,0.1621,111
2,0,4,22,0,4,1,2,0.4827,0.453,0.8865,0.2098,86
2,0,4,23,0,4,1,2,0.4341,0.3965,0.6643,0.1771,46
2,0,4,0,0,5,0,3,0.5551,0.5726,0.4927,0.1353,14
2,0,4,1,0,5,0,1,0.4593,0.4045,0.7203,0.3701,9
2,0,4,2,0,5,0,2,0.559,0.5526,0.5618,0.5062,5
2,0,4,3,0,5,0,1,0.5346,0.4416,0.754,0.1809,5
2,0,4,4,0,5,0,1,0.5454,0.5426,0.4899,0.2275,12
2,0,4,5,0,5,0,2,0.563,0.5291,0.3808,0.2755,24
2,0,4,6,0,5,0,2,0.6398,0.5965,0.5833,0.2293,54
2,0,4,7,0,5,0,3,0.4408,0.398,0.7472,0.1974,123
2,0,4,8,0,5,0,1,0.5594,0.5295,0.4953,0.1351,187
2,0,4,9,0,5,0,1,0.5281,0.491,0.6406,0.1358,127
2,0,4,10,0,5,0,2,0.5747,0.5012,0.4901,0.1238,93
2,0,4,11,0,5,0,3,0.508,0.459,0.6843,0.0906,91
2,0,4,12,0,5,0,3,0.5825,0.5774,0.5272,0.47,102
2,0,4,13,0,5,0,3,0.4098,0.3772,0.6032,0.4917,73
2,0,4,14,0,5,0,2,0.4299,0.3847,0.531,0.4937,74
2,0,4,15,0,5,0,3,0.4604,0.4388,0.481,0.1669,85
2,0,4,16,0,5,0,1,0.495,0.4849,0.3403,0.362,146
2,0,4,17,0,5,0,3,0.5035,0.4978,0.415,0.5993,136
2,0,4,18,0,5,0,2,0.4484,0.4361,0.5376,0.561,117
2,0,4,19,0,5,0,1,0.4309,0.4456,0.6249,0.0938,137
2,0,4,20,0,5,0,2,0.4544,0.4331,0.7935,0.1,103
2,0,4,21,0,5,0,2,0.3806,0.3545,0.5086,0.4472,64
2,0,4,22,0,5,0,1,0.4801,0.4823,0.4946,0.5122,59
2,0,4,23,0,5,0,1,0.4961,0.4501,0.412,0.4101,51
2,0,4,0,0,6,0,2,0.5353,0.4964,0.6739,0.335,16
2,0,4,1,0,6,0,3,0.5161,0.4425,0.6398,0.3483,7
2,0,4,2,0,6,0,2,0.63,0.6529,0.6249,0.5636,4
2,0,4,3,0,6,0,1,0.5613,0.5958,0.6126,0.0269,7
2,0,4,4,0,6,0,2,0.556,0.523,0.5264,0.3326,9
2,0,4,5,0,6,0,1,0.53,0.5264,0.7342,0.2708,33
2,0,4,6,0,6,0,1,0.5419,0.5358,0.478,0.5537,82
2,0,4,7,0,6,0,1,0.489,0.4702,0.5143,0.2714,176
2,0,4,8,0,6,0,2,0.5114,0.5223,0.4492,0.4253,169
2,0,4,9,0,6,0,1,0.6389,0.569,0.5557,0.2486,137
2,0,4,10,0,6,0,1,0.4995,0.469,0.4782,0.1161,91
2,0,4,11,0,6,0,1,0.4112,0.328,0.4957,0.2491,122
2,0,4,12,0,6,0,2,0.5532,0.4952,0.4272,0.1148,159
2,0,4,13,0,6,0,1,0.5657,0.4886,0.4562,0.6553,131
2,0,4,14,0,6,0,1,0.5152,0.4344,0.3782,0.3017,110
2,0,4,15,0,6,0,2,0.3729,0.3394,0.6142,0.1567,102
2,0,4,16,0,6,0,2,0.5945,0.5757,0.4677,0.1801,121
2,0,4,17,0,6,0,2,0.5205,0.4745,0.7645,0.1197,165
2,0,4,18,0,6,0,2,0.4827,0.4422,0.6848,0.1599,194
2,0,4,19,0,6,0,2,0.5876,0.5362,0.5796,0.5103,106
2,0,4,20,0,6,0,2,0.3627,0.3488,0.6396,0.1235,103
2,0,4,21,0,6,0,2,0.5123,0.4685,0.6742,0.7393,57
2,0,4,22,0,6,0,2,0.4666,0.413,0.5118,0.0426,58
2,0,4,23,0,6,0,1,0.6089,0.6064,0.5468,0.6501,41
2,0,4,0,0,0,1,1,0.5256,0.4732,0.7008,0.167,28
2,0,4,1,0,0,1,1,0.4481,0.3875,0.7085,0.1567,13
2,0,4,2,0,0,1,1,0.5883,0.5811,0.4788,0.4901,8
2,0,4,3,0,0,1,3,0.3365,0.2692,0.8469,0.1526,7
2,0,4,4,0,0,1,1,0.5442,0.5538,0.4091,0.23,17
2,0,4,5,0,0,1,2,0.4202,0.3684,0.2971,0.1539,35
2,0,4,6,0,0,1,4,0.4763,0.4548,0.7781,0.4388,50
2,0,4,7,0,0,1,2,0.4918,0.4373,0.6588,0.1565,181
2,0,4,8,0,0,1,1,0.5723,0.5441,0.5936,0.2481,341
2,0,4,9,0,0,1,3,0.6629,0.6141,0.6686,0.0622,122
2,0,4,10,0,0,1,1,0.3841,0.3354,0.4899,0.1682,110
2,0,4,11,0,0,1,1,0.5399,0.4648,0.3628,0.0571,165
2,0,4,12,0,0,1,1,0.6628,0.6134,0.5174,0.2817,177
2,0,4,13,1,0,0,1,0.4685,0.4593,0.4877,0.4268,77
2,0,4,14,0,0,1,2,0.4642,0.4612,0.4528,0.1945,126
2,0,4,15,0,0,1,1,0.5251,0.4773,0.4991,0.567,157
2,0,4,16,0,0,1,2,0.5666,0.5168,0.5008,0.2654,222
2,0,4,17,0,0,1,1,0.5547,0.5217,0.5148,0.1397,296
2,0,4,18,1,0,0,3,0.4835,0.4594,0.6171,0.2909,71
2,0,4,19,0,0,1,1,0.4524,0.4297,0.6383,0.1289,177
2,0,4,20,0,0,1,3,0.6008,0.5577,0.6073,0.1982,101
2,0,4,21,0,0,1,1,0.4544,0.4207,0.2665,0.26,97
2,0,4,22,0,0,1,3,0.3745,0.3471,0.4493,0.2511,72
2,0,4,23,0,0,1,2,0.4069,0.3141,0.4509,0.0806,48
2,0,4,0,0,1,1,2,0.4725,0.4367,0.7152,0.0566,21
2,0,4,1,0,1,1,1,0.6173,0.6099,0.4698,0.4404,16
2,0,4,2,0,1,1,2,0.4296,0.4499,0.3439,0.253,7
2,0,4,3,0,1,1,2,0.6193,0.6237,0.6543,0.2667,6
2,0,4,4,0,1,1,2,0.6043,0.5768,0.5826,0.017,11
2,0,4,5,0,1,1,2,0.5286,0.4665,0.8733,0.0907,33
2,0,4,6,0,1,1,3,0.3344,0.3012,0.4059,0.391,56
2,0,4,7,0,1,1,4,0.4299,0.3856,0.5454,0.3546,121
2,0,4,8,0,1,1,2,0.4684,0.4028,0.4472,0.2724,275
2,0,4,9,0,1,1,1,0.6339,0.574,0.4474,0.1501,187
2,0,4,10,0,1,1,1,0.473,0.4274,0.4729,0.1215,106
2,0,4,11,0,1,1,2,0.4587,0.3939,0.4398,0.1898,129
2,0,4,12,1,1,0,3,0.526,0.5277,0.5939,0.0712,62
2,0,4,13,0,1,1,1,0.4141,0.4117,0.5792,0.051,164
2,0,4,14,0,1,1,1,0.5111,0.484,0.5678,0.0878,145
2,0,4,15,0,1,1,1,0.4569,0.4455,0.7238,0.4654,157
2,0,4,16,0,1,1,1,0.7009,0.6751,0.6386,0.7578,175
2,0,4,17,0,1,1,4,0.4486,0.4041,0.6719,0.3329,129
2,0,4,18,0,1,1,2,0.6479,0.6695,0.591,0.4243,204
2,0,4,19,0,1,1,1,0.433,0.3883,0.6087,0.3353,173
2,0,4,20,0,1,1,1,0.5312,0.4546,0.6829,0.4002,147
2,0,4,21,0,1,1,1,0.5478,0.5253,0.4344,0.079,139
2,0,4,22,0,1,1,2,0.5227,0.5135,0.4931,0.3264,84
2,0,4,23,0,1,1,2,0.5184,0.4834,0.5804,0.1514,44
2,0,4,0,0,2,1,1,0.5773,0.5857,0.5768,0.2898,28
2,0,4,1,0,2,1,1,0.5462,0.5243,0.4013,0.1209,13
2,0,4,2,1,2,0,3,0.5049,0.455,0.6633,0.2413,3
2,0,4,3,0,2,1,2,0.4697,0.4284,0.7446,0.0887,8
2,0,4,4,0,2,1,2,0.5054,0.4845,0.7355,0.2996,14
2,0,4,5,0,2,1,2,0.5045,0.4817,0.4886,0.2406,35
2,0,4,6,0,2,1,4,0.5031,0.5144,0.6738,0.1422,56
2,0,4,7,0,2,1,2,0.5223,0.5212,0.5234,0.1804,194
2,0,4,8,0,2,1,3,0.4183,0.3504,0.5803,0.1497,223
2,0,4,9,0,2,1,1,0.445,0.4177,0.7041,0.3909,180
2,0,4,10,0,2,1,1,0.5752,0.5091,0.7327,0.3317,113
2,0,4,11,0,2,1,1,0.3594,0.3852,0.5188,0.1233,130
2,0,4,12,1,2,0,3,0.6007,0.5415,0.5095,0.1725,56
2,0,4,13,0,2,1,2,0.4778,0.46,0.7516,0.3193,117
2,0,4,14,0,2,1,1,0.6338,0.5812,0.5597,0.2666,128
2,0,4,15,0,2,1,3,0.6028,0.5133,0.2117,0.0966,124
2,0,4,16,1,2,0,3,0.494,0.4317,0.6246,0.1075,57
2,0,4,17,0,2,1,1,0.5013,0.4687,0.4757,0.48,233
2,0,4,18,0,2,1,2,0.6285,0.6141,0.5377,0.355,207
2,0,4,19,0,2,1,2,0.6061,0.5917,0.643,0.4464,205
2,0,4,20,0,2,1,1,0.585,0.5159,0.35,0.3488,135
2,0,4,21,0,2,1,2,0.597,0.5766,0.6635,0.2363,109
2,0,4,22,0,2,1,1,0.4408,0.4473,0.39,0.7623,66
2,0,4,23,0,2,1,3,0.5313,0.5201,0.4827,0.4086,47
2,0,4,0,0,3,1,2,0.4672,0.433,0.6102,0.4634,23
2,0,4,1,0,3,1,3,0.4432,0.4224,0.4244,0.3491,10
2,0,4,2,0,3,1,2,0.5326,0.5105,0.4248,0.3159,7
2,0,4,3,0,3,1,1,0.4921,0.5094,0.6123,0.3107,8
2,0,4,4,0,3,1,1,0.5095,0.535,0.6356,0.2167,18
2,0,4,5,0,3,1,2,0.4861,0.4811,0.5507,0.3197,34
2,0,4,6,0,3,1,1,0.4333,0.4132,0.6464,0.0606,102
2,0,4,7,0,3,1,2,0.6399,0.6069,1.0,0.2724,206
2,0,4,8,0,3,1,1,0.532,0.5076,0.3933,0.2278,299
2,0,4,9,0,3,1,1,0.4201,0.4053,0.3033,0.3281,169
2,0,4,10,0,3,1,2,0.5338,0.4916,0.7069,0.1768,114
2,0,4,11,0,3,1,2,0.6276,0.6553,0.4302,0.3029,157
2,0,4,12,0,3,1,2,0.5882,0.535,0.6164,0.3514,174
2,0,4,13,0,3,1,2,0.4848,0.4994,0.6449,0.7405,117
2,0,4,14,0,3,1,1,0.4865,0.3962,0.5679,0.4154,131
2,0,4,15,0,3,1,2,0.4541,0.4231,0.6054,0.4865,143
2,0,4,16,0,3,1,2,0.4691,0.4355,0.7772,0.5015,179
2,0,4,17,0,3,1,2,0.4748,0.4579,0.4986,0.2199,197
2,0,4,18,0,3,1,1,0.4183,0.3865,0.7253,0.3211,287
2,0,4,19,0,3,1,2,0.49,0.5071,0.4149,0.1944,134
2,0,4,20,0,3,1,1,0.5452,0.5106,0.6142,0.4364,178
2,0,4,21,0,3,1,2,0.4921,0.4366,0.6305,0.1351,101
2,0,4,22,0,3,1,1,0.5363,0.4805,0.5629,0.4649,101
2,0,4,23,0,3,1,3,0.6346,0.5887,0.6885,0.371,38
2,0,4,0,0,4,1,2,0.6537,0.6427,0.5775,0.1603,28
2,0,4,1,0,4,1,2,0.5205,0.5216,0.6122,0.6164,10
2,0,4,2,0,4,1,2,0.5868,0.5214,0.4876,0.4292,7
2,0,4,3,0,4,1,2,0.5135,0.4639,0.4525,0.2051,7
2,0,4,4,0,4,1,1,0.4911,0.4345,0.4495,0.2907,15
2,0,4,5,0,4,1,2,0.447,0.4161,0.4988,0.4127,45
2,0,4,6,0,4,1,4,0.5313,0.5336,0.4186,0.2513,63
2,0,4,7,0,4,1,1,0.6011,0.5762,0.7964,0.4571,246
2,0,4,8,0,4,1,1,0.436,0.4307,0.5354,0.7326,264
2,0,4,9,0,4,1,2,0.5051,0.5023,0.5712,0.234,135
2,0,4,10,0,4,1,1,0.5017,0.459,0.4346,0.0221,177
2,0,4,11,0,4,1,2,0.5425,0.4769,0.8176,0.1826,112
2,0,4,12,0,4,1,2,0.5436,0.4988,0.5417,0.2779,191
2,0,4,13,0,4,1,2,0.5628,0.5593,0.5016,0.147,151
2,0,4,14,0,4,1,1,0.658,0.6432,0.5127,0.3489,126
2,0,4,15,0,4,1,1,0.4643,0.4434,0.547,0.3556,173
2,0,4,16,0,4,1,3,0.4604,0.4659,0.5359,0.227,161
2,0,4,17,0,4,1,1,0.5425,0.5198,0.4108,0.3874,279
2,0,4,18,0,4,1,2,0.6269,0.5856,0.6755,0.1658,208
2,0,4,19,0,4,1,1,0.4228,0.3546,0.4387,0.155,162
2,0,4,20,0,4,1,1,0.5484,0.5591,0.6694,0.5816,121
2,0,4,21,0,4,1,1,0.5111,0.4827,0.4127,0.5117,120
2,0,4,22,0,4,1,1,0.585,0.5422,0.5931,0.1642,87
2,0,4,23,0,4,1,2,0.5692,0.5376,0.4494,0.0789,55
2,0,4,0,0,5,0,2,0.5327,0.551,0.4852,0.1688,16
2,0,4,1,0,5,0,3,0.5634,0.565,0.6303,0.3712,6
2,0,4,2,0,5,0,3,0.4832,0.4483,0.7143,0.3903,4
2,0,4,3,0,5,0,1,0.5853,0.5701,0.7913,0.1849,8
2,0,4,4,0,5,0,1,0.6264,0.6318,0.6174,0.6446,9
2,0,4,5,0,5,0,3,0.5363,0.5199,0.5719,0.3983,19
2,0,4,6,0,5,0,1,0.5007,0.4793,0.457,0.5222,80
2,0,4,7,0,5,0,1,0.5191,0.4305,0.3579,0.1228,209
2,0,4,8,0,5,0,1,0.5846,0.5927,0.647,0.3994,165
2,0,4,9,0,5,0,2,0.5264,0.4692,0.5422,0.3862,92
2,0,4,10,0,5,0,1,0.4453,0.3669,0.5737,0.2197,117
2,0,4,11,0,5,0,1,0.5959,0.512,0.5248,0.2279,113
2,0,4,12,0,5,0,2,0.4605,0.4118,0.4864,0.2193,123
2,0,4,13,0,5,0,2,0.559,0.5456,0.6538,0.0148,100
2,0,4,14,0,5,0,1,0.3987,0.4135,0.7772,0.3995,95
2,0,4,15,0,5,0,2,0.5369,0.5203,0.4286,0.1341,98
2,0,4,16,0,5,0,1,0.5245,0.5504,0.3477,0.2992,147
2,0,4,17,0,5,0,1,0.3916,0.3599,0.5444,0.1611,179
2,0,4,18,0,5,0,1,0.5526,0.518,0.4865,0.3497,174
2,0,4,19,0,5,0,1,0.4522,0.3736,0.7146,0.487,128
2,0,4,20,0,5,0,1,0.5352,0.4912,0.6333,0.2758,114
2,0,4,21,0,5,0,3,0.5005,0.4142,0.8001,0.1466,58
2,0,4,22,0,5,0,1,0.4257,0.3641,0.7019,0.3487,54
2,0,4,23,0,5,0,3,0.4561,0.4522,0.5852,0.4431,25
2,0,4,0,0,6,0,1,0.4658,0.3919,0.5906,0.3625,20
2,0,4,1,0,6,0,1,0.6021,0.5244,0.6198,0.0739,9
2,0,4,2,0,6,0,2,0.5919,0.5095,0.4636,0.2676,6
2,0,4,3,0,6,0,2,0.687,0.6759,0.6251,0.0985,6
2,0,4,4,0,6,0,1,0.4975,0.5218,0.7373,0.1731,13
2,0,4,5,0,6,0,1,0.4953,0.4683,0.497,0.5467,24
2,0,4,6,0,6,0,2,0.5428,0.544,0.5438,0.2866,58
2,0,4,7,0,6,0,1,0.5085,0.4482,0.6517,0.0991,155
2,0,4,8,0,6,0,2,0.4926,0.5049,0.7527,0.1778,202
2,0,4,9,0,6,0,2,0.5372,0.4888,0.4838,0.2732,116
2,0,4,10,0,6,0,1,0.5826,0.5735,0.6022,0.0559,100
2,0,4,11,0,6,0,2,0.3855,0.3654,0.5691,0.4106,96
2,0,4,12,0,6,0,1,0.4933,0.4111,0.54,0.247,154
2,0,4,13,0,6,0,3,0.4352,0.3869,0.3498,0.441,74
2,0,4,14,0,6,0,3,0.5226,0.5016,0.4836,0.1813,71
2,0,4,15,0,6,0,2,0.5637,0.48,0.4256,0.4382,100
2,0,4,16,0,6,0,3,0.6116,0.5899,0.5567,0.4558,95
2,0,4,17,0,6,0,2,0.503,0.4354,0.5185,0.4732,143
2,0,4,18,0,6,0,1,0.5408,0.53,0.4302,0.2685,161
2,0,4,19,0,6,0,1,0.4156,0.354,0.5409,0.7167,140
2,0,4,20,0,6,0,1,0.4731,0.4628,0.7967,0.1316,115
2,0,4,21,0,6,0,1,0.5479,0.545,0.4933,0.2474,97
2,0,4,22,0,6,0,2,0.4382,0.4113,0.5263,0.3246,48
2,0,4,23,0,6,0,2,0.62,0.5866,0.5457,0.6464,39
2,0,4,0,0,0,1,2,0.5741,0.5899,0.4858,0.4373,22
2,0,4,1,0,0,1,1,0.4741,0.4269,0.3838,0.2432,12
2,0,4,2,0,0,1,1,0.4337,0.396,0.7903,0.3052,6
2,0,4,3,0,0,1,1,0.4871,0.4819,0.3534,0.2474,9
2,0,4,4,0,0,1,4,0.4745,0.4634,0.3674,0.2487,8
2,0,4,5,0,0,1,1,0.4522,0.4223,0.663,0.0447,42
2,0,4,6,0,0,1,1,0.4389,0.3805,0.3272,0.0232,81
2,0,4,7,0,0,1,1,0.5213,0.5244,0.6657,0.525,247
2,0,4,8,0,0,1,3,0.5887,0.5221,0.6765,0.599,196
2,0,4,9,0,0,1,1,0.4876,0.5316,0.477,0.1074,195
2,0,4,10,0,0,1,2,0.5686,0.5043,0.5781,0.0951,137
2,0,4,11,0,0,1,1,0.5145,0.4556,0.5671,0.2015,129
2,0,4,12,0,0,1,1,0.5803,0.5615,0.4765,0.1739,219
2,0,4,13,0,0,1,2,0.4824,0.4747,0.4993,0.4853,137
2,0,4,14,0,0,1,2,0.5571,0.5,0.5543,0.6164,118
2,0,4,15,0,0,1,2,0.5458,0.5693,0.5171,0.3545,156
2,0,4,16,0,0,1,1,0.6328,0.611,0.6422,0.2345,221
2,0,4,17,0,0,1,3,0.5765,0.5403,0.5551,0.2112,275
2,0,4,18,0,0,1,2,0.5553,0.5391,0.6273,0.6245,229
2,0,4,19,0,0,1,3,0.4345,0.4491,0.5266,0.2345,129
2,0,4,20,0,0,1,1,0.5006,0.5239,0.65,0.3601,132
2,0,4,21,0,0,1,1,0.4814,0.4631,0.6792,0.4664,96
2,0,4,22,0,0,1,1,0.4799,0.4176,0.3356,0.6746,76
2,0,4,23,0,0,1,2,0.5385,0.4738,0.6185,0.2034,53
2,0,4,0,0,1,1,2,0.5583,0.4879,0.4901,0.1028,25
2,0,4,1,0,1,1,2,0.561,0.5137,0.5208,0.1273,15
2,0,4,2,0,1,1,1,0.6297,0.5994,0.611,0.2033,10
2,0,4,3,0,1,1,1,0.5753,0.5529,0.5882,0.4623,9
2,0,4,4,0,1,1,1,0.4555,0.4665,0.5454,0.054,15
2,0,4,5,0,1,1,2,0.5556,0.4656,0.6528,0.0855,46
2,0,4,6,1,1,0,1,0.5823,0.5529,0.595,0.3061,44
2,0,4,7,0,1,1,1,0.6298,0.6121,0.4825,0.4209,287
2,0,4,8,0,1,1,1,0.5306,0.4199,0.7053,0.467,224
2,0,4,9,0,1,1,1,0.5313,0.5184,0.7012,0.1297,188
2,0,4,10,0,1,1,3,0.617,0.668,0.5751,0.3235,99
2,0,4,11,0,1,1,1,0.5539,0.5494,0.5065,0.1691,204
2,0,4,12,0,1,1,3,0.4295,0.4173,0.4809,0.089,135
2,0,4,13,0,1,1,2,0.4145,0.3856,0.7742,0.2961,150
2,0,4,14,0,1,1,2,0.6703,0.6438,0.5514,0.0681,88
2,0,4,15,0,1,1,2,0.4215,0.4465,0.5909,0.3913,132
2,0,4,16,0,1,1,2,0.5297,0.4928,0.6241,0.3145,205
2,0,4,17,0,1,1,2,0.6032,0.6089,0.242,0.2726,254
2,0,4,18,1,1,0,1,0.4179,0.4109,0.4636,0.0863,106
2,0,4,19,0,1,1,3,0.4657,0.4912,0.8377,0.5883,110
2,0,4,20,0,1,1,1,0.4542,0.4641,0.2378,0.0873,152
2,0,4,21,0,1,1,1,0.6675,0.6398,0.3939,0.2513,122
2,0,4,22,0,1,1,1,0.6827,0.6523,0.5195,0.4885,86
2,0,4,23,0,1,1,2,0.49,0.4561,0.4544,0.2527,63
2,0,4,0,0,2,1,1,0.586,0.586,0.4837,0.109,28
2,0,4,1,0,2,1,1,0.567,0.5209,0.4352,0.1137,17
2,0,4,2,0,2,1,1,0.5258,0.5029,0.5532,0.3709,9
2,0,4,3,0,2,1,1,0.4315,0.4042,0.6166,0.365,8
2,0,4,4,0,2,1,1,0.7069,0.6314,0.6219,0.3013,16
2,0,4,5,0,2,1,3,0.4183,0.404,0.4752,0.4095,36
2,0,4,6,0,2,1,1,0.5603,0.4865,0.6905,0.2667,86
2,0,4,7,0,2,1,3,0.5001,0.4616,0.5909,0.2029,214
2,0,4,8,0,2,1,2,0.616,0.6052,0.7023,0.2458,314
2,0,4,9,0,2,1,2,0.6046,0.5795,0.6084,0.2595,172
2,0,4,10,0,2,1,3,0.4769,0.4576,0.5424,0.2398,90
2,0,4,11,0,2,1,1,0.4901,0.4397,0.5454,0.1321,155
2,0,4,12,0,2,1,2,0.4369,0.4465,0.6161,0.5656,198
2,0,4,13,0,2,1,1,0.5591,0.5045,0.7253,0.1146,188
2,0,4,14,0,2,1,1,0.5952,0.5866,0.5888,0.1149,160
2,0,4,15,0,2,1,1,0.5145,0.5277,0.5989,0.0596,216
2,0,4,16,0,2,1,2,0.5283,0.456,0.6416,0.4024,220
2,0,4,17,0,2,1,2,0.679,0.6328,0.3608,0.1711,242
2,0,4,18,0,2,1,1,0.611,0.5655,0.4021,0.4889,220
2,0,4,19,0,2,1,2,0.6398,0.616,0.5999,0.4237,146
2,0,4,20,0,2,1,1,0.3885,0.3408,0.459,0.3218,143
2,0,4,21,0,2,1,1,0.5837,0.5196,0.5421,0.2354,104
2,0,4,22,0,2,1,1,0.563,0.5333,0.5722,0.2604,92
2,0,4,23,0,2,1,2,0.4578,0.4181,0.8633,0.2742,42
2,0,4,0,0,3,1,2,0.4763,0.4481,0.5529,0.2386,30
2,0,4,1,0,3,1,1,0.5341,0.5342,0.3204,0.1873,18
2,0,4,2,0,3,1,1,0.4554,0.3842,0.5986,0.3771,9
2,0,4,3,0,3,1,2,0.4935,0.4654,0.6962,0.1853,8
2,0,4,4,0,3,1,2,0.5171,0.4735,0.638,0.283,14
2,0,4,5,0,3,1,1,0.5895,0.5608,0.6299,0.4611,38
2,0,4,6,0,3,1,2,0.4999,0.4573,0.4857,0.5933,74
2,0,4,7,0,3,1,2,0.5181,0.4568,0.5237,0.2366,215
2,0,4,8,0,3,1,2,0.6211,0.6018,0.4722,0.2617,193
2,0,4,9,0,3,1,1,0.4259,0.4877,0.4859,0.2582,183
2,0,4,10,0,3,1,3,0.5653,0.534,0.5491,0.4685,103
2,0,4,11,0,3,1,2,0.5766,0.526,0.6845,0.1498,130
2,0,4,12,0,3,1,1,0.5786,0.5278,0.9198,0.155,221
2,0,4,13,0,3,1,3,0.5143,0.5166,0.5917,0.5268,114
2,0,4,14,0,3,1,2,0.4748,0.4248,0.639,0.3321,110
2,0,4,15,0,3,1,2,0.6558,0.662,0.2847,0.3737,124
2,0,4,16,0,3,1,2,0.4894,0.4159,0.5214,0.1994,191
2,0,4,17,0,3,1,1,0.4712,0.4534,0.7579,0.2122,279
2,0,4,18,0,3,1,2,0.5508,0.5432,0.5854,0.1886,223
2,0,4,19,0,3,1,1,0.4976,0.4956,0.5615,0.1267,190
2,0,4,20,0,3,1,3,0.6229,0.6126,0.9222,0.1675,100
2,0,4,21,0,3,1,1,0.5308,0.5123,0.7169,0.2015,119
2,0,4,22,0,3,1,1,0.632,0.635,0.6667,0.5535,88
2,0,4,23,0,3,1,1,0.5808,0.522,0.5665,0.1448,72
2,0,4,0,0,4,1,2,0.5261,0.4805,0.6071,0.3461,27
2,0,4,1,0,4,1,2,0.6313,0.5876,0.831,0.4227,11
2,0,4,2,0,4,1,2,0.5078,0.5269,0.8424,0.318,8
2,0,4,3,0,4,1,1,0.5309,0.5184,0.51,0.199,10
2,0,4,4,0,4,1,1,0.5904,0.5813,0.3796,0.2578,17
2,0,4,5,0,4,1,2,0.5692,0.5354,0.5804,0.129,39
2,0,4,6,0,4,1,1,0.5062,0.5054,0.6661,0.0912,145
2,0,4,7,0,4,1,2,0.4458,0.3769,0.7912,0.2016,214
2,0,4,8,0,4,1,3,0.552,0.5121,0.5619,0.0439,208
2,0,4,9,0,4,1,2,0.5024,0.4708,0.5326,0.304,124
2,0,4,10,0,4,1,1,0.5554,0.5134,0.7079,0.3263,147
2,0,4,11,0,4,1,2,0.5239,0.488,0.4637,0.031,138
2,0,4,12,0,4,1,3,0.5031,0.4943,0.546,0.5078,107
2,0,4,13,0,4,1,2,0.5345,0.515,0.5751,0.3278,135
2,0,4,14,0,4,1,2,0.5482,0.5566,0.5659,0.2794,140
2,0,4,15,0,4,1,1,0.602,0.5093,0.728,0.4297,155
2,0,4,16,0,4,1,2,0.5829,0.5984,0.6387,0.3986,173
2,0,4,17,0,4,1,1,0.6999,0.6454,0.5096,0.2569,258
2,0,4,18,0,4,1,2,0.5632,0.5745,0.5462,0.26,271
2,0,4,19,0,4,1,3,0.5062,0.4684,0.9102,0.3668,125
2,0,4,20,0,4,1,3,0.5417,0.5257,0.4012,0.0279,110
2,0,4,21,0,4,1,1,0.5931,0.5311,0.349,0.1854,131
2,0,4,22,0,4,1,2,0.6236,0.5559,0.4255,0.3145,61
2,0,4,23,0,4,1,1,0.6472,0.6323,0.611,0.3116,53
2,0,4,0,0,5,0,2,0.486,0.3818,0.7113,0.2848,17
2,0,4,1,0,5,0,2,0.6469,0.5781,0.561,0.3961,8
2,0,4,2,0,5,0,2,0.554,0.5493,0.5072,0.4605,5
2,0,4,3,0,5,0,1,0.4923,0.4553,0.4867,0.2754,8
2,0,4,4,0,5,0,2,0.543,0.4893,0.3669,0.2738,11
2,0,4,5,0,5,0,2,0.642,0.6556,0.7668,0.4485,21
2,0,4,6,0,5,0,2,0.5892,0.616,0.5505,0.4634,58
2,0,4,7,0,5,0,2,0.4724,0.4488,0.6015,0.0715,169
2,0,4,8,0,5,0,2,0.4729,0.4875,0.6772,0.0912,177
2,0,4,9,0,5,0,1,0.471,0.4929,0.7413,0.1298,113
2,0,4,10,0,5,0,1,0.506,0.4802,0.5477,0.1048,110
2,0,4,11,0,5,0,2,0.5626,0.5191,0.4654,0.1805,102
2,0,4,12,0,5,0,2,0.4784,0.4571,0.5722,0.4186,96
2,0,4,13,0,5,0,1,0.5272,0.4572,0.559,0.2337,106
2,0,4,14,0,5,0,1,0.6554,0.6396,0.5079,0.1428,94
2,0,4,15,0,5,0,3,0.6705,0.6271,0.4234,0.3832,72
2,0,4,16,0,5,0,3,0.6658,0.6342,0.6215,0.1604,99
2,0,4,17,0,5,0,2,0.4316,0.4113,0.7339,0.035,189
2,0,4,18,0,5,0,2,0.6744,0.6152,0.785,0.1186,144
2,0,4,19,0,5,0,3,0.5636,0.5344,0.4841,0.2702,75
2,0,4,20,0,5,0,2,0.5627,0.4938,0.7859,0.6156,90
2,0,4,21,0,5,0,1,0.6292,0.5833,0.4428,0.6374,79
2,0,4,22,0,5,0,2,0.6065,0.5427,0.5927,0.2964,49
2,0,4,23,0,5,0,3,0.4264,0.3788,0.7003,0.4247,31
2,0,4,0,0,6,0,2,0.5182,0.4246,0.6415,0.3464,17
2,0,4,1,0,6,0,1,0.5355,0.4958,0.7446,0.492,10
2,0,4,2,0,6,0,3,0.468,0.4591,0.4522,0.0445,5
2,0,4,3,0,6,0,2,0.6309,0.6047,0.5533,0.3509,5
2,0,4,4,0,6,0,1,0.6618,0.6612,0.5508,0.158,11
2,0,4,5,0,6,0,3,0.5604,0.5038,0.7119,0.1058,24
2,0,4,6,0,6,0,2,0.582,0.5385,0.5474,0.2349,56
2,0,4,7,0,6,0,2,0.5603,0.5598,0.6033,0.1572,143
2,0,4,8,0,6,0,3,0.568,0.537,0.5442,0.2076,156
2,0,4,9,0,6,0,1,0.6393,0.6129,0.6186,0.3524,104
2,0,4,10,0,6,0,2,0.4375,0.4791,0.4851,0.1597,83
2,0,4,11,0,6,0,1,0.5951,0.5577,0.4409,0.4207,108
2,0,4,12,0,6,0,3,0.5619,0.5193,0.5154,0.7255,93
2,0,4,13,0,6,0,3,0.5112,0.4558,0.465,0.6466,74
2,0,4,14,0,6,0,2,0.5259,0.4909,0.5509,0.3106,86
2,0,4,15,0,6,0,2,0.6894,0.6855,0.669,0.2964,110
2,0,4,16,0,6,0,2,0.4682,0.462,0.4147,0.4494,106
2,0,4,17,0,6,0,1,0.5493,0.5648,0.5255,0.418,204
2,0,4,18,0,6,0,1,0.6752,0.6522,0.8356,0.1495,216
2,0,4,19,0,6,0,1,0.4722,0.3814,0.3598,0.1134,140
2,0,4,20,0,6,0,2,0.5292,0.5216,0.4412,0.148,95
2,0,4,21,0,6,0,2,0.5641,0.539,0.6115,0.3315,69
2,0,4,22,0,6,0,2,0.59,0.5605,0.3827,0.2821,58
2,0,4,23,0,6,0,1,0.5555,0.5642,0.5595,0.3182,42
2,0,4,0,0,0,1,2,0.5023,0.4689,0.7764,0.2905,30
2,0,4,1,0,0,1,1,0.5963,0.5838,0.5005,0.0355,17
2,0,4,2,0,0,1,4,0.5579,0.4977,0.4681,0.5559,4
2,0,4,3,0,0,1,3,0.6089,0.5329,0.3802,0.2163,7
2,0,4,4,0,0,1,2,0.6296,0.5801,0.4699,0.4626,12
2,0,4,5,0,0,1,2,0.4609,0.4284,0.5468,0.295,37
2,0,4,6,0,0,1,1,0.6373,0.6218,0.8318,0.4959,83
2,0,4,7,0,0,1,1,0.5471,0.4868,0.5532,0.5143,186
2,0,4,8,0,0,1,2,0.6227,0.6368,0.5589,0.3159,253
2,0,4,9,0,0,1,2,0.5995,0.5406,0.5698,0.1623,191
2,0,4,10,0,0,1,1,0.6947,0.6573,0.4709,0.5604,100
2,0,4,11,0,0,1,1,0.5654,0.5375,0.2923,0.5923,133
2,0,4,12,0,0,1,2,0.5367,0.5188,0.7488,0.332,162
2,0,4,13,0,0,1,1,0.529,0.5161,0.648,0.0961,199
2,0,4,14,0,0,1,1,0.4923,0.5356,0.7088,0.2151,137
2,0,4,15,0,0,1,2,0.6215,0.5723,0.6038,0.2016,115
2,0,4,16,1,0,0,3,0.4878,0.4728,0.7147,0.2349,57
2,0,4,17,0,0,1,1,0.6209,0.5873,0.3904,0.2845,252
2,0,4,18,0,0,1,1,0.5493,0.5513,0.5817,0.2304,252
2,0,4,19,0,0,1,1,0.4415,0.4329,0.6375,0.0991,221
2,0,4,20,0,0,1,1,0.6691,0.6422,0.7338,0.4604,165
2,0,4,21,0,0,1,2,0.3286,0.2674,0.6255,0.0164,96
2,0,4,22,0,0,1,1,0.5592,0.5177,0.6256,0.1372,95
2,0,4,23,1,0,0,1,0.5813,0.5229,0.6027,0.331,26
2,0,5,0,0,1,1,3,0.4073,0.3735,0.3986,0.5774,23
2,0,5,1,0,1,1,2,0.5996,0.5449,0.5048,0.6163,13
2,0,5,2,0,1,1,1,0.5219,0.4802,0.5154,0.1948,7
2,0,5,3,0,1,1,1,0.5513,0.5114,0.676,0.2298,11
2,0,5,4,0,1,1,2,0.6627,0.6178,0.6377,0.4608,13
2,0,5,5,0,1,1,2,0.5787,0.541,0.7567,0.4257,41
2,0,5,6,1,1,0,3,0.5442,0.4891,0.6346,0.0407,33
2,0,5,7,0,1,1,1,0.5568,0.5301,0.5504,0.2967,227
2,0,5,8,0,1,1,2,0.6931,0.6314,0.7299,0.3261,267
2,0,5,9,0,1,1,1,0.5971,0.5492,0.4267,0.0909,193
2,0,5,10,0,1,1,1,0.5069,0.48,0.5411,0.2879,106
2,0,5,11,0,1,1,2,0.5346,0.4304,0.4624,0.3401,148
2,0,5,12,0,1,1,2,0.4854,0.5359,0.4415,0.2589,157
2,0,5,13,0,1,1,1,0.5371,0.526,0.4456,0.1984,174
2,0,5,14,0,1,1,1,0.6813,0.6568,0.4966,0.264,162
2,0,5,15,0,1,1,2,0.5571,0.5136,0.5988,0.1739,118
2,0,5,16,0,1,1,1,0.4751,0.4542,0.5339,0.578,144
2,0,5,17,0,1,1,1,0.5989,0.5327,0.6072,0.1599,274
2,0,5,18,0,1,1,1,0.5413,0.5289,0.6025,0.4645,221
2,0,5,19,0,1,1,1,0.608,0.5271,0.2956,0.0955,195
2,0,5,20,0,1,1,2,0.5518,0.4861,0.5946,0.2595,148
2,0,5,21,0,1,1,1,0.6699,0.6151,0.486,0.2685,110
2,0,5,22,0,1,1,2,0.505,0.525,0.3789,0.2801,78
2,0,5,23,0,1,1,2,0.4872,0.4298,0.6032,0.1287,50
2,0,5,0,0,2,1,1,0.6381,0.6162,0.5841,0.2548,33
2,0,5,1,0,2,1,2,0.4323,0.3488,0.5941,0.3505,13
2,0,5,2,0,2,1,1,0.5605,0.5332,0.6596,0.4333,10
2,0,5,3,0,2,1,2,0.6286,0.6492,0.4946,0.103,7
2,0,5,4,0,2,1,2,0.4189,0.413,0.4573,0.3278,14
2,0,5,5,0,2,1,2,0.577,0.486,0.5715,0.2875,38
2,0,5,6,0,2,1,1,0.4678,0.4457,0.521,0.1971,96
2,0,5,7,0,2,1,2,0.4434,0.4073,0.9002,0.3204,194
2,0,5,8,0,2,1,2,0.4979,0.5098,0.5573,0.1225,267
2,0,5,9,0,2,1,1,0.5597,0.5287,0.5726,0.0607,191
2,0,5,10,0,2,1,1,0.5231,0.4537,0.4666,0.5135,131
2,0,5,11,0,2,1,1,0.65,0.6134,0.4464,0.6222,171
2,0,5,12,0,2,1,1,0.5783,0.5285,0.3703,0.2977,229
2,0,5,13,0,2,1,1,0.5383,0.4466,0.5296,0.5653,166
2,0,5,14,0,2,1,3,0.4808,0.4515,0.5436,0.1582,93
2,0,5,15,0,2,1,4,0.5882,0.5589,0.6996,0.214,85
2,0,5,16,0,2,1,1,0.7166,0.6922,0.5375,0.3006,223
2,0,5,17,1,2,0,3,0.5233,0.5277,0.5184,0.1736,93
2,0,5,18,0,2,1,2,0.5315,0.4965,0.595,0.2172,247
2,0,5,19,0,2,1,2,0.4983,0.4283,0.5532,0.3837,151
2,0,5,20,0,2,1,3,0.6554,0.5975,0.6804,0.1816,92
2,0,5,21,0,2,1,2,0.6374,0.605,0.7375,0.1797,101
2,0,5,22,0,2,1,2,0.5413,0.5507,0.5603,0.5418,73
2,0,5,23,0,2,1,1,0.5306,0.5042,0.4479,0.1311,55
2,0,5,0,0,3,1,1,0.5102,0.4807,0.5474,0.3289,26
2,0,5,1,0,3,1,3,0.556,0.5211,0.5901,0.469,8
2,0,5,2,0,3,1,1,0.6476,0.615,0.4028,0.065,9
2,0,5,3,0,3,1,1,0.5791,0.6075,0.5297,0.3032,9
2,0,5,4,0,3,1,1,0.6664,0.6305,0.3848,0.226,15
2,0,5,5,0,3,1,2,0.5258,0.4916,0.6148,0.4938,38
2,0,5,6,0,3,1,1,0.4144,0.3948,0.4318,0.5816,94
2,0,5,7,0,3,1,3,0.7586,0.7004,0.5257,0.3282,138
2,0,5,8,0,3,1,1,0.5913,0.5149,0.5462,0.4034,272
2,0,5,9,0,3,1,3,0.6307,0.547,0.4103,0.1201,140
2,0,5,10,0,3,1,2,0.5211,0.4733,0.5701,0.1474,119
2,0,5,11,1,3,0,2,0.4809,0.4923,0.4354,0.1918,43
2,0,5,12,0,3,1,1,0.5871,0.5927,0.7435,0.3443,211
2,0,5,13,0,3,1,1,0.4368,0.3815,0.7253,0.5267,136
2,0,5,14,0,3,1,3,0.5575,0.5249,0.7068,0.3513,83
2,0,5,15,0,3,1,2,0.6478,0.6194,0.5835,0.4064,162
2,0,5,16,0,3,1,1,0.6076,0.5555,0.6066,0.2483,170
2,0,5,17,0,3,1,3,0.5941,0.6036,0.5448,0.237,183
2,0,5,18,0,3,1,2,0.6983,0.6862,0.6304,0.3571,259
2,0,5,19,0,3,1,1,0.6025,0.5832,0.7625,0.0652,232
2,0,5,20,0,3,1,2,0.4429,0.4228,0.4486,0.4575,164
2,0,5,21,0,3,1,2,0.5658,0.4906,0.6189,0.4223,95
2,0,5,22,0,3,1,2,0.711,0.7162,0.3606,0.5,76
2,0,5,23,0,3,1,1,0.5546,0.5443,0.5166,0.1728,68
2,0,5,0,0,4,1,1,0.7104,0.6872,0.559,0.4235,24
2,0,5,1,0,4,1,1,0.6516,0.5969,0.6047,0.147,15
2,0,5,2,0,4,1,1,0.5513,0.5042,0.6477,0.3902,8
2,0,5,3,0,4,1,1,0.5043,0.4939,0.7237,0.0819,8
2,0,5,4,0,4,1,2,0.6037,0.6066,0.3985,0.1358,12
2,0,5,5,1,4,0,2,0.6689,0.6872,0.6709,0.2249,17
2,0,5,6,0,4,1,1,0.4694,0.4239,0.783,0.6836,88
2,0,5,7,0,4,1,2,0.5884,0.5542,0.5217,0.6589,191
2,0,5,8,0,4,1,1,0.437,0.3524,0.5067,0.2284,299
2,0,5,9,0,4,1,1,0.5562,0.4545,0.5917,0.3872,182
2,0,5,10,0,4,1,2,0.4641,0.4566,0.5592,0.205,134
2,0,5,11,0,4,1,3,0.6193,0.5627,0.5511,0.4909,97
2,0,5,12,0,4,1,1,0.5317,0.4459,0.7495,0.4296,193
2,0,5,13,0,4,1,3,0.661,0.5931,0.8625,0.6594,117
2,0,5,14,0,4,1,3,0.5421,0.5253,0.5382,0.1564,89
2,0,5,15,0,4,1,2,0.5357,0.5205,0.8547,0.2001,166
2,0,5,16,0,4,1,3,0.4669,0.3944,0.5346,0.1199,143
2,0,5,17,0,4,1,1,0.6073,0.614,0.6681,0.2993,325
2,0,5,18,0,4,1,1,0.6144,0.5628,0.4518,0.3439,274
2,0,5,19,0,4,1,2,0.6457,0.6217,0.4713,0.2645,158
2,0,5,20,0,4,1,2,0.6258,0.5956,0.5382,0.2861,155
2,0,5,21,0,4,1,1,0.608,0.5773,0.677,0.2418,103
2,0,5,22,0,4,1,1,0.6216,0.5625,0.6022,0.1501,96
2,0,5,23,0,4,1,1,0.6287,0.5965,0.3799,0.2158,51
2,0,5,0,0,5,0,1,0.6471,0.6229,0.4177,0.285,21
2,0,5,1,0,5,0,1,0.4767,0.4469,0.3703,0.4006,10
2,0,5,2,0,5,0,3,0.5513,0.5267,0.6158,0.1692,4
2,0,5,3,0,5,0,1,0.47,0.4795,0.5954,0.4917,6
2,0,5,4,0,5,0,2,0.6068,0.5624,0.5931,0.7162,8
2,0,5,5,0,5,0,1,0.6977,0.6824,0.5918,0.2836,33
2,0,5,6,0,5,0,1,0.6463,0.6077,0.4867,0.0398,75
2,0,5,7,0,5,0,3,0.5411,0.5568,0.5979,0.2854,101
2,0,5,8,0,5,0,1,0.619,0.5458,0.7497,0.3454,225
2,0,5,9,0,5,0,1,0.608,0.6167,0.6459,0.0201,150
2,0,5,10,0,5,0,2,0.5999,0.554,0.4372,0.0953,81
2,0,5,11,0,5,0,1,0.4924,0.5311,0.5375,0.0818,134
2,0,5,12,0,5,0,1,0.6757,0.6549,0.5023,0.0209,178
2,0,5,13,0,5,0,3,0.5011,0.5016,0.6835,0.453,90
2,0,5,14,0,5,0,1,0.5579,0.5252,0.4508,0.0938,102
2,0,5,15,0,5,0,2,0.6507,0.6386,0.5994,0.0388,96
2,0,5,16,0,5,0,1,0.5575,0.55,0.5364,0.4468,130
2,0,5,17,0,5,0,1,0.5891,0.5554,0.4843,0.192,220
2,0,5,18,0,5,0,1,0.592,0.5853,0.6025,0.2106,168
2,0,5,19,0,5,0,2,0.5882,0.458,0.5511,0.2534,127
2,0,5,20,0,5,0,1,0.5916,0.5427,0.667,0.1389,95
2,0,5,21,0,5,0,3,0.5986,0.5693,0.5191,0.5536,64
2,0,5,22,0,5,0,2,0.5888,0.5744,0.4357,0.3594,49
2,0,5,23,0,5,0,2,0.5209,0.524,0.5529,0.2894,31
2,0,5,0,0,6,0,1,0.4787,0.4472,0.6082,0.2379,21
2,0,5,1,0,6,0,2,0.6571,0.6125,0.6515,0.2116,8
2,0,5,2,0,6,0,2,0.6603,0.6534,0.5558,0.0505,5
2,0,5,3,0,6,0,1,0.6108,0.6148,0.6794,0.1078,7
2,0,5,4,0,6,0,3,0.6102,0.6019,0.4172,0.2352,7
2,0,5,5,0,6,0,2,0.5231,0.4924,0.6958,0.1797,30
2,0,5,6,0,6,0,3,0.4165,0.4721,0.6465,0.2517,54
2,0,5,7,0,6,0,3,0.5698,0.5437,0.525,0.1627,118
2,0,5,8,0,6,0,1,0.4544,0.4382,0.704,0.0834,211
2,0,5,9,0,6,0,1,0.6001,0.6191,0.6156,0.1719,119
2,0,5,10,0,6,0,2,0.6785,0.6904,0.7315,0.2312,75
2,0,5,11,0,6,0,2,0.5441,0.5381,0.485,0.1983,102
2,0,5,12,0,6,0,2,0.5481,0.4936,0.4963,0.3328,123
2,0,5,13,0,6,0,1,0.5168,0.4943,0.6442,0.3009,122
2,0,5,14,0,6,0,2,0.5903,0.5763,0.5863,0.233,94
2,0,5,15,0,6,0,3,0.5849,0.6142,0.4054,0.4706,78
2,0,5,16,0,6,0,4,0.5159,0.5786,0.8026,0.2239,104
2,0,5,17,0,6,0,1,0.6511,0.6006,0.7884,0.5033,190
2,0,5,18,0,6,0,3,0.7764,0.7631,0.6012,0.057,136
2,0,5,19,0,6,0,1,0.6705,0.6125,0.4958,0.5917,166
2,0,5,20,0,6,0,2,0.5795,0.5467,0.4985,0.1011,103
2,0,5,21,0,6,0,1,0.5786,0.5237,0.6246,0.2384,86
2,0,5,22,0,6,0,2,0.5513,0.5738,0.7506,0.0515,61
2,0,5,23,0,6,0,1,0.5498,0.5295,0.8956,0.053,45
2,0,5,0,0,0,1,1,0.6579,0.6338,0.5425,0.3304,37
2,0,5,1,0,0,1,1,0.6609,0.6293,0.536,0.5806,14
2,0,5,2,0,0,1,3,0.5089,0.4948,0.5588,0.3933,5
2,0,5,3,0,0,1,2,0.6164,0.5979,0.6277,0.068,8
2,0,5,4,0,0,1,2,0.6686,0.6146,0.4761,0.7313,11
2,0,5,5,0,0,1,2,0.5663,0.4873,0.4152,0.0945,37
2,0,5,6,0,0,1,1,0.576,0.5074,0.5507,0.2334,89
2,0,5,7,0,0,1,1,0.6395,0.5592,0.6159,0.3834,265
2,0,5,8,0,0,1,1,0.6415,0.6153,0.7844,0.048,340
2,0,5,9,0,0,1,1,0.6208,0.5653,0.4492,0.1812,225
2,0,5,10,0,0,1,3,0.6086,0.6076,0.7142,0.196,102
2,0,5,11,0,0,1,1,0.618,0.5943,0.5664,0.2065,188
2,0,5,12,0,0,1,2,0.5713,0.4877,0.5494,0.4842,156
2,0,5,13,1,0,0,2,0.5125,0.4746,0.3925,0.2891,55
2,0,5,14,0,0,1,3,0.4818,0.394,0.6257,0.5806,78
2,0,5,15,0,0,1,1,0.6325,0.5665,0.6117,0.2326,189
2,0,5,16,0,0,1,3,0.5984,0.5537,0.8508,0.2196,173
2,0,5,17,0,0,1,2,0.6227,0.5632,0.5477,0.2957,259
2,0,5,18,0,0,1,2,0.5328,0.5627,0.7651,0.6619,184
2,0,5,19,0,0,1,2,0.598,0.5905,0.5421,0.0314,209
2,0,5,20,0,0,1,1,0.5963,0.5566,0.5377,0.3293,143
2,0,5,21,0,0,1,2,0.6803,0.6891,0.377,0.379,100
2,0,5,22,0,0,1,2,0.6504,0.5887,0.7167,0.4203,71
2,0,5,23,0,0,1,2,0.539,0.5021,0.5952,0.2,53
2,0,5,0,0,1,1,3,0.6296,0.6238,0.5786,0.0369,25
2,0,5,1,0,1,1,2,0.542,0.4815,0.5443,0.0843,13
2,0,5,2,0,1,1,1,0.4114,0.4114,0.6074,0.2182,9
2,0,5,3,0,1,1,1,0.7151,0.6882,0.4938,0.3079,8
2,0,5,4,0,1,1,3,0.5681,0.5573,0.6331,0.1965,13
2,0,5,5,0,1,1,2,0.6671,0.6877,0.4646,0.3,32
2,0,5,6,0,1,1,3,0.548,0.5343,0.5631,0.4014,60
2,0,5,7,0,1,1,1,0.5378,0.5147,0.6389,0.1858,257
2,0,5,8,0,1,1,2,0.5561,0.4833,0.7481,0.3768,243
2,0,5,9,0,1,1,3,0.612,0.5877,0.6044,0.322,131
2,0,5,10,0,1,1,2,0.6067,0.5619,0.7348,0.1932,115
2,0,5,11,0,1,1,1,0.6292,0.594,0.5777,0.1235,140
2,0,5,12,0,1,1,1,0.5596,0.5174,0.467,0.2882,157
2,0,5,13,0,1,1,3,0.5972,0.582,0.829,0.5648,85
2,0,5,14,0,1,1,2,0.5353,0.4788,0.5653,0.2111,146
2,0,5,15,0,1,1,1,0.6972,0.6687,0.6928,0.2557,144
2,0,5,16,0,1,1,2,0.5023,0.446,0.5047,0.5969,166
2,0,5,17,0,1,1,1,0.5368,0.456,0.6417,0.2463,320
2,0,5,18,0,1,1,1,0.5647,0.5262,0.6205,0.4803,269
2,0,5,19,0,1,1,1,0.7615,0.7374,0.5792,0.0824,185
2,0,5,20,0,1,1,1,0.648,0.5923,0.8227,0.1561,143
2,0,5,21,0,1,1,2,0.5346,0.5119,0.6306,0.4234,96
2,0,5,22,1,1,0,1,0.6519,0.6084,0.5346,0.1496,36
2,0,5,23,0,1,1,2,0.6304,0.5678,0.7681,0.2273,55
2,0,5,0,0,2,1,2,0.617,0.6028,0.3623,0.2635,34
2,0,5,1,0,2,1,1,0.6465,0.5947,0.4047,0.2135,14
2,0,5,2,0,2,1,1,0.6019,0.583,0.6853,0.1129,9
2,0,5,3,0,2,1,1,0.6098,0.5355,0.6069,0.1417,10
2,0,5,4,0,2,1,2,0.4891,0.4688,0.5141,0.2413,9
2,0,5,5,0,2,1,3,0.6988,0.6826,0.6267,0.4654,31
2,0,5,6,0,2,1,2,0.5665,0.5487,0.7076,0.3682,77
2,0,5,7,0,2,1,2,0.5112,0.5124,0.4529,0.2299,242
2,0,5,8,0,2,1,3,0.5625,0.5538,0.5692,0.3621,182
2,0,5,9,0,2,1,2,0.5653,0.546,0.5843,0.4847,143
2,0,5,10,0,2,1,2,0.5417,0.54,0.6164,0.4286,108
2,0,5,11,0,2,1,2,0.6523,0.6084,0.657,0.3661,143
2,0,5,12,0,2,1,1,0.666,0.6483,0.3435,0.1301,218
2,0,5,13,0,2,1,1,0.4607,0.4383,0.644,0.0538,179
2,0,5,14,0,2,1,2,0.5618,0.5892,0.3506,0.2137,100
2,0,5,15,0,2,1,2,0.5668,0.5467,0.5752,0.0689,149
2,0,5,16,0,2,1,1,0.5858,0.5179,0.453,0.4326,243
2,0,5,17,0,2,1,3,0.7173,0.689,0.6033,0.0945,190
2,0,5,18,0,2,1,1,0.5409,0.4853,0.6596,0.1341,246
2,0,5,19,0,2,1,2,0.7072,0.6937,0.5865,0.1881,183
2,0,5,20,0,2,1,3,0.5876,0.5806,0.5013,0.4383,86
2,0,5,21,0,2,1,1,0.7078,0.6542,0.4218,0.1949,130
2,0,5,22,0,2,1,3,0.576,0.5161,0.5752,0.3452,66
2,0,5,23,0,2,1,2,0.5678,0.5434,0.5308,0.7592,39
2,0,5,0,0,3,1,2,0.5997,0.5426,0.6206,0.049,28
2,0,5,1,0,3,1,3,0.6917,0.632,0.5285,0.4844,10
2,0,5,2,0,3,1,2,0.6123,0.5665,0.7484,0.203,7
2,0,5,3,0,3,1,2,0.6159,0.6038,0.5858,0.1498,9
2,0,5,4,0,3,1,2,0.6458,0.569,0.6905,0.0456,12
2,0,5,5,0,3,1,1,0.5397,0.4901,0.5203,0.0368,48
2,0,5,6,0,3,1,1,0.6248,0.6656,0.6684,0.1865,110
2,0,5,7,0,3,1,1,0.5573,0.588,0.6551,0.142,258
2,0,5,8,0,3,1,1,0.7043,0.7053,0.4985,0.0905,362
2,0,5,9,0,3,1,2,0.6306,0.6004,0.4005,0.2935,161
2,0,5,10,0,3,1,3,0.6498,0.6398,0.7324,0.3079,95
2,0,5,11,0,3,1,3,0.4585,0.424,0.5298,0.1141,109
2,0,5,12,0,3,1,1,0.6507,0.5371,0.5027,0.141,218
2,0,5,13,0,3,1,2,0.5888,0.5423,0.5442,0.6506,136
2,0,5,14,0,3,1,2,0.5007,0.4614,0.4666,0.3909,98
2,0,5,15,0,3,1,1,0.6079,0.5784,0.6558,0.3036,158
2,0,5,16,0,3,1,2,0.495,0.4847,0.5791,0.4022,164
2,0,5,17,0,3,1,1,0.644,0.6614,0.5865,0.5698,279
2,0,5,18,0,3,1,3,0.7016,0.6675,0.7168,0.1856,181
2,0,5,19,0,3,1,1,0.4759,0.422,0.5922,0.2175,205
2,0,5,20,0,3,1,2,0.5992,0.5633,0.7693,0.1158,127
2,0,5,21,0,3,1,3,0.5897,0.5796,0.5778,0.2713,86
2,0,5,22,0,3,1,2,0.462,0.4355,0.3995,0.1999,79
2,0,5,23,0,3,1,1,0.6654,0.608,0.4738,0.5518,60
2,0,5,0,0,4,1,1,0.6485,0.6318,0.4934,0.5439,28
2,0,5,1,0,4,1,3,0.7465,0.6749,0.5943,0.175,9
2,0,5,2,0,4,1,1,0.6394,0.5811,0.7634,0.0867,10
2,0,5,3,0,4,1,1,0.5431,0.5285,0.6034,0.1735,10
2,0,5,4,0,4,1,3,0.6407,0.5851,0.5533,0.4575,12
2,0,5,5,0,4,1,2,0.6946,0.6493,0.5443,0.5055,32
2,0,5,6,0,4,1,2,0.5721,0.544,0.6462,0.0621,86
2,0,5,7,0,4,1,1,0.6643,0.6299,0.6306,0.2926,210
2,0,5,8,0,4,1,2,0.4398,0.3888,0.6764,0.1351,192
2,0,5,9,0,4,1,2,0.7079,0.6824,0.4963,0.1516,173
2,0,5,10,0,4,1,1,0.6607,0.6001,0.8508,0.1795,113
2,0,5,11,0,4,1,1,0.4266,0.4548,0.5394,0.2062,177
2,0,5,12,0,4,1,1,0.6315,0.5878,0.5045,0.096,168
2,0,5,13,0,4,1,2,0.4656,0.4606,0.7241,0.0483,115
2,0,5,14,0,4,1,1,0.5619,0.5558,0.689,0.0821,132
2,0,5,15,0,4,1,3,0.6522,0.6089,0.5035,0.2777,121
2,0,5,16,0,4,1,1,0.5951,0.5364,0.6621,0.2307,177
2,0,5,17,0,4,1,1,0.6926,0.6799,0.5296,0.2985,264
2,0,5,18,0,4,1,3,0.6091,0.536,0.631,0.356,142
2,0,5,19,0,4,1,3,0.602,0.5339,0.6089,0.3287,145
2,0,5,20,0,4,1,2,0.6816,0.6657,0.8862,0.4901,121
2,0,5,21,0,4,1,3,0.581,0.546,0.7476,0.2941,83
2,0,5,22,0,4,1,1,0.6029,0.5516,0.7087,0.1088,102
2,0,5,23,0,4,1,1,0.6121,0.5666,0.6726,0.3642,57
2,0,5,0,0,5,0,1,0.6033,0.5493,0.4309,0.0182,23
2,0,5,1,0,5,0,2,0.6892,0.7202,0.6035,0.299,11
2,0,5,2,0,5,0,2,0.5613,0.5638,0.5286,0.6235,5
2,0,5,3,0,5,0,2,0.5499,0.4977,0.5751,0.1154,4
2,0,5,4,0,5,0,1,0.5337,0.4976,0.5916,0.36,11
2,0,5,5,0,5,0,1,0.4581,0.4531,0.3755,0.0536,29
2,0,5,6,1,5,0,4,0.7119,0.647,0.5472,0.2713,23
2,0,5,7,0,5,0,2,0.545,0.501,0.5965,0.2269,131
2,0,5,8,0,5,0,1,0.5913,0.5528,0.6923,0.0532,223
2,0,5,9,0,5,0,1,0.7171,0.6548,0.4872,0.243,124
2,0,5,10,0,5,0,1,0.5981,0.6011,0.4864,0.474,88
2,0,5,11,0,5,0,1,0.644,0.5904,0.4785,0.3563,121
2,0,5,12,0,5,0,1,0.5086,0.4797,0.5431,0.8056,116
2,0,5,13,0,5,0,2,0.7059,0.6741,0.4459,0.622,93
2,0,5,14,0,5,0,1,0.5995,0.6171,0.7405,0.4651,103
2,0,5,15,0,5,0,2,0.5367,0.5073,0.6744,0.4145,109
2,0,5,16,0,5,0,1,0.5367,0.574,0.9071,0.2375,193
2,0,5,17,0,5,0,1,0.7263,0.6791,0.5175,0.1318,241
2,0,5,18,0,5,0,1,0.567,0.532,0.6845,0.0814,151
2,0,5,19,0,5,0,3,0.5383,0.5395,0.4356,0.12,89
2,0,5,20,0,5,0,2,0.5777,0.6064,0.7576,0.1196,98
2,0,5,21,0,5,0,1,0.6112,0.5727,0.5555,0.4231,85
2,0,5,22,0,5,0,2,0.6187,0.6248,0.5711,0.4574,50
2,0,5,23,0,5,0,2,0.6391,0.6326,0.7343,0.1808,40
2,0,5,0,0,6,0,2,0.6278,0.5736,0.7276,0.2106,16
2,0,5,1,0,6,0,2,0.6566,0.6233,0.4642,0.0382,10
2,0,5,2,0,6,0,4,0.5922,0.5614,0.5691,0.5267,4
2,0,5,3,0,6,0,1,0.7564,0.6876,0.7528,0.3387,5
2,0,5,4,0,6,0,2,0.5771,0.5532,0.5377,0.3502,9
2,0,5,5,0,6,0,2,0.706,0.6731,0.6185,0.427,27
2,0,5,6,0,6,0,2,0.5694,0.5522,0.6464,0.4559,52
2,0,5,7,0,6,0,1,0.5114,0.4879,0.7509,0.4465,134
2,0,5,8,0,6,0,2,0.4946,0.4499,0.6619,0.0821,188
2,0,5,9,0,6,0,1,0.6326,0.6744,0.5526,0.132,137
2,0,5,10,1,6,0,2,0.6927,0.6645,0.3462,0.1333,49
2,0,5,11,0,6,0,2,0.5308,0.5432,0.6662,0.0988,95
2,0,5,12,0,6,0,1,0.5499,0.5356,0.6025,0.0344,149
2,0,5,13,0,6,0,3,0.6384,0.6517,0.7949,0.4345,64
2,0,5,14,0,6,0,2,0.6112,0.5573,0.6509,0.2577,93
2,0,5,15,0,6,0,2,0.5703,0.5392,0.5138,0.1566,126
2,0,5,16,0,6,0,4,0.5218,0.4823,0.4322,0.0769,90
2,0,5,17,0,6,0,2,0.633,0.5842,0.5611,0.4267,189
2,0,5,18,0,6,0,1,0.657,0.6322,0.6253,0.3329,194
2,0,5,19,0,6,0,2,0.6458,0.6061,0.5944,0.3003,150
2,0,5,20,0,6,0,2,0.6132,0.5397,0.4304,0.0885,66
2,0,5,21,0,6,0,2,0.5374,0.5015,0.2474,0.2457,76
2,0,5,22,0,6,0,3,0.6334,0.5901,0.467,0.1656,31
2,0,5,23,1,6,0,2,0.6281,0.6231,0.2891,0.363,18
2,0,5,0,0,0,1,1,0.5227,0.4531,0.4646,0.3676,29
2,0,5,1,0,0,1,2,0.5934,0.5484,0.6113,0.1956,12
2,0,5,2,0,0,1,2,0.6403,0.5857,0.7559,0.3151,9
2,0,5,3,0,0,1,1,0.6091,0.601,0.2887,0.1173,11
2,0,5,4,0,0,1,1,0.4774,0.4371,0.4593,0.6377,14
2,0,5,5,0,0,1,1,0.5698,0.5727,0.6298,0.5775,55
2,0,5,6,0,0,1,2,0.5651,0.5355,0.5283,0.3714,74
2,0,5,7,0,0,1,1,0.6538,0.6358,0.6019,0.3055,211
2,0,5,8,0,0,1,1,0.7965,0.7898,0.6276,0.2283,264
2,0,5,9,0,0,1,1,0.624,0.5567,0.5329,0.0856,209
2,0,5,10,0,0,1,2,0.5307,0.4968,0.7269,0.463,125
2,0,5,11,0,0,1,1,0.6034,0.5858,0.8738,0.4506,129
2,0,5,12,0,0,1,1,0.6153,0.5905,0.4543,0.4752,166
2,0,5,13,0,0,1,2,0.6676,0.5953,0.6936,0.3949,132
2,0,5,14,1,0,0,1,0.7015,0.6874,0.8353,0.2261,53
2,0,5,15,0,0,1,1,0.712,0.6778,0.756,0.5316,144
2,0,5,16,0,0,1,2,0.6522,0.6234,0.4997,0.3887,179
2,0,5,17,0,0,1,1,0.6145,0.5772,0.543,0.2293,253
2,0,5,18,0,0,1,1,0.7184,0.5871,0.3745,0.1569,293
2,0,5,19,0,0,1,1,0.5903,0.5771,0.514,0.404,225
2,0,5,20,0,0,1,1,0.6184,0.6051,0.5176,0.2459,124
2,0,5,21,0,0,1,2,0.5976,0.555,0.6373,0.0909,109
2,0,5,22,0,0,1,4,0.4654,0.3976,0.446,0.2776,52
2,0,5,23,0,0,1,1,0.7036,0.6524,0.591,0.4952,51
2,0,5,0,0,1,1,2,0.6651,0.6617,0.6079,0.1035,21
2,0,5,1,1,1,0,3,0.4519,0.4171,0.527,0.3766,4
2,0,5,2,0,1,1,2,0.6879,0.6542,0.6835,0.1217,7
2,0,5,3,0,1,1,2,0.5966,0.5567,0.5287,0.3796,7
2,0,5,4,0,1,1,2,0.687,0.6621,0.622,0.3094,14
2,0,5,5,0,1,1,2,0.6231,0.5525,0.4271,0.202,44
2,0,5,6,0,1,1,3,0.5228,0.4906,0.4895,0.0691,100
2,0,5,7,0,1,1,1,0.6197,0.6216,0.6982,0.1564,256
2,0,5,8,0,1,1,3,0.5549,0.4997,0.3824,0.0778,214
2,0,5,9,0,1,1,2,0.5322,0.4974,0.6733,0.3597,124
2,0,5,10,0,1,1,2,0.6785,0.6762,0.5436,0.3097,121
2,0,5,11,0,1,1,1,0.6452,0.6354,0.3391,0.2081,170
2,0,5,12,0,1,1,1,0.7226,0.7001,0.5296,0.4302,186
2,0,5,13,0,1,1,1,0.5902,0.5724,0.671,0.1977,169
2,0,5,14,0,1,1,3,0.5504,0.5341,0.8598,0.29,73
2,0,5,15,0,1,1,2,0.6625,0.6225,0.8068,0.0348,111
2,0,5,16,0,1,1,3,0.5595,0.5645,0.4713,0.2575,177
2,0,5,17,0,1,1,1,0.5961,0.5522,0.6788,0.1063,222
2,0,5,18,0,1,1,1,0.6546,0.592,0.5292,0.2866,211
2,0,5,19,0,1,1,1,0.609,0.537,0.5096,0.4278,162
2,0,5,20,0,1,1,1,0.5836,0.5359,0.7037,0.5053,148
2,0,5,21,0,1,1,2,0.5196,0.4748,0.6102,0.1867,132
2,0,5,22,0,1,1,3,0.6834,0.6279,0.6107,0.4909,60
2,0,5,23,0,1,1,3,0.592,0.5272,0.3817,0.3455,38
2,0,5,0,0,2,1,2,0.6642,0.6423,0.4676,0.4622,28
2,0,5,1,0,2,1,1,0.655,0.5939,0.4754,0.3368,13
2,0,5,2,0,2,1,2,0.6974,0.679,0.645,0.3316,8
2,0,5,3,0,2,1,2,0.6045,0.5959,0.6713,0.3073,8
2,0,5,4,0,2,1,2,0.5966,0.644,0.7918,0.4358,11
2,0,5,5,0,2,1,2,0.5434,0.5026,0.4706,0.4339,36
2,0,5,6,0,2,1,1,0.583,0.5491,0.7946,0.1265,112
2,0,5,7,0,2,1,1,0.6449,0.5902,0.5523,0.0738,234
2,0,5,8,0,2,1,3,0.5638,0.5005,0.593,0.6298,189
2,0,5,9,0,2,1,2,0.6431,0.5983,0.5695,0.0529,166
2,0,5,10,0,2,1,3,0.7237,0.6642,0.6139,0.2537,103
2,0,5,11,0,2,1,1,0.5898,0.5248,0.6672,0.3457,130
2,0,5,12,0,2,1,2,0.529,0.5096,0.708,0.5774,153
2,0,5,13,0,2,1,1,0.592,0.5303,0.5542,0.4669,145
2,0,5,14,0,2,1,3,0.5214,0.5123,0.5942,0.1835,111
2,0,5,15,0,2,1,1,0.7144,0.7043,0.4742,0.4176,160
2,0,5,16,0,2,1,2,0.6269,0.5696,0.6649,0.0638,195
2,0,5,17,0,2,1,1,0.57,0.5834,0.6154,0.4471,320
2,0,5,18,0,2,1,1,0.5818,0.5647,0.4903,0.1941,221
2,0,5,19,0,2,1,1,0.5382,0.5091,0.4343,0.3626,192
2,0,5,20,0,2,1,2,0.6918,0.6038,0.6028,0.4741,115
2,0,5,21,0,2,1,2,0.7496,0.6607,0.7403,0.7218,115
2,0,5,22,0,2,1,4,0.5164,0.5378,0.7739,0.2945,43
2,0,5,23,0,2,1,2,0.694,0.6989,0.4283,0.133,53
2,0,5,0,0,3,1,2,0.6069,0.6245,0.6963,0.1805,26
2,0,5,1,0,3,1,2,0.7128,0.7329,0.6798,0.4477,12
2,0,5,2,0,3,1,1,0.4957,0.5122,0.7503,0.3306,10
2,0,5,3,0,3,1,2,0.6399,0.615,0.6412,0.198,8
2,0,5,4,0,3,1,2,0.5955,0.5826,0.544,0.3348,13
2,0,5,5,0,3,1,2,0.6702,0.6162,0.6784,0.1367,43
2,0,5,6,0,3,1,1,0.6284,0.6041,0.2749,0.3165,105
2,0,5,7,0,3,1,1,0.6257,0.6167,0.4651,0.5507,188
2,0,5,8,0,3,1,1,0.6167,0.6088,0.4798,0.4178,300
2,0,5,9,0,3,1,3,0.7335,0.693,0.5034,0.3002,169
2,0,5,10,0,3,1,2,0.6118,0.5204,0.4017,0.173,128
2,0,5,11,0,3,1,2,0.6846,0.605,0.5164,0.041,130
2,0,5,12,0,3,1,2,0.6681,0.649,0.5177,0.1033,135
2,0,5,13,0,3,1,2,0.6863,0.6368,0.5525,0.509,120
2,0,5,14,0,3,1,1,0.5531,0.5454,0.6182,0.2418,120
2,0,5,15,0,3,1,1,0.6736,0.6034,0.434,0.3545,165
2,0,5,16,0,3,1,2,0.6477,0.6561,0.5298,0.4061,221
2,0,5,17,0,3,1,1,0.5408,0.4857,0.5731,0.0749,266
2,0,5,18,0,3,1,1,0.6092,0.6231,0.3616,0.1622,248
2,0,5,19,0,3,1,1,0.7847,0.6989,0.5753,0.3625,212
2,0,5,20,0,3,1,1,0.5967,0.5849,0.6128,0.5888,136
2,0,5,21,0,3,1,3,0.5984,0.5405,0.6751,0.0572,96
2,0,5,22,0,3,1,2,0.6556,0.6226,0.4257,0.0323,77
2,0,5,23,0,3,1,4,0.5862,0.5892,0.5659,0.5578,30
2,0,5,0,0,4,1,3,0.637,0.6322,0.7335,0.4832,20
2,0,5,1,0,4,1,1,0.5957,0.5413,0.3764,0.1064,16
2,0,5,2,0,4,1,1,0.6553,0.6042,0.5839,0.3404,7
2,0,5,3,0,4,1,2,0.6228,0.5445,0.402,0.5692,7
2,0,5,4,0,4,1,1,0.7638,0.6718,0.5332,0.2253,16
2,0,5,5,0,4,1,4,0.6304,0.5738,0.4881,0.4475,22
2,0,5,6,0,4,1,1,0.6116,0.5554,0.6296,0.4817,106
2,0,5,7,0,4,1,2,0.6992,0.6191,0.5493,0.1206,230
2,0,5,8,0,4,1,2,0.5298,0.4971,0.4315,0.1319,268
2,0,5,9,0,4,1,3,0.7456,0.7073,0.7675,0.4663,115
2,0,5,10,0,4,1,2,0.558,0.5297,0.6061,0.1779,99
2,0,5,11,1,4,0,2,0.7106,0.6511,0.7031,0.4253,61
2,0,5,12,0,4,1,1,0.7291,0.6753,0.4533,0.3317,212
2,0,5,13,0,4,1,2,0.5904,0.5513,0.5375,0.1818,175
2,0,5,14,0,4,1,2,0.5971,0.5917,0.7046,0.5774,87
2,0,5,15,0,4,1,2,0.6195,0.5682,0.4947,0.0855,170
2,0,5,16,0,4,1,2,0.6707,0.5868,0.5841,0.5055,208
2,0,5,17,0,4,1,1,0.5573,0.5198,0.5769,0.5864,272
2,0,5,18,0,4,1,1,0.6195,0.5754,0.3012,0.4203,280
2,0,5,19,1,4,0,3,0.6052,0.5265,0.5765,0.4295,56
2,0,5,20,0,4,1,1,0.5466,0.5073,0.5345,0.3008,151
2,0,5,21,0,4,1,2,0.554,0.4998,0.5648,0.1634,90
2,0,5,22,0,4,1,2,0.6361,0.602,0.4984,0.4416,70
2,0,5,23,0,4,1,3,0.6349,0.6157,0.4301,0.1415,46
2,0,5,0,0,5,0,1,0.5767,0.5318,0.4877,0.3113,20
2,0,5,1,0,5,0,1,0.6357,0.6193,0.5221,0.1445,10
2,0,5,2,0,5,0,3,0.5849,0.5465,0.6582,0.2824,4
2,0,5,3,0,5,0,2,0.7217,0.6776,0.5182,0.1661,5
2,0,5,4,0,5,0,2,0.623,0.5825,0.5985,0.4723,10
2,0,5,5,0,5,0,1,0.707,0.6658,0.6095,0.3101,35
2,0,5,6,0,5,0,1,0.5117,0.4448,0.5204,0.2888,70
2,0,5,7,0,5,0,3,0.6528,0.5653,0.7019,0.1224,115
2,0,5,8,1,5,0,2,0.6719,0.6718,0.5403,0.2669,117
2,0,5,9,0,5,0,3,0.6205,0.5958,0.518,0.1402,82
2,0,5,10,0,5,0,3,0.5924,0.5465,0.7179,0.4381,68
2,0,5,11,0,5,0,2,0.6194,0.6203,0.6018,0.5036,107
2,0,5,12,0,5,0,2,0.6821,0.734,0.2983,0.2314,139
2,0,5,13,0,5,0,2,0.5454,0.4732,0.2663,0.2401,88
2,0,5,14,0,5,0,2,0.6792,0.6441,0.7765,0.1438,84
2,0,5,15,0,5,0,2,0.6525,0.6398,0.5953,0.3112,98
2,0,5,16,0,5,0,1,0.6119,0.5324,0.5645,0.0847,132
2,0,5,17,0,5,0,3,0.6149,0.5384,0.3191,0.41,143
2,0,5,18,0,5,0,2,0.6345,0.6314,0.5678,0.214,152
2,0,5,19,0,5,0,3,0.7463,0.7073,0.4588,0.515,89
2,0,5,20,1,5,0,1,0.6545,0.601,0.5475,0.7142,57
2,0,5,21,0,5,0,2,0.5642,0.4867,0.4979,0.13,70
2,0,5,22,0,5,0,2,0.5997,0.5795,0.5506,0.3033,49
2,0,5,23,0,5,0,2,0.55,0.4805,0.6086,0.0868,40
2,0,5,0,0,6,0,1,0.5008,0.4452,0.6307,0.6153,19
2,0,5,1,0,6,0,1,0.5518,0.4955,0.5781,0.0596,12
2,0,5,2,0,6,0,2,0.6415,0.5993,0.5988,0.1957,6
2,0,5,3,0,6,0,4,0.7223,0.6532,0.3718,0.5287,4
2,0,5,4,0,6,0,1,0.7028,0.6392,0.5759,0.3962,8
2,0,5,5,0,6,0,1,0.5523,0.553,0.6108,0.1231,32
2,0,5,6,0,6,0,1,0.5773,0.5535,0.5764,0.577,75
2,0,5,7,0,6,0,1,0.5674,0.5395,0.7643,0.1059,199
2,0,5,8,0,6,0,1,0.4524,0.4429,0.5543,0.2626,207
2,0,5,9,0,6,0,2,0.6214,0.5585,0.427,0.5385,87
2,0,5,10,0,6,0,2,0.6894,0.6658,0.5859,0.1823,95
2,0,5,11,0,6,0,1,0.6155,0.5975,0.517,0.2068,106
2,0,5,12,0,6,0,1,0.5444,0.4864,0.379,0.1843,110
2,0,5,13,0,6,0,3,0.574,0.5632,0.5494,0.1949,82
2,0,5,14,0,6,0,2,0.6101,0.5867,0.7631,0.2505,80
2,0,5,15,0,6,0,2,0.687,0.6606,0.5417,0.1489,115
2,0,5,16,0,6,0,1,0.6203,0.6393,0.716,0.2697,177
2,0,5,17,0,6,0,2,0.6776,0.6474,0.6721,0.1132,165
2,0,5,18,0,6,0,2,0.6274,0.5684,0.87,0.4912,126
2,0,5,19,0,6,0,1,0.6497,0.6211,0.6404,0.0611,137
2,0,5,20,0,6,0,2,0.5673,0.5393,0.5951,0.3053,90
2,0,5,21,0,6,0,2,0.5851,0.5226,0.5967,0.1821,78
2,0,5,22,0,6,0,1,0.5452,0.4572,0.6194,0.262,60
2,0,5,23,0,6,0,2,0.6752,0.6395,0.5548,0.4266,37
2,0,5,0,0,0,1,1,0.6156,0.6132,0.5256,0.3743,27
2,0,5,1,0,0,1,2,0.3842,0.3936,0.6419,0.6492,14
2,0,5,2,0,0,1,4,0.6697,0.6447,0.5107,0.144,5
2,0,5,3,0,0,1,1,0.7042,0.7161,0.3626,0.3031,8
2,0,5,4,0,0,1,1,0.5792,0.5555,0.4294,0.2339,14
2,0,5,5,0,0,1,1,0.6696,0.6302,0.7842,0.1612,42
2,0,5,6,0,0,1,4,0.6213,0.5964,0.5483,0.2713,55
2,0,5,7,0,0,1,1,0.4878,0.4414,0.6788,0.2956,203
2,0,5,8,0,0,1,1,0.7727,0.6961,0.5029,0.0472,303
2,0,5,9,0,0,1,2,0.6218,0.5613,0.6933,0.3731,141
2,0,5,10,0,0,1,2,0.6501,0.6032,0.6349,0.4526,114
2,0,5,11,0,0,1,2,0.5923,0.5887,0.8255,0.528,125
2,0,5,12,0,0,1,3,0.6153,0.5412,0.7446,0.3348,148
2,0,5,13,0,0,1,1,0.6473,0.5858,0.6749,0.3097,156
2,0,5,14,0,0,1,2,0.563,0.5591,0.5159,0.1249,101
2,0,5,15,0,0,1,2,0.7546,0.7062,0.4455,0.1545,104
2,0,5,16,1,0,0,1,0.6947,0.654,0.5698,0.1132,100
2,0,5,17,0,0,1,3,0.6722,0.6274,0.5889,0.4498,181
2,0,5,18,0,0,1,2,0.6261,0.6528,0.5375,0.2008,180
2,0,5,19,0,0,1,1,0.5827,0.5704,0.6712,0.2809,194
2,0,5,20,0,0,1,1,0.7081,0.6803,0.5959,0.2624,137
2,0,5,21,0,0,1,1,0.6788,0.6508,0.5863,0.2717,136
2,0,5,22,0,0,1,3,0.6081,0.5899,0.7695,0.4201,55
2,0,5,23,0,0,1,1,0.5601,0.5876,0.5992,0.5267,67
2,0,5,0,0,1,1,3,0.5286,0.4909,0.4246,0.3872,20
2,0,5,1,0,1,1,1,0.6409,0.6139,0.7101,0.2211,16
2,0,5,2,0,1,1,3,0.6214,0.5913,0.6124,0.4316,7
2,0,5,3,0,1,1,2,0.7219,0.7129,0.5545,0.2492,8
2,0,5,4,0,1,1,1,0.7083,0.7241,0.4725,0.5935,14
2,0,5,5,0,1,1,1,0.6416,0.5919,0.7386,0.1927,39
2,0,5,6,0,1,1,2,0.6332,0.6151,0.7901,0.1267,121
2,0,5,7,0,1,1,1,0.5582,0.5356,0.5066,0.3929,200
2,0,5,8,0,1,1,1,0.7131,0.6357,0.623,0.3034,255
2,0,5,9,0,1,1,2,0.6349,0.6323,0.6399,0.2826,159
2,0,5,10,0,1,1,3,0.6812,0.6941,0.378,0.2952,105
2,0,5,11,0,1,1,2,0.7212,0.7098,0.582,0.3652,120
2,0,5,12,0,1,1,3,0.5993,0.5504,0.3783,0.1504,162
2,0,5,13,0,1,1,2,0.5809,0.5112,0.5851,0.3303,118
2,0,5,14,0,1,1,2,0.8117,0.7903,0.8588,0.3677,125
2,0,5,15,0,1,1,1,0.6805,0.6141,0.4133,0.3363,169
2,0,5,16,0,1,1,2,0.6194,0.559,0.8124,0.367,237
2,0,5,17,0,1,1,2,0.7257,0.6957,0.8004,0.3817,253
2,0,5,18,0,1,1,2,0.6173,0.6085,0.5866,0.4856,217
2,0,5,19,0,1,1,4,0.6617,0.6185,0.6491,0.1231,115
2,0,5,20,0,1,1,1,0.5991,0.5629,0.5532,0.1493,174
2,0,5,21,0,1,1,2,0.6377,0.6024,0.5336,0.3997,90
2,0,5,22,0,1,1,2,0.6197,0.5612,0.6116,0.523,70
2,0,5,23,0,1,1,1,0.5862,0.5455,0.4943,0.2915,62
2,0,5,0,0,2,1,1,0.6587,0.5772,0.6447,0.5966,33
2,0,5,1,0,2,1,3,0.597,0.5892,0.5929,0.6429,10
2,0,5,2,0,2,1,1,0.682,0.7315,0.4598,0.4637,7
2,0,5,3,0,2,1,2,0.6203,0.5911,0.673,0.2462,8
2,0,5,4,0,2,1,2,0.5213,0.5309,0.6762,0.4372,13
2,0,5,5,0,2,1,3,0.6851,0.643,0.7227,0.2002,33
2,0,5,6,0,2,1,2,0.6863,0.6116,0.5303,0.1204,97
2,0,5,7,0,2,1,1,0.7994,0.827,0.7114,0.4479,223
2,0,5,8,0,2,1,1,0.6429,0.5854,0.8479,0.1492,328
2,0,5,9,0,2,1,2,0.6545,0.6502,0.5915,0.0358,135
2,0,5,10,0,2,1,1,0.6752,0.6479,0.6021,0.5669,144
2,0,5,11,0,2,1,2,0.713,0.713,0.6693,0.1055,183
2,0,5,12,0,2,1,1,0.7087,0.6712,0.328,0.0726,245
2,0,5,13,0,2,1,1,0.664,0.5959,0.424,0.533,150
2,0,5,14,0,2,1,4,0.6394,0.5874,0.5218,0.4569,78
2,0,5,15,0,2,1,3,0.7007,0.7362,0.547,0.3477,128
2,0,5,16,0,2,1,2,0.6364,0.6142,0.6014,0.0611,217
2,0,5,17,0,2,1,1,0.5514,0.5892,0.62,0.0307,278
2,0,5,18,0,2,1,3,0.5366,0.4987,0.4231,0.1022,176
2,0,5,19,0,2,1,2,0.6211,0.6115,0.7262,0.3173,148
2,0,5,20,0,2,1,3,0.6501,0.579,0.6279,0.2004,99
2,0,5,21,0,2,1,1,0.8147,0.7749,0.5951,0.393,147
2,0,5,22,0,2,1,1,0.6333,0.6683,0.6468,0.4846,87
2,0,5,23,0,2,1,2,0.6449,0.5892,0.5141,0.1018,47
2,0,5,0,0,3,1,3,0.6161,0.5646,0.5599,0.1098,23
2,0,5,1,0,3,1,1,0.6877,0.6782,0.4586,0.2595,18
2,0,5,2,0,3,1,1,0.664,0.6343,0.3241,0.3011,10
2,0,5,3,0,3,1,2,0.5997,0.6266,0.5602,0.3472,8
2,0,5,4,0,3,1,4,0.5736,0.5377,0.7955,0.3682,6
2,0,5,5,0,3,1,2,0.6162,0.5875,0.5203,0.3221,35
2,0,5,6,1,3,0,3,0.5854,0.5656,0.4018,0.2949,32
2,0,5,7,0,3,1,2,0.6282,0.5645,0.6563,0.3996,240
2,0,5,8,0,3,1,3,0.6543,0.5826,0.5311,0.0936,218
2,0,5,9,0,3,1,2,0.6093,0.5372,0.641,0.2047,172
2,0,5,10,0,3,1,1,0.7462,0.6097,0.6679,0.3241,142
2,0,5,11,0,3,1,2,0.7256,0.6867,0.5278,0.2352,140
2,0,5,12,0,3,1,2,0.6283,0.5579,0.6383,0.0732,157
2,0,5,13,0,3,1,2,0.5769,0.5319,0.5843,0.0911,148
2,0,5,14,0,3,1,1,0.6423,0.6408,0.3524,0.1994,173
2,0,5,15,0,3,1,2,0.635,0.5749,0.5256,0.0425,109
2,0,5,16,0,3,1,2,0.64,0.6287,0.489,0.3787,182
2,0,5,17,0,3,1,1,0.6165,0.5383,0.4076,0.0195,291
2,0,5,18,0,3,1,3,0.5709,0.5218,0.4869,0.5531,160
2,0,5,19,0,3,1,1,0.6468,0.6667,0.6691,0.2716,217
2,0,5,20,1,3,0,1,0.6198,0.576,0.5902,0.2143,69
2,0,5,21,0,3,1,1,0.6261,0.6334,0.3659,0.0861,124
2,0,5,22,0,3,1,2,0.651,0.6891,0.4553,0.2242,77
2,0,5,23,0,3,1,1,0.6395,0.595,0.5904,0.0373,67
2,0,5,0,0,4,1,2,0.6521,0.5996,0.5889,0.2804,29
2,0,5,1,0,4,1,2,0.6193,0.5235,0.5508,0.5692,14
2,0,5,2,1,4,0,2,0.6723,0.6474,0.6796,0.4648,3
2,0,5,3,0,4,1,3,0.5968,0.5784,0.6335,0.1329,5
2,0,5,4,0,4,1,3,0.5709,0.5655,0.5207,0.4172,11
2,0,5,5,0,4,1,1,0.5848,0.5973,0.5082,0.2376,45
2,0,5,6,1,4,0,1,0.5997,0.5389,0.565,0.2158,49
2,0,5,7,0,4,1,1,0.5569,0.5852,0.3392,0.1299,321
2,0,5,8,0,4,1,2,0.5286,0.4937,0.6243,0.3252,251
2,0,5,9,0,4,1,1,0.6823,0.6591,0.4385,0.1575,183
2,0,5,10,0,4,1,2,0.7363,0.6974,0.7344,0.5031,97
2,0,5,11,0,4,1,2,0.6861,0.6287,0.3838,0.1212,175
2,0,5,12,0,4,1,2,0.6133,0.5466,0.6336,0.1709,122
2,0,5,13,0,4,1,1,0.5269,0.5069,0.3503,0.5321,157
2,0,5,14,0,4,1,1,0.6605,0.5986,0.5118,0.5496,141
2,0,5,15,0,4,1,1,0.5346,0.5012,0.6367,0.1322,167
2,0,5,16,0,4,1,2,0.641,0.5966,0.6993,0.2009,166
2,0,5,17,0,4,1,2,0.5911,0.5507,0.6933,0.2922,204
2,0,5,18,0,4,1,2,0.4874,0.4091,0.6717,0.2507,210
2,0,5,19,0,4,1,2,0.7507,0.6182,0.685,0.1404,185
2,0,5,20,0,4,1,2,0.5592,0.5564,0.6952,0.5327,124
2,0,5,21,0,4,1,1,0.6222,0.6248,0.5213,0.222,111
2,0,5,22,0,4,1,1,0.638,0.5293,0.5426,0.0648,107
2,0,5,23,0,4,1,1,0.6141,0.596,0.6696,0.2782,67
2,0,5,0,0,5,0,1,0.6822,0.6546,0.7204,0.1048,20
2,0,5,1,0,5,0,1,0.5978,0.5282,0.5696,0.4519,9
2,0,5,2,0,5,0,2,0.6764,0.6695,0.5231,0.4368,6
2,0,5,3,0,5,0,1,0.672,0.6725,0.5191,0.5244,6
2,0,5,4,0,5,0,1,0.5533,0.5574,0.4876,0.4646,10
2,0,5,5,0,5,0,1,0.6662,0.6852,0.6432,0.3435,35
2,0,5,6,0,5,0,1,0.5759,0.5771,0.7228,0.359,58
2,0,5,7,0,5,0,1,0.5681,0.5148,0.645,0.5345,161
2,0,5,8,0,5,0,1,0.67,0.6371,0.5846,0.0753,224
2,0,5,9,0,5,0,1,0.6211,0.6016,0.817,0.6055,107
2,0,5,10,0,5,0,4,0.6758,0.6876,0.5877,0.5667,43
2,0,5,11,1,5,0,1,0.6764,0.6351,0.7543,0.1371,67
2,0,5,12,0,5,0,1,0.5497,0.5033,0.4581,0.2373,107
2,0,5,13,0,5,0,2,0.7015,0.6168,0.615,0.1205,85
2,0,5,14,0,5,0,1,0.6696,0.6624,0.4712,0.3751,105
2,0,5,15,0,5,0,2,0.6086,0.5845,0.4786,0.5511,83
2,0,5,16,0,5,0,1,0.6402,0.5822,0.4922,0.2686,133
2,0,5,17,0,5,0,3,0.7035,0.6915,0.5972,0.2747,139
2,0,5,18,0,5,0,3,0.6273,0.5858,0.5342,0.119,118
2,0,5,19,0,5,0,2,0.7978,0.7181,0.3414,0.0802,113
2,0,5,20,0,5,0,1,0.754,0.7563,0.5376,0.0293,127
2,0,5,21,0,5,0,2,0.6579,0.5631,0.5148,0.3427,88
2,0,5,22,1,5,0,1,0.6337,0.6064,0.38,0.1512,42
2,0,5,23,0,5,0,2,0.6368,0.6016,0.6442,0.339,29
2,0,5,0,0,6,0,1,0.6102,0.5305,0.6704,0.1341,21
2,0,5,1,0,6,0,2,0.661,0.6377,0.6646,0.1169,10
2,0,5,2,0,6,0,1,0.7004,0.6446,0.795,0.3026,6
2,0,5,3,0,6,0,2,0.5578,0.5804,0.456,0.4055,5
2,0,5,4,0,6,0,1,0.6972,0.6925,0.4589,0.2529,11
2,0,5,5,0,6,0,1,0.7176,0.6884,0.5865,0.3177,37
2,0,5,6,0,6,0,2,0.6923,0.5829,0.5763,0.5858,48
2,0,5,7,0,6,0,2,0.6432,0.5943,0.6066,0.1669,147
2,0,5,8,0,6,0,1,0.6894,0.6359,0.6909,0.3665,157
2,0,5,9,0,6,0,1,0.7432,0.7424,0.5599,0.2136,145
2,0,5,10,0,6,0,3,0.6482,0.6211,0.7146,0.101,70
2,0,5,11,0,6,0,2,0.6539,0.6307,0.4981,0.3542,90
2,0,5,12,0,6,0,2,0.8015,0.792,0.5298,0.2188,128
2,0,5,13,0,6,0,2,0.6738,0.689,0.4573,0.5706,85
2,0,5,14,0,6,0,2,0.5817,0.5964,0.1812,0.2242,68
2,0,5,15,0,6,0,2,0.7134,0.6941,0.3806,0.3687,117
2,0,5,16,0,6,0,1,0.6804,0.6382,0.698,0.2357,155
2,0,5,17,0,6,0,2,0.6064,0.5891,0.7229,0.2124,173
2,0,5,18,0,6,0,2,0.575,0.5452,0.4371,0.248,171
2,0,5,19,0,6,0,1,0.669,0.6591,0.7024,0.1375,166
2,0,5,20,0,6,0,2,0.648,0.5986,0.2992,0.3165,89
2,0,5,21,0,6,0,1,0.5652,0.564,0.4668,0.3278,103
2,0,5,22,0,6,0,1,0.6461,0.6152,0.5345,0.1538,70
2,0,5,23,0,6,0,2,0.6417,0.6212,0.7171,0.2545,43
2,0,5,0,0,0,1,3,0.6504,0.582,0.8081,0.0568,20
2,0,5,1,0,0,1,1,0.6892,0.6465,0.5357,0.1657,14
2,0,5,2,0,0,1,2,0.5314,0.5182,0.5831,0.1779,8
2,0,5,3,1,0,0,1,0.5769,0.5426,0.7162,0.504,3
2,0,5,4,0,0,1,2,0.6207,0.5192,0.861,0.1019,15
2,0,5,5,0,0,1,1,0.7476,0.6732,0.7339,0.4025,41
2,0,5,6,0,0,1,2,0.8205,0.7897,0.4461,0.2601,84
2,0,5,7,0,0,1,1,0.6551,0.6675,0.6964,0.63,177
2,0,5,8,0,0,1,1,0.6579,0.6181,0.5138,0.2636,275
2,0,5,9,0,0,1,2,0.4837,0.4449,0.7594,0.1531,111
2,0,5,10,0,0,1,1,0.7181,0.7137,0.6673,0.1916,130
2,0,5,11,0,0,1,1,0.6862,0.6522,0.4686,0.1535,126
2,0,5,12,0,0,1,1,0.6746,0.6631,0.7239,0.5545,161
2,0,5,13,0,0,1,2,0.5675,0.5303,0.6548,0.517,120
2,0,5,14,0,0,1,1,0.7933,0.7415,0.6391,0.1002,137
2,0,5,15,0,0,1,2,0.7612,0.7478,0.5949,0.1298,153
2,0,5,16,0,0,1,1,0.6754,0.6618,0.5285,0.2022,228
2,0,5,17,0,0,1,2,0.7242,0.6784,0.6654,0.329,252
2,0,5,18,0,0,1,3,0.6583,0.5917,0.8555,0.3589,192
2,0,5,19,0,0,1,1,0.7122,0.6265,0.8203,0.0814,215
2,0,5,20,0,0,1,2,0.5632,0.489,0.5692,0.1076,130
2,0,5,21,0,0,1,1,0.4956,0.4518,0.3388,0.2252,139
2,0,5,22,0,0,1,1,0.5659,0.5471,0.5256,0.2068,91
2,0,5,23,0,0,1,2,0.5983,0.5184,0.6088,0.4486,42
2,0,5,0,0,1,1,3,0.6121,0.5335,0.6262,0.3355,21
2,0,5,1,0,1,1,2,0.6886,0.6655,0.6998,0.3391,13
2,0,5,2,0,1,1,3,0.6392,0.6543,0.6792,0.3518,6
2,0,5,3,0,1,1,1,0.6552,0.6551,0.6809,0.1589,11
2,0,5,4,0,1,1,2,0.5743,0.4903,0.516,0.1082,13
2,0,5,5,0,1,1,1,0.5682,0.5516,0.5293,0.3786,39
2,0,5,6,0,1,1,3,0.6601,0.6557,0.4622,0.6932,56
2,0,5,7,0,1,1,2,0.6192,0.5734,0.6232,0.0494,178
2,0,5,8,0,1,1,1,0.6575,0.6175,0.6958,0.2485,378
2,0,5,9,0,1,1,2,0.6953,0.6705,0.7203,0.3963,150
2,0,5,10,0,1,1,2,0.772,0.748,0.291,0.3091,121
2,0,5,11,0,1,1,3,0.6558,0.6343,0.6485,0.3401,105
2,0,5,12,0,1,1,2,0.7841,0.7666,0.467,0.289,182
2,0,5,13,0,1,1,3,0.6856,0.6578,0.6628,0.3433,112
2,0,5,14,0,1,1,2,0.7055,0.6514,0.4662,0.2592,112
2,0,5,15,0,1,1,2,0.7309,0.681,0.6802,0.2537,138
2,0,5,16,0,1,1,2,0.7076,0.6488,0.5143,0.3791,159
2,0,5,17,0,1,1,1,0.6011,0.5572,0.5169,0.155,314
2,0,5,18,0,1,1,1,0.733,0.7132,0.6884,0.5877,288
2,0,5,19,0,1,1,3,0.631,0.5763,0.5258,0.2626,141
2,0,5,20,0,1,1,3,0.6783,0.6765,0.7071,0.1843,105
2,0,5,21,0,1,1,3,0.6665,0.6035,0.6811,0.1494,77
2,0,5,22,0,1,1,1,0.7373,0.7065,0.5787,0.5513,82
2,0,5,23,0,1,1,1,0.6847,0.6755,0.5376,0.2081,55
2,0,5,0,0,2,1,3,0.5625,0.5479,0.7459,0.6116,15
2,0,5,1,0,2,1,1,0.806,0.7103,0.6923,0.3467,14
2,0,5,2,0,2,1,1,0.718,0.6861,0.7898,0.4759,8
2,0,5,3,0,2,1,1,0.621,0.5678,0.3836,0.2951,9
2,0,5,4,0,2,1,3,0.58,0.5113,0.558,0.6185,11
2,0,5,5,0,2,1,2,0.726,0.6964,0.5381,0.2038,41
2,0,5,6,0,2,1,1,0.5882,0.5214,0.6542,0.2618,95
2,0,5,7,0,2,1,2,0.7156,0.6872,0.4788,0.5453,204
2,0,5,8,0,2,1,1,0.7344,0.7414,0.4958,0.2065,274
2,0,5,9,0,2,1,2,0.6141,0.5924,0.5977,0.2905,147
2,0,5,10,0,2,1,2,0.6078,0.5705,0.3677,0.2785,114
2,0,5,11,0,2,1,2,0.6267,0.5905,0.3513,0.3843,143
2,0,5,12,0,2,1,1,0.5903,0.5883,0.5789,0.1437,194
2,0,5,13,0,2,1,1,0.6756,0.6327,0.9112,0.4548,125
2,0,5,14,0,2,1,1,0.6856,0.6374,0.6064,0.2458,130
2,0,5,15,0,2,1,3,0.7105,0.647,0.5476,0.4917,99
2,0,5,16,0,2,1,1,0.6012,0.5444,0.6445,0.0782,211
2,0,5,17,0,2,1,2,0.7184,0.7092,0.6621,0.252,220
2,0,5,18,0,2,1,1,0.5904,0.5463,0.5774,0.1982,250
2,0,5,19,0,2,1,3,0.7183,0.6991,0.5116,0.3019,142
2,0,5,20,0,2,1,2,0.5555,0.5468,0.4045,0.3028,135
2,0,5,21,0,2,1,1,0.7693,0.7022,0.7008,0.2723,112
2,0,5,22,0,2,1,2,0.6231,0.5681,0.5363,0.4239,59
2,0,5,23,0,2,1,2,0.7015,0.6837,0.6496,0.4192,44
2,0,6,0,0,3,1,2,0.7094,0.6781,0.7203,0.2998,29
2,0,6,1,0,3,1,4,0.573,0.539,0.5566,0.2682,9
2,0,6,2,0,3,1,2,0.7203,0.6982,0.4176,0.0686,9
2,0,6,3,0,3,1,3,0.6233,0.6225,0.5663,0.5633,6
2,0,6,4,0,3,1,2,0.6405,0.6073,0.5748,0.2261,12
2,0,6,5,1,3,0,1,0.615,0.5672,0.6529,0.2444,16
2,0,6,6,0,3,1,2,0.7749,0.7396,0.5248,0.3237,98
2,0,6,7,0,3,1,2,0.58,0.5268,0.5187,0.3563,204
2,0,6,8,0,3,1,1,0.692,0.6617,0.5472,0.4028,274
2,0,6,9,0,3,1,2,0.6182,0.5874,0.6381,0.0569,124
2,0,6,10,0,3,1,1,0.7383,0.6769,0.7015,0.6066,144
2,0,6,11,0,3,1,1,0.8244,0.771,0.8735,0.0585,198
2,0,6,12,0,3,1,3,0.6178,0.5771,0.8249,0.2431,129
2,0,6,13,0,3,1,1,0.6717,0.6601,0.5774,0.2504,163
2,0,6,14,0,3,1,2,0.6349,0.5769,0.5072,0.4577,103
2,0,6,15,0,3,1,1,0.7346,0.6735,0.5187,0.8293,142
2,0,6,16,0,3,1,2,0.6445,0.601,0.4359,0.2484,139
2,0,6,17,0,3,1,3,0.7253,0.7059,0.6084,0.4053,202
2,0,6,18,0,3,1,2,0.634,0.6242,0.4746,0.4581,194
2,0,6,19,0,3,1,2,0.8189,0.7859,0.4606,0.346,158
2,0,6,20,0,3,1,1,0.5085,0.5045,0.4685,0.2627,135
2,0,6,21,0,3,1,1,0.6883,0.6887,0.7001,0.184,118
2,0,6,22,0,3,1,2,0.6611,0.6328,0.5836,0.3916,78
2,0,6,23,0,3,1,2,0.6586,0.6016,0.4299,0.1669,55
2,0,6,0,0,4,1,2,0.6841,0.6476,0.6999,0.2387,26
2,0,6,1,0,4,1,2,0.6682,0.594,0.7371,0.4782,12
2,0,6,2,0,4,1,1,0.6795,0.6573,0.539,0.2334,9
2,0,6,3,0,4,1,1,0.6927,0.6433,0.5002,0.2481,10
2,0,6,4,0,4,1,3,0.7866,0.7506,0.4895,0.3498,10
2,0,6,5,0,4,1,2,0.4705,0.4445,0.626,0.1407,39
2,0,6,6,0,4,1,2,0.7934,0.7423,0.7036,0.584,102
2,0,6,7,0,4,1,2,0.8433,0.8079,0.6144,0.0747,214
2,0,6,8,0,4,1,3,0.5416,0.5107,0.4327,0.1408,192
2,0,6,9,0,4,1,3,0.6675,0.6152,0.7219,0.6564,129
2,0,6,10,0,4,1,1,0.7601,0.6892,0.5877,0.1491,108
2,0,6,11,0,4,1,3,0.7284,0.7027,0.5701,0.448,102
2,0,6,12,0,4,1,1,0.7815,0.7062,0.6459,0.2583,192
2,0,6,13,0,4,1,1,0.6902,0.7095,0.7194,0.1114,119
2,0,6,14,0,4,1,3,0.5218,0.5344,0.4576,0.2059,99
2,0,6,15,0,4,1,1,0.7555,0.67,0.4332,0.3824,170
2,0,6,16,0,4,1,1,0.7086,0.692,0.5884,0.2821,190
2,0,6,17,0,4,1,2,0.7668,0.7626,0.5899,0.3694,233
2,0,6,18,0,4,1,4,0.5568,0.5113,0.7025,0.4459,175
2,0,6,19,0,4,1,1,0.579,0.5606,0.7463,0.4253,187
2,0,6,20,0,4,1,2,0.6653,0.6283,0.5338,0.2677,153
2,0,6,21,0,4,1,2,0.7575,0.74,0.6336,0.4204,96
2,0,6,22,0,4,1,1,0.7769,0.7247,0.6493,0.3571,100
2,0,6,23,0,4,1,2,0.6133,0.6131,0.661,0.1104,50
2,0,6,0,0,5,0,2,0.6379,0.6017,0.4004,0.3354,17
2,0,6,1,0,5,0,2,0.8674,0.8145,0.6575,0.2939,8
2,0,6,2,0,5,0,2,0.6276,0.6157,0.4952,0.2912,6
2,0,6,3,0,5,0,3,0.7136,0.7049,0.6636,0.418,4
2,0,6,4,0,5,0,2,0.6347,0.5329,0.4561,0.3458,8
2,0,6,5,0,5,0,1,0.6996,0.5775,0.602,0.516,31
2,0,6,6,0,5,0,2,0.6057,0.5856,0.5578,0.4111,47
2,0,6,7,0,5,0,2,0.6077,0.5574,0.8505,0.4038,138
2,0,6,8,0,5,0,1,0.6404,0.5687,0.4873,0.1533,217
2,0,6,9,0,5,0,2,0.6282,0.5855,0.4783,0.1309,99
2,0,6,10,0,5,0,2,0.645,0.7001,0.7706,0.3791,88
2,0,6,11,0,5,0,1,0.7031,0.6281,0.6966,0.3317,120
2,0,6,12,0,5,0,1,0.7987,0.7853,0.6234,0.2723,127
2,0,6,13,0,5,0,2,0.625,0.5709,0.5326,0.2414,82
2,0,6,14,0,5,0,1,0.5971,0.5237,0.4518,0.1922,103
2,0,6,15,0,5,0,3,0.667,0.6153,0.5381,0.2973,69
2,0,6,16,0,5,0,1,0.6067,0.5338,0.5254,0.1596,150
2,0,6,17,0,5,0,2,0.5519,0.4772,0.5055,0.5793,173
2,0,6,18,0,5,0,2,0.7408,0.682,0.5281,0.3069,154
2,0,6,19,0,5,0,1,0.672,0.6057,0.5225,0.1968,135
2,0,6,20,0,5,0,2,0.6788,0.6405,0.7054,0.4354,68
2,0,6,21,0,5,0,1,0.5314,0.5099,0.4226,0.415,64
2,0,6,22,0,5,0,1,0.6254,0.5705,0.6371,0.1117,55
2,0,6,23,0,5,0,2,0.5672,0.5577,0.6221,0.7198,29
2,0,6,0,0,6,0,1,0.667,0.6137,0.5828,0.3683,20
2,0,6,1,0,6,0,2,0.6779,0.6394,0.6708,0.3187,8
2,0,6,2,0,6,0,2,0.6778,0.5788,0.6423,0.5171,6
2,0,6,3,0,6,0,1,0.6218,0.5931,0.6029,0.3046,6
2,0,6,4,0,6,0,1,0.6087,0.6459,0.7232,0.1402,9
2,0,6,5,0,6,0,3,0.6549,0.646,0.2962,0.2466,22
2,0,6,6,0,6,0,1,0.6934,0.6536,0.8538,0.1039,73
2,0,6,7,0,6,0,2,0.6279,0.5618,0.7317,0.0575,147
2,0,6,8,0,6,0,1,0.6028,0.6217,0.7981,0.2258,198
2,0,6,9,0,6,0,3,0.6058,0.5707,0.4864,0.0213,80
2,0,6,10,0,6,0,1,0.6224,0.571,0.6003,0.2661,104
2,0,6,11,0,6,0,2,0.6368,0.5855,0.6293,0.1201,130
2,0,6,12,0,6,0,2,0.5916,0.6242,0.5475,0.0844,134
2,0,6,13,0,6,0,1,0.6373,0.6019,0.6138,0.0915,122
2,0,6,14,0,6,0,2,0.755,0.7307,0.6239,0.2448,86
2,0,6,15,0,6,0,1,0.6478,0.6094,0.4485,0.4277,105
2,0,6,16,0,6,0,1,0.5817,0.5507,0.6815,0.1805,177
2,0,6,17,0,6,0,1,0.5104,0.4721,0.6716,0.161,175
2,0,6,18,0,6,0,2,0.797,0.7998,0.5114,0.1816,149
2,0,6,19,0,6,0,3,0.7482,0.7121,0.4368,0.5379,90
2,0,6,20,0,6,0,1,0.6884,0.6117,0.6082,0.2987,116
2,0,6,21,0,6,0,3,0.7498,0.7242,0.4944,0.4363,55
2,0,6,22,0,6,0,2,0.7054,0.6667,0.6279,0.1433,54
2,0,6,23,0,6,0,1,0.6632,0.6414,0.5005,0.4822,34
2,0,6,0,0,0,1,1,0.5837,0.5446,0.7761,0.1366,21
2,0,6,1,0,0,1,1,0.8041,0.7477,0.5139,0.4414,15
2,0,6,2,1,0,0,1,0.6399,0.6347,0.4892,0.1488,4
2,0,6,3,0,0,1,2,0.6437,0.6673,0.5993,0.4015,8
2,0,6,4,0,0,1,2,0.6731,0.5837,0.4046,0.1549,13
2,0,6,5,0,0,1,1,0.6743,0.6431,0.4925,0.4747,43
2,0,6,6,0,0,1,2,0.7107,0.659,0.3977,0.3791,66
2,0,6,7,0,0,1,1,0.7027,0.6402,0.6219,0.0926,244
2,0,6,8,0,0,1,3,0.6301,0.5339,0.7078,0.1828,221
2,0,6,9,0,0,1,2,0.6723,0.6495,0.5449,0.3649,163
2,0,6,10,0,0,1,1,0.7085,0.6586,0.747,0.2378,148
2,0,6,11,0,0,1,2,0.6242,0.5767,0.4944,0.3034,155
2,0,6,12,0,0,1,1,0.7718,0.7693,0.5405,0.2452,187
2,0,6,13,0,0,1,3,0.6691,0.6225,0.7038,0.2609,95
2,0,6,14,0,0,1,1,0.7824,0.7288,0.6824,0.2078,146
2,0,6,15,0,0,1,3,0.5731,0.5043,0.6512,0.0121,115
2,0,6,16,0,0,1,3,0.7163,0.6533,0.7296,0.1607,153
2,0,6,17,0,0,1,2,0.6082,0.6218,0.5903,0.5546,244
2,0,6,18,0,0,1,2,0.6261,0.6131,0.6328,0.2809,231
2,0,6,19,0,0,1,2,0.7339,0.7358,0.5147,0.0243,175
2,0,6,20,0,0,1,1,0.6545,0.5966,0.8276,0.3606,136
2,0,6,21,0,0,1,3,0.8523,0.8205,0.5424,0.6956,89
2,0,6,22,0,0,1,1,0.7068,0.7029,0.5709,0.2713,92
2,0,6,23,0,0,1,3,0.6218,0.6081,0.6216,0.6238,32
2,0,6,0,0,1,1,2,0.7089,0.7209,0.6773,0.1848,25
2,0,6,1,0,1,1,1,0.6559,0.6352,0.676,0.5748,12
2,0,6,2,0,1,1,1,0.7308,0.6942,0.2721,0.3265,9
2,0,6,3,0,1,1,1,0.6518,0.5486,0.8092,0.2948,9
2,0,6,4,0,1,1,1,0.701,0.6784,0.7904,0.3207,12
2,0,6,5,0,1,1,2,0.6864,0.67,0.7475,0.4737,27
2,0,6,6,0,1,1,1,0.678,0.6785,0.6148,0.1994,107
2,0,6,7,0,1,1,3,0.7454,0.6843,0.7469,0.327,122
2,0,6,8,0,1,1,1,0.5463,0.518,0.6287,0.5226,282
2,0,6,9,0,1,1,2,0.6793,0.5977,0.6272,0.5878,178
2,0,6,10,0,1,1,1,0.6234,0.5439,0.681,0.1519,161
2,0,6,11,0,1,1,1,0.5781,0.5646,0.6624,0.4321,155
2,0,6,12,0,1,1,2,0.6139,0.6212,0.7201,0.5078,169
2,0,6,13,0,1,1,1,0.6291,0.6367,0.339,0.5941,161
2,0,6,14,0,1,1,2,0.656,0.6364,0.5866,0.3206,125
2,0,6,15,0,1,1,2,0.6961,0.7227,0.4507,0.3687,124
2,0,6,16,0,1,1,1,0.7105,0.6632,0.7089,0.4382,258
2,0,6,17,0,1,1,1,0.6439,0.6386,0.4877,0.1597,334
2,0,6,18,0,1,1,1,0.7834,0.7047,0.5633,0.4219,242
2,0,6,19,0,1,1,1,0.6465,0.5199,0.7096,0.4556,161
2,0,6,20,0,1,1,2,0.5363,0.495,0.7542,0.2023,106
2,0,6,21,0,1,1,1,0.6484,0.6123,0.7032,0.574,130
2,0,6,22,0,1,1,1,0.6758,0.6491,0.6876,0.4127,105
2,0,6,23,0,1,1,2,0.4434,0.4156,0.4547,0.2091,54
2,0,6,0,0,2,1,2,0.7589,0.7318,0.4759,0.4189,25
2,0,6,1,0,2,1,3,0.6675,0.6863,0.4371,0.1872,13
2,0,6,2,0,2,1,2,0.5938,0.5862,0.4713,0.4967,7
2,0,6,3,0,2,1,2,0.6072,0.5539,0.617,0.2506,8
2,0,6,4,0,2,1,2,0.7278,0.616,0.7186,0.4616,12
2,0,6,5,0,2,1,1,0.7363,0.6672,0.7182,0.2302,44
2,0,6,6,0,2,1,1,0.629,0.6379,0.3758,0.3182,109
2,0,6,7,0,2,1,2,0.5796,0.5355,0.5936,0.3135,202
2,0,6,8,0,2,1,1,0.6836,0.6698,0.5651,0.5453,263
2,0,6,9,0,2,1,1,0.6964,0.6808,0.3199,0.1632,160
2,0,6,10,0,2,1,2,0.714,0.6766,0.6976,0.0654,139
2,0,6,11,0,2,1,2,0.635,0.6007,0.6942,0.3147,155
2,0,6,12,0,2,1,2,0.6659,0.6127,0.5251,0.0164,219
2,0,6,13,0,2,1,1,0.6758,0.7089,0.5608,0.1308,174
2,0,6,14,0,2,1,3,0.7421,0.6763,0.6154,0.3337,102
2,0,6,15,0,2,1,1,0.7675,0.7627,0.6476,0.2381,162
2,0,6,16,0,2,1,3,0.7865,0.7721,0.5201,0.4206,167
2,0,6,17,0,2,1,1,0.7656,0.7458,0.4949,0.1568,342
2,0,6,18,0,2,1,3,0.8014,0.7577,0.4677,0.0999,164
2,0,6,19,0,2,1,3,0.7454,0.6637,0.7766,0.1666,137
2,0,6,20,0,2,1,1,0.6332,0.5671,0.7443,0.2615,158
2,0,6,21,0,2,1,2,0.7818,0.7194,0.4669,0.5377,86
2,0,6,22,0,2,1,1,0.5781,0.5603,0.4905,0.1256,78
2,0,6,23,0,2,1,1,0.8399,0.8247,0.4707,0.4783,53
2,0,6,0,0,3,1,1,0.608,0.5871,0.4206,0.0115,31
2,0,6,1,0,3,1,2,0.7384,0.7093,0.8329,0.1906,11
2,0,6,2,0,3,1,1,0.7774,0.7698,0.5106,0.311,9
2,0,6,3,0,3,1,2,0.7084,0.6103,0.6899,0.1341,10
2,0,6,4,0,3,1,3,0.5328,0.4399,0.5581,0.4617,11
2,0,6,5,0,3,1,3,0.6099,0.533,0.5724,0.5514,33
2,0,6,6,0,3,1,1,0.7013,0.694,0.5641,0.1745,85
2,0,6,7,0,3,1,2,0.7208,0.6245,0.6428,0.1092,203
2,0,6,8,0,3,1,1,0.6638,0.6303,0.5766,0.2381,353
2,0,6,9,0,3,1,1,0.6815,0.6201,0.6882,0.0619,177
2,0,6,10,0,3,1,3,0.5735,0.5495,0.7374,0.2946,89
2,0,6,11,0,3,1,4,0.8005,0.7562,0.5243,0.6272,94
2,0,6,12,0,3,1,1,0.6498,0.6249,0.6233,0.2912,203
2,0,6,13,0,3,1,1,0.7315,0.683,0.4027,0.1387,152
2,0,6,14,0,3,1,1,0.7745,0.757,0.5361,0.2529,112
2,0,6,15,0,3,1,1,0.5954,0.6096,0.6009,0.3766,152
2,0,6,16,0,3,1,1,0.6853,0.6889,0.5749,0.2831,242
2,0,6,17,0,3,1,1,0.6958,0.6501,0.5857,0.6696,324
2,0,6,18,0,3,1,1,0.6582,0.5994,0.6607,0.0352,229
2,0,6,19,0,3,1,1,0.7412,0.71,0.6858,0.3094,161
2,0,6,20,0,3,1,2,0.6296,0.6574,0.3436,0.3892,147
2,0,6,21,0,3,1,2,0.6801,0.6445,0.6207,0.501,90
2,0,6,22,0,3,1,2,0.6503,0.643,0.561,0.4269,83
2,0,6,23,0,3,1,1,0.8391,0.8206,0.5409,0.228,57
2,0,6,0,1,4,0,2,0.6317,0.6233,0.767,0.0931,14
2,0,6,1,0,4,1,1,0.7302,0.7319,0.3887,0.2418,14
2,0,6,2,0,4,1,3,0.8039,0.7242,0.5932,0.0917,7
2,0,6,3,0,4,1,1,0.6138,0.5542,0.7722,0.34,8
2,0,6,4,0,4,1,3,0.6848,0.652,0.6082,0.1343,12
2,0,6,5,0,4,1,1,0.609,0.6155,0.4855,0.779,35
2,0,6,6,0,4,1,2,0.5372,0.5472,0.5736,0.1353,73
2,0,6,7,0,4,1,1,0.6231,0.5906,0.8121,0.408,230
2,0,6,8,1,4,0,2,0.6382,0.6362,0.7402,0.2092,104
2,0,6,9,0,4,1,2,0.6423,0.5976,0.5374,0.1406,164
2,0,6,10,0,4,1,1,0.6571,0.5995,0.7837,0.64,113
2,0,6,11,0,4,1,2,0.6785,0.6047,0.676,0.0601,183
2,0,6,12,1,4,0,1,0.5943,0.5605,0.2945,0.3335,83
2,0,6,13,0,4,1,2,0.7027,0.6572,0.5868,0.2871,113
2,0,6,14,0,4,1,1,0.763,0.755,0.8186,0.3988,122
2,0,6,15,0,4,1,2,0.7712,0.7496,0.5807,0.2204,144
2,0,6,16,0,4,1,3,0.6599,0.6285,0.782,0.1977,153
2,0,6,17,0,4,1,1,0.7407,0.7054,0.4274,0.2449,303
2,0,6,18,0,4,1,2,0.6304,0.5863,0.4425,0.2602,209
2,0,6,19,0,4,1,3,0.6541,0.568,0.7354,0.4089,106
2,0,6,20,0,4,1,2,0.706,0.6352,0.7018,0.1724,106
2,0,6,21,0,4,1,1,0.6547,0.6455,0.5964,0.159,131
2,0,6,22,0,4,1,1,0.5896,0.556,0.7038,0.5497,73
2,0,6,23,0,4,1,1,0.7364,0.6602,0.5284,0.3386,61
2,0,6,0,0,5,0,1,0.6218,0.6317,0.4652,0.5636,18
2,0,6,1,0,5,0,1,0.6434,0.6622,0.6467,0.2706,10
2,0,6,2,0,5,0,2,0.7539,0.7523,0.5659,0.3742,4
2,0,6,3,0,5,0,2,0.7174,0.6943,0.6503,0.6604,5
2,0,6,4,0,5,0,2,0.6921,0.6661,0.6251,0.5405,8
2,0,6,5,0,5,0,1,0.577,0.5474,0.5601,0.1957,39
2,0,6,6,0,5,0,1,0.5984,0.5734,0.8264,0.1142,56
2,0,6,7,0,5,0,2,0.7076,0.6911,0.4758,0.5911,112
2,0,6,8,0,5,0,2,0.7239,0.709,0.6187,0.5302,178
2,0,6,9,0,5,0,3,0.6975,0.6763,0.5891,0.2155,78
2,0,6,10,0,5,0,2,0.6467,0.516,0.6372,0.1558,89
2,0,6,11,0,5,0,1,0.6444,0.6467,0.6059,0.4182,106
2,0,6,12,0,5,0,2,0.6949,0.6662,0.7299,0.2015,110
2,0,6,13,0,5,0,2,0.5922,0.5219,0.6378,0.413,94
2,0,6,14,0,5,0,1,0.6862,0.6579,0.5222,0.0577,90
2,0,6,15,0,5,0,2,0.5826,0.5626,0.4771,0.2222,106
2,0,6,16,0,5,0,1,0.6061,0.5287,0.508,0.1102,116
2,0,6,17,0,5,0,1,0.6923,0.6384,0.5027,0.5408,140
2,0,6,18,0,5,0,1,0.7206,0.6514,0.6818,0.2379,189
2,0,6,19,0,5,0,2,0.7037,0.6394,0.5904,0.1662,138
2,0,6,20,0,5,0,2,0.6018,0.5888,0.6478,0.376,82
2,0,6,21,0,5,0,1,0.5489,0.5027,0.435,0.2764,93
2,0,6,22,0,5,0,2,0.6792,0.6481,0.5624,0.2021,63
2,0,6,23,0,5,0,2,0.5469,0.5417,0.6583,0.1703,41
2,0,6,0,0,6,0,1,0.7476,0.6972,0.7259,0.2313,16
2,0,6,1,0,6,0,1,0.6058,0.5988,0.4229,0.3668,11
2,0,6,2,0,6,0,1,0.8379,0.8366,0.7893,0.2663,5
2,0,6,3,0,6,0,1,0.6141,0.6088,0.774,0.2047,6
2,0,6,4,0,6,0,3,0.7139,0.6962,0.7232,0.0411,7
2,0,6,5,0,6,0,2,0.6299,0.6241,0.753,0.2483,26
2,0,6,6,0,6,0,1,0.6697,0.6481,0.5557,0.4032,80
2,0,6,7,0,6,0,2,0.6944,0.6851,0.5054,0.1502,122
2,0,6,8,0,6,0,1,0.7417,0.6694,0.6113,0.2881,253
2,0,6,9,0,6,0,1,0.7528,0.713,0.6372,0.0303,136
2,0,6,10,0,6,0,1,0.7324,0.7075,0.5261,0.2564,86
2,0,6,11,0,6,0,1,0.7541,0.7142,0.6718,0.2043,104
2,0,6,12,0,6,0,1,0.6384,0.6815,0.7703,0.6775,143
2,0,6,13,0,6,0,1,0.7269,0.6848,0.7086,0.2992,87
2,0,6,14,0,6,0,1,0.6576,0.5713,0.6068,0.0481,105
2,0,6,15,0,6,0,1,0.7505,0.7146,0.3083,0.3338,120
2,0,6,16,0,6,0,2,0.6896,0.6799,0.4168,0.1786,161
2,0,6,17,0,6,0,1,0.7249,0.6625,0.5898,0.698,169
2,0,6,18,0,6,0,2,0.7019,0.6657,0.6782,0.1811,190
2,0,6,19,0,6,0,1,0.7347,0.6958,0.4305,0.2559,166
2,0,6,20,0,6,0,3,0.6249,0.5919,0.6126,0.6175,71
2,0,6,21,0,6,0,1,0.5714,0.5249,0.6865,0.11,91
2,0,6,22,0,6,0,2,0.7507,0.7461,0.5933,0.2477,60
2,0,6,23,0,6,0,1,0.7756,0.8019,0.5266,0.4873,39
2,0,6,0,0,0,1,1,0.675,0.616,0.424,0.2842,36
2,0,6,1,0,0,1,2,0.7398,0.6636,0.6946,0.1994,15
2,0,6,2,0,0,1,2,0.569,0.5274,0.5234,0.3426,7
2,0,6,3,0,0,1,3,0.6396,0.6498,0.7995,0.1126,7
2,0,6,4,0,0,1,2,0.6888,0.6466,0.6232,0.1389,10
2,0,6,5,0,0,1,1,0.5616,0.5445,0.6462,0.1299,37
2,0,6,6,0,0,1,2,0.576,0.5198,0.7018,0.4461,76
2,0,6,7,0,0,1,1,0.6941,0.7129,0.5582,0.2063,203
2,0,6,8,0,0,1,2,0.6407,0.5998,0.6583,0.197,287
2,0,6,9,0,0,1,2,0.6588,0.6333,0.5244,0.4584,158
2,0,6,10,0,0,1,1,0.6546,0.598,0.5058,0.2233,140
2,0,6,11,0,0,1,2,0.5932,0.5368,0.4925,0.1617,136
2,0,6,12,1,0,0,1,0.6678,0.6343,0.5432,0.3282,90
2,0,6,13,0,0,1,1,0.6821,0.6511,0.8489,0.4219,191
2,0,6,14,1,0,0,3,0.6423,0.6361,0.4935,0.3065,39
2,0,6,15,0,0,1,1,0.648,0.5649,0.6756,0.099,182
2,0,6,16,0,0,1,1,0.6688,0.6068,0.5747,0.2414,221
2,0,6,17,0,0,1,2,0.7405,0.6828,0.4656,0.1429,227
2,0,6,18,0,0,1,1,0.6765,0.6462,0.6969,0.2281,233
2,0,6,19,0,0,1,1,0.5482,0.4869,0.5415,0.2233,174
2,0,6,20,0,0,1,1,0.5995,0.5667,0.5484,0.3623,156
2,0,6,21,0,0,1,2,0.7483,0.6916,0.7319,0.3046,114
2,0,6,22,0,0,1,1,0.6351,0.5993,0.5705,0.6352,69
2,0,6,23,0,0,1,2,0.6769,0.6198,0.6288,0.6124,38
2,0,6,0,0,1,1,1,0.8193,0.748,0.5994,0.5202,28
2,0,6,1,0,1,1,3,0.7288,0.7009,0.5914,0.1932,11
2,0,6,2,0,1,1,1,0.5342,0.5409,0.4444,0.1591,10
2,0,6,3,0,1,1,1,0.7857,0.7709,0.7057,0.5965,9
2,0,6,4,0,1,1,3,0.6951,0.6937,0.6294,0.6954,8
2,0,6,5,0,1,1,2,0.7104,0.7118,0.7004,0.2349,32
2,0,6,6,0,1,1,1,0.7059,0.6658,0.6166,0.2752,108
2,0,6,7,0,1,1,1,0.7485,0.7672,0.7295,0.11,209
2,0,6,8,0,1,1,2,0.679,0.6677,0.6209,0.3302,252
2,0,6,9,0,1,1,1,0.5809,0.5233,0.7674,0.0799,203
2,0,6,10,0,1,1,1,0.7072,0.6518,0.4941,0.3929,99
2,0,6,11,0,1,1,2,0.5879,0.563,0.5078,0.3918,138
2,0,6,12,0,1,1,2,0.8118,0.7976,0.8172,0.1475,141
2,0,6,13,0,1,1,2,0.6592,0.6194,0.702,0.1839,154
2,0,6,14,0,1,1,2,0.681,0.6178,0.8266,0.3084,128
2,0,6,15,0,1,1,3,0.6373,0.6291,0.6763,0.2435,108
2,0,6,16,0,1,1,1,0.7083,0.6394,0.5694,0.5853,205
2,0,6,17,0,1,1,2,0.7164,0.6897,0.8268,0.5297,208
2,0,6,18,0,1,1,1,0.6371,0.6065,0.3845,0.2128,245
2,0,6,19,0,1,1,2,0.7163,0.6402,0.6987,0.5053,177
2,0,6,20,0,1,1,2,0.6893,0.7082,0.2979,0.1595,135
2,0,6,21,0,1,1,1,0.6779,0.6445,0.7835,0.3529,135
2,0,6,22,0,1,1,2,0.632,0.5648,0.4794,0.396,56
2,0,6,23,0,1,1,3,0.8466,0.8057,0.566,0.4738,44
2,0,6,0,0,2,1,2,0.7688,0.6785,0.4875,0.3201,26
2,0,6,1,0,2,1,1,0.737,0.711,0.6746,0.6474,15
2,0,6,2,0,2,1,1,0.7649,0.7525,0.5814,0.2137,8
2,0,6,3,0,2,1,2,0.707,0.7527,0.7694,0.2392,6
2,0,6,4,0,2,1,2,0.6616,0.6314,0.5244,0.2432,10
2,0,6,5,0,2,1,1,0.501,0.4562,0.4618,0.1215,45
2,0,6,6,0,2,1,1,0.6007,0.5769,0.547,0.3034,112
2,0,6,7,0,2,1,2,0.8376,0.8389,0.8001,0.1985,200
2,0,6,8,0,2,1,1,0.7673,0.7439,0.7287,0.1268,320
2,0,6,9,0,2,1,1,0.7002,0.6902,0.7423,0.2257,195
2,0,6,10,0,2,1,1,0.5756,0.5696,0.5374,0.4654,96
2,0,6,11,0,2,1,2,0.7305,0.7091,0.4452,0.194,133
2,0,6,12,0,2,1,3,0.6666,0.5912,0.7741,0.0604,154
2,0,6,13,0,2,1,2,0.7349,0.6545,0.4382,0.3924,173
2,0,6,14,0,2,1,1,0.6082,0.5304,0.6043,0.1488,150
2,0,6,15,0,2,1,2,0.6518,0.5832,0.5237,0.194,123
2,0,6,16,0,2,1,1,0.748,0.6781,0.6126,0.3751,253
2,0,6,17,0,2,1,3,0.821,0.8357,0.3984,0.095,202
2,0,6,18,0,2,1,1,0.64,0.5868,0.7056,0.1468,250
2,0,6,19,0,2,1,3,0.6161,0.5883,0.768,0.1189,117
2,0,6,20,0,2,1,3,0.7576,0.7124,0.7289,0.0941,134
2,0,6,21,0,2,1,3,0.5979,0.5738,0.47,0.1546,72
2,0,6,22,0,2,1,1,0.6029,0.5748,0.6556,0.0614,88
2,0,6,23,0,2,1,2,0.7047,0.6318,0.583,0.0813,50
2,0,6,0,0,3,1,2,0.8334,0.8097,0.6043,0.2535,25
2,0,6,1,0,3,1,1,0.628,0.5762,0.8035,0.4623,16
2,0,6,2,0,3,1,2,0.6615,0.6071,0.5521,0.2442,7
2,0,6,3,0,3,1,2,0.6952,0.6513,0.6859,0.3389,9
2,0,6,4,0,3,1,3,0.6543,0.6459,0.3949,0.5973,10
2,0,6,5,0,3,1,2,0.5638,0.5168,0.613,0.4523,37
2,0,6,6,0,3,1,1,0.7436,0.7091,0.7161,0.0888,120
2,0,6,7,0,3,1,2,0.7005,0.6775,0.5863,0.3179,203
2,0,6,8,0,3,1,1,0.7131,0.6852,0.6781,0.4565,295
2,0,6,9,0,3,1,1,0.6775,0.6497,0.5071,0.0977,213
2,0,6,10,0,3,1,2,0.7934,0.7116,0.5484,0.2584,100
2,0,6,11,0,3,1,2,0.6521,0.6233,0.5882,0.2623,148
2,0,6,12,0,3,1,2,0.612,0.554,0.5392,0.1694,215
2,0,6,13,0,3,1,2,0.8039,0.7109,0.7122,0.2219,134
2,0,6,14,0,3,1,1,0.5335,0.493,0.7355,0.468,143
2,0,6,15,0,3,1,2,0.6767,0.6273,0.6821,0.1513,129
2,0,6,16,0,3,1,1,0.6821,0.7368,0.3006,0.1645,233
2,0,6,17,0,3,1,3,0.6794,0.6747,0.5662,0.2303,181
2,0,6,18,0,3,1,3,0.5788,0.5734,0.7054,0.1145,211
2,0,6,19,0,3,1,3,0.6045,0.562,0.5847,0.1376,148
2,0,6,20,0,3,1,3,0.7545,0.7112,0.5776,0.2245,80
2,0,6,21,0,3,1,2,0.7844,0.8223,0.7166,0.1825,107
2,0,6,22,0,3,1,2,0.6582,0.6062,0.7227,0.2323,78
2,0,6,23,0,3,1,2,0.6223,0.5988,0.6762,0.1222,55
2,0,6,0,0,4,1,1,0.5638,0.5909,0.4266,0.2073,37
2,0,6,1,0,4,1,2,0.7546,0.6951,0.4709,0.1246,12
2,0,6,2,0,4,1,1,0.7587,0.7253,0.6524,0.1016,10
2,0,6,3,0,4,1,3,0.492,0.4668,0.3555,0.4454,4
2,0,6,4,0,4,1,2,0.5191,0.4665,0.8019,0.2436,15
2,0,6,5,0,4,1,2,0.6983,0.6867,0.6215,0.5195,29
2,0,6,6,0,4,1,2,0.7074,0.6385,0.5207,0.3249,79
2,0,6,7,0,4,1,2,0.6553,0.6458,0.5414,0.5087,193
2,0,6,8,0,4,1,3,0.6864,0.665,0.75,0.22,224
2,0,6,9,0,4,1,1,0.6714,0.6648,0.454,0.4159,153
2,0,6,10,0,4,1,1,0.6906,0.6502,0.3744,0.3509,159
2,0,6,11,0,4,1,1,0.6257,0.6061,0.486,0.0459,167
2,0,6,12,0,4,1,2,0.6879,0.6843,0.6406,0.3645,185
2,0,6,13,0,4,1,2,0.6415,0.5672,0.7974,0.1153,127
2,0,6,14,0,4,1,2,0.6357,0.5677,0.7512,0.3792,153
2,0,6,15,0,4,1,1,0.5581,0.5476,0.5528,0.5677,152
2,0,6,16,0,4,1,1,0.6765,0.6673,0.6391,0.414,216
2,0,6,17,0,4,1,3,0.7449,0.7118,0.6469,0.1022,217
2,0,6,18,0,4,1,2,0.666,0.6603,0.6318,0.1653,216
2,0,6,19,0,4,1,1,0.664,0.6199,0.3688,0.3249,213
2,0,6,20,0,4,1,1,0.7766,0.7758,0.5675,0.2838,154
2,0,6,21,0,4,1,1,0.7605,0.7203,0.7,0.1794,117
2,0,6,22,0,4,1,2,0.8102,0.7463,0.829,0.0974,79
2,0,6,23,0,4,1,2,0.8467,0.8471,0.6529,0.4509,45
2,0,6,0,0,5,0,2,0.6941,0.6842,0.7371,0.5707,16
2,0,6,1,0,5,0,2,0.609,0.565,0.7119,0.2814,6
2,0,6,2,0,5,0,3,0.6535,0.6079,0.5604,0.3509,4
2,0,6,3,0,5,0,1,0.7301,0.7116,0.4457,0.2993,6
2,0,6,4,0,5,0,1,0.7908,0.7212,0.7418,0.1729,11
2,0,6,5,0,5,0,1,0.6166,0.5954,0.8283,0.1802,37
2,0,6,6,0,5,0,3,0.7079,0.6674,0.5553,0.4564,55
2,0,6,7,0,5,0,2,0.6345,0.6092,0.749,0.4724,142
2,0,6,8,0,5,0,2,0.6797,0.5851,0.624,0.3449,160
2,0,6,9,0,5,0,2,0.6787,0.6175,0.4404,0.5281,108
2,0,6,10,0,5,0,1,0.7167,0.6884,0.6116,0.3758,87
2,0,6,11,1,5,0,1,0.8322,0.8222,0.5378,0.3101,68
2,0,6,12,0,5,0,2,0.7232,0.6831,0.6591,0.1638,89
2,0,6,13,0,5,0,3,0.6599,0.6486,0.6539,0.2738,82
2,0,6,14,0,5,0,1,0.6483,0.5715,0.5286,0.1057,96
2,0,6,15,0,5,0,1,0.6766,0.6293,0.449,0.1355,123
2,0,6,16,0,5,0,3,0.629,0.6059,0.551,0.0361,114
2,0,6,17,0,5,0,2,0.6998,0.6629,0.792,0.4503,128
2,0,6,18,0,5,0,2,0.5212,0.518,0.4651,0.0711,171
2,0,6,19,0,5,0,1,0.6752,0.6337,0.6929,0.1724,140
2,0,6,20,0,5,0,1,0.6807,0.6393,0.6778,0.6864,110
2,0,6,21,0,5,0,1,0.6087,0.5979,0.5398,0.2916,61
2,0,6,22,0,5,0,1,0.6632,0.6139,0.5048,0.1696,62
2,0,6,23,0,5,0,2,0.7684,0.7027,0.6773,0.2957,41
2,0,6,0,0,6,0,2,0.7746,0.7498,0.6035,0.5347,14
2,0,6,1,0,6,0,2,0.6538,0.5922,0.5464,0.0837,10
2,0,6,2,0,6,0,1,0.7278,0.734,0.6634,0.2117,7
2,0,6,3,0,6,0,1,0.5863,0.5017,0.8019,0.1461,7
2,0,6,4,0,6,0,2,0.6704,0.628,0.7556,0.3582,8
2,0,6,5,0,6,0,1,0.7073,0.7207,0.6222,0.2981,28
2,0,6,6,0,6,0,1,0.798,0.8174,0.2012,0.1974,76
2,0,6,7,0,6,0,1,0.7746,0.7332,0.5782,0.5346,175
2,0,6,8,0,6,0,1,0.7058,0.7036,0.4864,0.1151,270
2,0,6,9,0,6,0,1,0.6273,0.6192,0.5824,0.2342,135
2,0,6,10,0,6,0,1,0.7862,0.7322,0.5649,0.1465,88
2,0,6,11,0,6,0,3,0.6673,0.648,0.5689,0.4037,90
2,0,6,12,0,6,0,1,0.7225,0.6606,0.736,0.6598,153
2,0,6,13,0,6,0,2,0.6826,0.6016,0.5795,0.0943,107
2,0,6,14,0,6,0,2,0.8306,0.8042,0.5743,0.1242,90
2,0,6,15,0,6,0,2,0.6485,0.6329,0.664,0.1779,111
2,0,6,16,0,6,0,2,0.7553,0.682,0.4799,0.1749,90
2,0,6,17,0,6,0,1,0.6851,0.6466,0.5663,0.4162,198
2,0,6,18,0,6,0,1,0.731,0.6589,0.4424,0.1827,177
2,0,6,19,0,6,0,2,0.8046,0.7505,0.6815,0.1291,106
2,0,6,20,0,6,0,3,0.5508,0.5102,0.6346,0.1725,78
2,0,6,21,0,6,0,1,0.6866,0.6745,0.8551,0.5504,83
2,0,6,22,0,6,0,2,0.6286,0.5821,0.4108,0.5953,52
2,0,6,23,0,6,0,3,0.7224,0.6484,0.7232,0.1337,32
2,0,6,0,0,0,1,2,0.7406,0.7551,0.3972,0.1199,28
2,0,6,1,0,0,1,2,0.6593,0.6412,0.4882,0.6108,12
2,0,6,2,0,0,1,2,0.6557,0.6498,0.3502,0.3473,7
2,0,6,3,0,0,1,3,0.7065,0.6894,0.6159,0.4403,5
2,0,6,4,0,0,1,2,0.6031,0.6012,0.6404,0.3569,16
2,0,6,5,0,0,1,2,0.7156,0.6929,0.569,0.1824,44
2,0,6,6,0,0,1,2,0.635,0.6172,0.3454,0.1703,101
2,0,6,7,0,0,1,1,0.7436,0.7102,0.5437,0.2501,256
2,0,6,8,0,0,1,3,0.6,0.5568,0.6232,0.4823,223
2,0,6,9,0,0,1,3,0.6525,0.6465,0.4979,0.3688,124
2,0,6,10,0,0,1,2,0.6397,0.5998,0.6043,0.1495,128
2,0,6,11,0,0,1,1,0.6714,0.6413,0.7373,0.6233,115
2,0,6,12,0,0,1,2,0.7886,0.7603,0.5388,0.2857,191
2,0,6,13,0,0,1,1,0.7515,0.7275,0.4772,0.071,174
2,0,6,14,0,0,1,2,0.6587,0.5953,0.5979,0.1946,110
2,0,6,15,0,0,1,1,0.6586,0.6317,0.8255,0.3667,168
2,0,6,16,0,0,1,2,0.7542,0.6859,0.6683,0.4476,195
2,0,6,17,0,0,1,3,0.6108,0.5856,0.4265,0.5429,207
2,0,6,18,0,0,1,1,0.6938,0.6825,0.7704,0.1961,284
2,0,6,19,0,0,1,2,0.6498,0.6714,0.558,0.233,199
2,0,6,20,0,0,1,3,0.6802,0.6636,0.5796,0.1094,101
2,0,6,21,0,0,1,1,0.7489,0.7374,0.453,0.261,124
2,0,6,22,0,0,1,1,0.6454,0.5805,0.6254,0.5695,84
2,0,6,23,0,0,1,1,0.7604,0.7386,0.3732,0.612,45
2,0,6,0,0,1,1,2,0.8473,0.7714,0.4733,0.6338,26
2,0,6,1,0,1,1,2,0.7356,0.7349,0.6814,0.1922,13
2,0,6,2,0,1,1,1,0.6874,0.621,0.6237,0.3373,10
2,0,6,3,0,1,1,1,0.7743,0.7063,0.518,0.4532,10
2,0,6,4,0,1,1,1,0.6157,0.6075,0.5852,0.4727,14
2,0,6,5,0,1,1,1,0.7998,0.8102,0.6922,0.2437,56
2,0,6,6,0,1,1,2,0.6406,0.6403,0.6544,0.2914,76
2,0,6,7,0,1,1,1,0.845,0.7922,0.6879,0.2653,199
2,0,6,8,0,1,1,2,0.6431,0.5812,0.4659,0.1417,237
2,0,6,9,0,1,1,2,0.7396,0.6898,0.5236,0.1817,148
2,0,6,10,0,1,1,3,0.5841,0.5587,0.8407,0.3147,88
2,0,6,11,0,1,1,1,0.6784,0.6421,0.5609,0.2077,182
2,0,6,12,0,1,1,2,0.6177,0.5559,0.5533,0.4823,149
2,0,6,13,0,1,1,2,0.5924,0.6013,0.6232,0.0802,154
2,0,6,14,0,1,1,2,0.7777,0.778,0.635,0.197,96
2,0,6,15,0,1,1,1,0.6074,0.6335,0.4888,0.1541,176
2,0,6,16,0,1,1,1,0.6418,0.5599,0.3098,0.4881,196
2,0,6,17,0,1,1,2,0.6337,0.5777,0.5699,0.3842,243
2,0,6,18,0,1,1,2,0.7731,0.7419,0.6062,0.4855,199
2,0,6,19,0,1,1,3,0.7645,0.7264,0.3962,0.1763,134
2,0,6,20,0,1,1,2,0.7822,0.7296,0.6405,0.0644,136
2,0,6,21,0,1,1,2,0.6382,0.5806,0.6487,0.3844,107
2,0,6,22,0,1,1,3,0.7878,0.7184,0.7252,0.184,79
2,0,6,23,0,1,1,2,0.6376,0.6665,0.4768,0.1313,55
2,0,6,0,0,2,1,1,0.6414,0.5665,0.6534,0.1984,33
2,0,6,1,0,2,1,1,0.6453,0.5663,0.6755,0.5598,15
2,0,6,2,0,2,1,2,0.6479,0.5798,0.7867,0.1337,7
2,0,6,3,0,2,1,1,0.6879,0.6593,0.7115,0.1214,10
2,0,6,4,0,2,1,3,0.6355,0.5956,0.7361,0.335,10
2,0,6,5,0,2,1,1,0.7104,0.6873,0.6276,0.2401,57
2,0,6,6,0,2,1,1,0.5116,0.4648,0.5551,0.027,117
2,0,6,7,0,2,1,2,0.7102,0.6773,0.7617,0.2633,174
2,0,6,8,0,2,1,2,0.618,0.5896,0.457,0.4135,227
2,0,6,9,0,2,1,3,0.6474,0.6623,0.7924,0.6974,102
2,0,6,10,0,2,1,1,0.6491,0.67,0.7043,0.1125,144
2,0,6,11,0,2,1,1,0.7603,0.7177,0.569,0.493,156
2,0,6,12,0,2,1,2,0.7296,0.7187,0.4186,0.0939,173
2,0,6,13,0,2,1,3,0.6826,0.6534,0.6009,0.214,109
2,0,6,14,0,2,1,1,0.6442,0.6351,0.5331,0.1588,133
2,0,6,15,0,2,1,2,0.749,0.7231,0.4194,0.0844,164
2,0,6,16,0,2,1,1,0.8199,0.8009,0.5407,0.3099,240
2,0,6,17,0,2,1,2,0.6923,0.6833,0.7177,0.5603,203
2,0,6,18,0,2,1,1,0.5824,0.566,0.6081,0.3493,251
2,0,6,19,0,2,1,4,0.645,0.6169,0.5804,0.0814,92
2,0,6,20,0,2,1,1,0.7334,0.728,0.4211,0.4651,153
2,0,6,21,0,2,1,2,0.6632,0.626,0.5874,0.3492,99
2,0,6,22,0,2,1,2,0.6341,0.5851,0.7982,0.1999,72
2,0,6,23,0,2,1,1,0.6311,0.5529,0.6138,0.2288,49
2,0,6,0,0,3,1,1,0.7015,0.6792,0.5668,0.1855,30
2,0,6,1,0,3,1,2,0.5877,0.5791,0.6999,0.3239,13
2,0,6,2,0,3,1,2,0.6927,0.6063,0.762,0.1318,7
2,0,6,3,0,3,1,2,0.7013,0.6478,0.7758,0.3935,8
2,0,6,4,0,3,1,2,0.6637,0.653,0.6515,0.3204,11
2,0,6,5,0,3,1,1,0.6221,0.5867,0.4131,0.1796,43
2,0,6,6,0,3,1,3,0.7664,0.7297,0.7292,0.2196,74
2,0,6,7,0,3,1,1,0.6018,0.5991,0.5631,0.428,251
2,0,6,8,0,3,1,2,0.7072,0.6686,0.547,0.5269,285
2,0,6,9,0,3,1,3,0.7461,0.7203,0.4933,0.4974,135
2,0,6,10,0,3,1,3,0.7063,0.6385,0.6752,0.126,109
2,0,6,11,0,3,1,1,0.7813,0.7528,0.725,0.2279,192
2,0,6,12,0,3,1,1,0.6156,0.5447,0.53,0.1018,159
2,0,6,13,0,3,1,2,0.6398,0.5689,0.6873,0.4548,99
2,0,6,14,0,3,1,1,0.6628,0.6146,0.7421,0.2295,126
2,0,6,15,0,3,1,2,0.9255,0.8957,0.6541,0.1431,156
2,0,6,16,0,3,1,2,0.7307,0.6957,0.6102,0.3975,205
2,0,6,17,0,3,1,1,0.7438,0.6829,0.5919,0.492,284
2,0,6,18,0,3,1,1,0.7409,0.7301,0.5314,0.2576,252
2,0,6,19,0,3,1,2,0.7006,0.6752,0.7015,0.3338,171
2,0,6,20,0,3,1,2,0.7686,0.7615,0.7469,0.1034,126
2,0,6,21,0,3,1,1,0.5642,0.5093,0.626,0.2612,136
2,0,6,22,0,3,1,1,0.7145,0.7218,0.5568,0.2015,100
2,0,6,23,0,3,1,1,0.7251,0.7363,0.6692,0.4644,69
2,0,6,0,0,4,1,2,0.7672,0.7562,0.5026,0.2803,31
2,0,6,1,0,4,1,2,0.615,0.5989,0.7619,0.0838,14
2,0,6,2,0,4,1,3,0.6202,0.6041,0.748,0.602,7
2,0,6,3,0,4,1,3,0.6246,0.6033,0.6706,0.2482,6
2,0,6,4,0,4,1,2,0.7325,0.6547,0.5596,0.393,13
2,0,6,5,0,4,1,3,0.7335,0.6789,0.588,0.3405,35
2,0,6,6,0,4,1,1,0.6294,0.5948,0.4022,0.183,129
2,0,6,7,1,4,0,2,0.8299,0.7575,0.5191,0.2766,94
2,0,6,8,0,4,1,2,0.716,0.7232,0.6992,0.2851,255
2,0,6,9,0,4,1,2,0.7046,0.6844,0.5182,0.5131,145
2,0,6,10,0,4,1,2,0.6814,0.7008,0.8975,0.3882,132
2,0,6,11,0,4,1,1,0.7611,0.7467,0.5514,0.2409,165
2,0,6,12,0,4,1,3,0.7232,0.6451,0.4997,0.4945,135
2,0,6,13,0,4,1,3,0.8282,0.826,0.6515,0.3599,110
2,0,6,14,0,4,1,3,0.611,0.5669,0.6568,0.3325,96
2,0,6,15,0,4,1,1,0.5877,0.5993,0.7748,0.1101,157
2,0,6,16,0,4,1,3,0.6441,0.6572,0.5803,0.1692,171
2,0,6,17,0,4,1,2,0.7347,0.7385,0.5044,0.1343,230
2,0,6,18,0,4,1,2,0.666,0.6649,0.541,0.091,224
2,0,6,19,0,4,1,1,0.7849,0.7587,0.7554,0.3248,198
2,0,6,20,0,4,1,2,0.6684,0.6346,0.8079,0.0886,131
2,0,6,21,0,4,1,2,0.7717,0.7896,0.5394,0.4181,96
2,0,6,22,0,4,1,2,0.6378,0.6141,0.593,0.012,78
2,0,6,23,0,4,1,4,0.7787,0.7282,0.777,0.1747,34
2,0,6,0,0,5,0,1,0.7925,0.7661,0.7001,0.1241,19
2,0,6,1,0,5,0,2,0.6571,0.6587,0.5412,0.2718,8
2,0,6,2,0,5,0,1,0.7309,0.7277,0.4694,0.555,7
2,0,6,3,1,5,0,1,0.7154,0.6471,0.5307,0.4404,4
2,0,6,4,0,5,0,1,0.7328,0.7286,0.7106,0.3035,10
2,0,6,5,0,5,0,1,0.7866,0.7679,0.4295,0.2355,34
2,0,6,6,0,5,0,1,0.7648,0.7162,0.633,0.1863,78
2,0,6,7,0,5,0,1,0.7327,0.6713,0.5647,0.2507,182
2,0,6,8,0,5,0,1,0.7431,0.7488,0.5208,0.5195,198
2,0,6,9,0,5,0,2,0.6078,0.6233,0.5502,0.0306,114
2,0,6,10,0,5,0,1,0.6938,0.7062,0.7136,0.0766,98
2,0,6,11,0,5,0,1,0.6196,0.5493,0.6725,0.52,110
2,0,6,12,0,5,0,1,0.6954,0.6543,0.7328,0.206,141
2,0,6,13,0,5,0,1,0.7748,0.7378,0.511,0.1783,116
2,0,6,14,1,5,0,1,0.6962,0.7064,0.4072,0.2762,51
2,0,6,15,0,5,0,3,0.5213,0.5194,0.6307,0.5532,74
2,0,6,16,0,5,0,2,0.6234,0.5855,0.607,0.3094,142
2,0,6,17,0,5,0,1,0.7373,0.7053,0.5498,0.6124,196
2,0,6,18,0,5,0,2,0.6589,0.6474,0.371,0.3638,154
2,0,6,19,0,5,0,1,0.7515,0.7364,0.712,0.3686,143
2,0,6,20,0,5,0,2,0.6122,0.632,0.2545,0.0294,77
2,0,6,21,0,5,0,3,0.7234,0.7309,0.6939,0.2828,63
2,0,6,22,0,5,0,1,0.7269,0.728,0.6885,0.3445,63
2,0,6,23,0,5,0,1,0.752,0.6914,0.681,0.0433,40
2,0,6,0,0,6,0,2,0.6515,0.5978,0.6014,0.1066,16
2,0,6,1,0,6,0,1,0.7519,0.6846,0.3364,0.0302,9
2,0,6,2,0,6,0,1,0.8028,0.7753,0.4166,0.2896,8
2,0,6,3,0,6,0,2,0.5382,0.4972,0.509,0.6735,6
2,0,6,4,0,6,0,2,0.7009,0.6838,0.8311,0.3126,9
2,0,6,5,0,6,0,1,0.5709,0.5645,0.7238,0.2352,35
2,0,6,6,0,6,0,2,0.6371,0.6127,0.5874,0.3563,60
2,0,6,7,0,6,0,1,0.6428,0.6379,0.5355,0.2589,148
2,0,6,8,0,6,0,1,0.6927,0.6396,0.6251,0.8319,176
2,0,6,9,0,6,0,2,0.7238,0.6441,0.7107,0.3168,96
2,0,6,10,0,6,0,2,0.7607,0.7024,0.6452,0.3354,76
2,0,6,11,0,6,0,2,0.7158,0.7061,0.4422,0.061,97
2,0,6,12,0,6,0,2,0.7445,0.7634,0.7814,0.6342,105
2,0,6,13,0,6,0,2,0.6218,0.6361,0.6669,0.2787,105
2,0,6,14,0,6,0,3,0.7713,0.7277,0.5484,0.2972,56
2,0,6,15,0,6,0,2,0.4666,0.4731,0.6515,0.5196,60
2,0,6,16,0,6,0,1,0.8042,0.7234,0.7549,0.1181,181
2,0,6,17,0,6,0,2,0.7916,0.7996,0.6554,0.3597,156
2,0,6,18,0,6,0,1,0.7498,0.7292,0.6621,0.1948,182
2,0,6,19,0,6,0,2,0.8534,0.8356,0.7932,0.2541,92
2,0,6,20,0,6,0,1,0.5711,0.4864,0.5344,0.1873,99
2,0,6,21,0,6,0,2,0.7519,0.7294,0.4945,0.6139,77
2,0,6,22,0,6,0,2,0.7068,0.7281,0.5564,0.4173,51
2,0,6,23,0,6,0,2,0.7144,0.6889,0.7138,0.5922,31
2,0,6,0,0,0,1,1,0.6165,0.5843,0.7285,0.0473,33
2,0,6,1,0,0,1,1,0.7256,0.683,0.6329,0.4612,17
2,0,6,2,0,0,1,2,0.7223,0.666,0.5119,0.4033,7
2,0,6,3,0,0,1,4,0.6496,0.6213,0.8272,0.0843,6
2,0,6,4,0,0,1,1,0.6931,0.6234,0.4742,0.3358,12
2,0,6,5,0,0,1,1,0.6059,0.5906,0.5586,0.0813,57
2,0,6,6,0,0,1,1,0.6702,0.6715,0.529,0.2748,104
2,0,6,7,0,0,1,2,0.7652,0.7155,0.7409,0.107,204
2,0,6,8,0,0,1,1,0.7666,0.7413,0.5923,0.4188,281
2,0,6,9,0,0,1,3,0.7517,0.7137,0.811,0.2683,126
2,0,6,10,0,0,1,2,0.7651,0.7402,0.7097,0.2926,121
2,0,6,11,0,0,1,1,0.7661,0.7566,0.5019,0.1971,165
2,0,6,12,0,0,1,1,0.6529,0.6342,0.5755,0.3084,231
2,0,6,13,0,0,1,1,0.7217,0.7129,0.5495,0.3763,183
2,0,6,14,0,0,1,2,0.774,0.7524,0.7796,0.718,99
2,0,6,15,0,0,1,2,0.6013,0.5987,0.7151,0.5451,118
2,0,6,16,0,0,1,1,0.6009,0.5819,0.4232,0.2118,229
2,0,6,17,0,0,1,2,0.5971,0.5787,0.6766,0.1949,254
2,0,6,18,0,0,1,1,0.5729,0.5665,0.606,0.0439,251
2,0,6,19,0,0,1,2,0.6244,0.5925,0.4605,0.1613,166
2,0,6,20,0,0,1,3,0.6611,0.6431,0.5143,0.3871,109
2,0,6,21,1,0,0,1,0.8038,0.7384,0.5876,0.3236,57
2,0,6,22,0,0,1,1,0.6673,0.5811,0.348,0.3794,79
2,0,6,23,0,0,1,3,0.5918,0.5664,0.6401,0.2021,32
2,0,6,0,0,1,1,1,0.7101,0.6521,0.6246,0.49,27
2,0,6,1,0,1,1,1,0.6852,0.7103,0.5839,0.2165,12
2,0,6,2,0,1,1,2,0.6437,0.5889,0.6187,0.0988,7
2,0,6,3,0,1,1,2,0.6572,0.6487,0.5873,0.1945,5
2,0,6,4,0,1,1,3,0.7731,0.7145,0.4795,0.2279,12
2,0,6,5,0,1,1,2,0.5997,0.5704,0.5375,0.2482,29
2,0,6,6,0,1,1,2,0.5818,0.5206,0.5212,0.5069,105
2,0,6,7,0,1,1,1,0.7311,0.6596,0.69,0.2632,187
2,0,6,8,0,1,1,1,0.6555,0.6326,0.4866,0.362,325
2,0,6,9,0,1,1,2,0.8071,0.7561,0.5481,0.1708,149
2,0,6,10,0,1,1,1,0.6876,0.6768,0.6176,0.2837,148
2,0,6,11,0,1,1,1,0.6914,0.6956,0.4315,0.1341,185
2,0,6,12,0,1,1,1,0.7535,0.6693,0.5597,0.2143,171
2,0,6,13,0,1,1,1,0.5814,0.5851,0.6172,0.118,202
2,0,6,14,0,1,1,2,0.7221,0.6571,0.6329,0.3554,93
2,0,6,15,0,1,1,2,0.6728,0.6292,0.655,0.4957,127
2,0,6,16,0,1,1,1,0.7703,0.6897,0.5216,0.5345,260
2,0,6,17,0,1,1,2,0.6532,0.5793,0.4818,0.4202,243
2,0,6,18,0,1,1,1,0.7108,0.6169,0.5569,0.4556,238
2,0,6,19,0,1,1,1,0.6733,0.6275,0.6364,0.3395,191
2,0,6,20,0,1,1,3,0.7273,0.6928,0.5782,0.2699,108
2,0,6,21,0,1,1,3,0.6809,0.6357,0.4791,0.6263,87
2,0,6,22,0,1,1,1,0.7168,0.6272,0.8789,0.079,100
2,0,6,23,1,1,0,1,0.8212,0.7214,0.5182,0.3588,24
2,0,6,0,0,2,1,3,0.6789,0.6452,0.4548,0.3758,22
2,0,6,1,0,2,1,2,0.7271,0.7144,0.5307,0.1506,10
2,0,6,2,0,2,1,1,0.8589,0.8234,0.7189,0.2735,10
2,0,6,3,0,2,1,1,0.7262,0.7459,0.6836,0.308,8
2,0,6,4,0,2,1,1,0.5285,0.5009,0.8294,0.0389,15
2,0,6,5,0,2,1,2,0.6522,0.6291,0.4939,0.5608,38
2,0,6,6,0,2,1,2,0.6146,0.5833,0.579,0.1937,99
2,0,6,7,0,2,1,1,0.7634,0.7018,0.7368,0.1126,214
2,0,6,8,0,2,1,1,0.6923,0.6528,0.4893,0.1964,307
2,0,6,9,0,2,1,1,0.7733,0.7598,0.7544,0.1085,155
2,0,6,10,0,2,1,2,0.7417,0.7309,0.6194,0.2631,120
2,0,6,11,0,2,1,3,0.7414,0.715,0.5194,0.6652,87
2,0,6,12,0,2,1,2,0.6132,0.6301,0.4094,0.1925,145
2,0,6,13,0,2,1,2,0.7342,0.7112,0.6779,0.3812,150
2,0,6,14,0,2,1,1,0.7945,0.7646,0.7924,0.2896,131
2,0,6,15,0,2,1,2,0.5976,0.6128,0.6561,0.5204,133
2,0,6,16,0,2,1,1,0.6767,0.6214,0.6629,0.4319,196
2,0,6,17,0,2,1,1,0.7237,0.7303,0.6469,0.5483,290
2,0,6,18,0,2,1,2,0.7057,0.6412,0.726,0.2797,180
2,0,6,19,0,2,1,2,0.7994,0.7515,0.7625,0.1105,167
2,0,6,20,0,2,1,1,0.7499,0.6573,0.2691,0.1425,149
2,0,6,21,0,2,1,2,0.7273,0.6985,0.5769,0.3385,103
2,0,6,22,0,2,1,3,0.7561,0.7581,0.5411,0.1309,65
2,0,6,23,0,2,1,2,0.7524,0.6866,0.6379,0.2915,51
2,0,6,0,0,3,1,2,0.7021,0.6585,0.5686,0.262,22
2,0,6,1,0,3,1,1,0.6744,0.634,0.6696,0.0924,12
2,0,6,2,0,3,1,2,0.7686,0.7237,0.6562,0.2094,8
2,0,6,3,0,3,1,1,0.6472,0.5834,0.3862,0.1531,9
2,0,6,4,0,3,1,1,0.6942,0.6606,0.3549,0.1152,14
2,0,6,5,0,3,1,1,0.6183,0.6345,0.7069,0.1391,34
2,0,6,6,0,3,1,1,0.7505,0.6979,0.5164,0.5935,116
2,0,6,7,0,3,1,2,0.7855,0.7532,0.8224,0.2004,215
2,0,6,8,1,3,0,2,0.6338,0.6087,0.7184,0.1692,117
2,0,6,9,0,3,1,1,0.6885,0.6422,0.4016,0.1595,182
2,0,6,10,0,3,1,3,0.6656,0.6407,0.5204,0.3688,71
2,0,6,11,0,3,1,2,0.7745,0.7244,0.6449,0.1349,122
2,0,6,12,0,3,1,2,0.7984,0.771,0.5626,0.3212,172
2,0,6,13,0,3,1,1,0.6657,0.6303,0.5953,0.4092,181
2,0,6,14,0,3,1,1,0.4829,0.4166,0.4832,0.3151,126
2,0,6,15,0,3,1,2,0.7799,0.687,0.6576,0.4375,148
2,0,6,16,0,3,1,2,0.7024,0.6031,0.6185,0.0979,138
2,0,6,17,0,3,1,1,0.7027,0.6552,0.7068,0.1619,234
2,0,6,18,0,3,1,2,0.7667,0.7533,0.6103,0.3589,217
2,0,6,19,0,3,1,1,0.6738,0.6182,0.5407,0.1237,208
2,0,6,20,0,3,1,1,0.6551,0.615,0.6326,0.2317,139
2,0,6,21,0,3,1,1,0.6744,0.621,0.6597,0.2476,140
2,0,6,22,0,3,1,1,0.7335,0.6718,0.6164,0.3186,73
2,0,6,23,0,3,1,1,0.7608,0.7888,0.7635,0.2617,60
2,0,6,0,0,4,1,3,0.8139,0.7492,0.4867,0.2741,21
2,0,6,1,0,4,1,2,0.7278,0.6508,0.726,0.046,13
2,0,6,2,0,4,1,1,0.6894,0.6281,0.4707,0.5009,9
2,0,6,3,0,4,1,1,0.7616,0.7257,0.6953,0.2223,9
2,0,6,4,0,4,1,2,0.6316,0.5828,0.3704,0.3973,8
2,0,6,5,0,4,1,1,0.7989,0.7675,0.5811,0.2118,46
2,0,6,6,0,4,1,2,0.7143,0.6567,0.7314,0.1864,97
2,0,6,7,0,4,1,2,0.6835,0.6317,0.5672,0.1929,170
2,0,6,8,1,4,0,3,0.6318,0.579,0.6045,0.1618,98
2,0,6,9,0,4,1,1,0.7434,0.7035,0.6486,0.3471,174
2,0,6,10,0,4,1,3,0.6799,0.6673,0.3365,0.2813,77
2,0,6,11,0,4,1,2,0.6929,0.6829,0.6508,0.3865,139
2,0,6,12,0,4,1,2,0.5826,0.5957,0.5005,0.3398,135
2,0,6,13,0,4,1,3,0.6691,0.5963,0.7277,0.4062,114
2,0,6,14,0,4,1,2,0.6598,0.5956,0.6021,0.2436,125
2,0,6,15,0,4,1,1,0.7288,0.6648,0.6462,0.2269,219
2,0,6,16,0,4,1,2,0.6808,0.6467,0.4704,0.1473,206
2,0,6,17,0,4,1,2,0.5141,0.4561,0.7085,0.1465,215
2,0,6,18,1,4,0,3,0.6705,0.6163,0.6086,0.5141,53
2,0,6,19,0,4,1,2,0.5977,0.5884,0.4307,0.1433,179
2,0,6,20,0,4,1,2,0.6265,0.6273,0.55,0.1913,119
2,0,6,21,0,4,1,1,0.7698,0.7521,0.6914,0.2395,78
2,0,6,22,0,4,1,1,0.5813,0.5619,0.6269,0.2483,82
2,0,6,23,0,4,1,2,0.7202,0.6643,0.6959,0.2595,43
3,0,7,0,0,5,0,1,0.6643,0.6317,0.5679,0.4494,25
3,0,7,1,0,5,0,1,0.6508,0.6524,0.7567,0.2476,9
3,0,7,2,0,5,0,2,0.6312,0.6195,0.7805,0.4969,5
3,0,7,3,0,5,0,2,0.7221,0.7126,0.4009,0.4113,5
3,0,7,4,0,5,0,2,0.73,0.722,0.682,0.414,9
3,0,7,5,0,5,0,1,0.579,0.5402,0.7929,0.3682,35
3,0,7,6,0,5,0,1,0.7803,0.7603,0.6687,0.3101,76
3,0,7,7,0,5,0,2,0.6167,0.5745,0.6064,0.2645,132
3,0,7,8,0,5,0,3,0.727,0.7085,0.4523,0.1668,137
3,0,7,9,0,5,0,1,0.6171,0.623,0.5741,0.2208,114
3,0,7,10,0,5,0,2,0.6676,0.6809,0.5502,0.1266,104
3,0,7,11,0,5,0,2,0.6103,0.5976,0.717,0.1328,99
3,0,7,12,0,5,0,2,0.6628,0.6414,0.7309,0.2304,120
3,0,7,13,0,5,0,2,0.6857,0.693,0.5914,0.3131,97
3,0,7,14,0,5,0,1,0.6193,0.5624,0.4974,0.2681,72
3,0,7,15,0,5,0,2,0.7218,0.7291,0.356,0.2559,118
3,0,7,16,1,5,0,2,0.7309,0.6983,0.682,0.3616,69
3,0,7,17,1,5,0,1,0.8892,0.8489,0.6718,0.0892,124
3,0,7,18,0,5,0,1,0.7648,0.713,0.3608,0.1587,189
3,0,7,19,0,5,0,1,0.7821,0.7078,0.6738,0.2028,116
3,0,7,20,0,5,0,2,0.5759,0.5913,0.716,0.4955,81
3,0,7,21,0,5,0,3,0.5627,0.5467,0.2811,0.2997,60
3,0,7,22,0,5,0,1,0.679,0.634,0.4904,0.2022,79
3,0,7,23,0,5,0,1,0.8248,0.7941,0.9099,0.4342,34
3,0,7,0,0,6,0,3,0.8731,0.8194,0.6214,0.1855,17
3,0,7,1,0,6,0,1,0.6518,0.5681,0.8883,0.2332,12
3,0,7,2,0,6,0,1,0.6589,0.6206,0.6419,0.276,5
3,0,7,3,0,6,0,2,0.738,0.6589,0.7477,0.172,6
3,0,7,4,0,6,0,3,0.6861,0.6589,0.579,0.0937,9
3,0,7,5,0,6,0,2,0.6879,0.7011,0.5357,0.2007,32
3,0,7,6,0,6,0,1,0.7444,0.6879,0.4243,0.3079,63
3,0,7,7,0,6,0,2,0.89,0.8692,0.6811,0.3699,144
3,0,7,8,0,6,0,2,0.7912,0.7325,0.5145,0.341,221
3,0,7,9,0,6,0,3,0.8308,0.7886,0.5015,0.1282,81
3,0,7,10,0,6,0,1,0.5708,0.5159,0.4296,0.0776,110
3,0,7,11,0,6,0,3,0.7752,0.755,0.6211,0.43,91
3,0,7,12,0,6,0,2,0.6334,0.6421,0.7087,0.4046,137
3,0,7,13,0,6,0,1,0.8173,0.7822,0.5889,0.1859,101
3,0,7,14,0,6,0,1,0.7949,0.7712,0.5784,0.2355,92
3,0,7,15,0,6,0,1,0.7422,0.7211,0.8012,0.1065,131
3,0,7,16,0,6,0,3,0.6479,0.6081,0.4241,0.2229,118
3,0,7,17,0,6,0,1,0.666,0.672,0.8351,0.1254,155
3,0,7,18,0,6,0,2,0.6717,0.6226,0.456,0.1918,186
3,0,7,19,0,6,0,1,0.7533,0.6684,0.6038,0.6068,116
3,0,7,20,0,6,0,2,0.7282,0.6641,0.6625,0.4077,76
3,0,7,21,0,6,0,2,0.7993,0.7778,0.7359,0.2087,84
3,0,7,22,0,6,0,3,0.8127,0.7604,0.4265,0.5162,40
3,0,7,23,0,6,0,2,0.6407,0.6115,0.6383,0.2144,44
3,0,7,0,0,0,1,2,0.7333,0.6894,0.5455,0.057,26
3,0,7,1,0,0,1,2,0.7324,0.7012,0.7387,0.4966,12
3,0,7,2,0,0,1,2,0.6933,0.6915,0.5441,0.3024,7
3,0,7,3,0,0,1,3,0.7659,0.7734,0.3868,0.308,5
3,0,7,4,0,0,1,2,0.7344,0.6686,0.6633,0.1322,14
3,0,7,5,0,0,1,3,0.6598,0.6547,0.6157,0.101,36
3,0,7,6,0,0,1,1,0.69,0.6614,0.8324,0.4237,111
3,0,7,7,0,0,1,2,0.6755,0.6051,0.7349,0.2301,221
3,0,7,8,0,0,1,3,0.6491,0.6314,0.514,0.297,239
3,0,7,9,0,0,1,3,0.694,0.7148,0.7362,0.3842,116
3,0,7,10,0,0,1,2,0.6092,0.5566,0.6311,0.2423,130
3,0,7,11,1,0,0,2,0.7332,0.6896,0.7051,0.2119,65
3,0,7,12,0,0,1,2,0.7983,0.7102,0.5285,0.1922,167
3,0,7,13,0,0,1,1,0.7035,0.6648,0.574,0.3983,149
3,0,7,14,0,0,1,3,0.7662,0.7327,0.6976,0.4046,89
3,0,7,15,0,0,1,1,0.7109,0.7345,0.7071,0.4367,135
3,0,7,16,0,0,1,1,0.6284,0.569,0.3667,0.2214,245
3,0,7,17,0,0,1,2,0.8405,0.8274,0.689,0.3131,251
3,0,7,18,0,0,1,1,0.5304,0.5129,0.5182,0.5869,234
3,0,7,19,0,0,1,1,0.7007,0.7327,0.6477,0.5971,188
3,0,7,20,0,0,1,1,0.6462,0.6191,0.4211,0.6563,163
3,0,7,21,0,0,1,3,0.8107,0.7686,0.7255,0.1852,88
3,0,7,22,0,0,1,2,0.7151,0.7048,0.7006,0.46,83
3,0,7,23,0,0,1,4,0.8789,0.8496,0.5205,0.076,39
3,0,7,0,0,1,1,1,0.7025,0.6955,0.6686,0.1762,28
3,0,7,1,0,1,1,1,0.6467,0.6312,0.616,0.3331,17
3,0,7,2,0,1,1,1,0.5803,0.507,0.693,0.0816,10
3,0,7,3,0,1,1,1,0.7775,0.7542,0.4544,0.3007,9
3,0,7,4,0,1,1,1,0.6416,0.6244,0.4749,0.4014,14
3,0,7,5,0,1,1,1,0.6706,0.6149,0.5326,0.4312,35
3,0,7,6,0,1,1,1,0.786,0.7553,0.6143,0.3341,77
3,0,7,7,0,1,1,2,0.7737,0.68,0.8162,0.514,163
3,0,7,8,0,1,1,1,0.6573,0.6321,0.6411,0.2007,317
3,0,7,9,0,1,1,2,0.6682,0.6553,0.7339,0.2741,141
3,0,7,10,1,1,0,1,0.5771,0.577,0.5153,0.2692,49
3,0,7,11,0,1,1,2,0.5561,0.5493,0.5517,0.3362,138
3,0,7,12,0,1,1,2,0.7534,0.6892,0.5393,0.3763,150
3,0,7,13,0,1,1,2,0.7612,0.6792,0.5966,0.1064,164
3,0,7,14,0,1,1,2,0.725,0.717,0.7004,0.6262,121
3,0,7,15,0,1,1,1,0.7131,0.6896,0.5802,0.1421,192
3,0,7,16,0,1,1,1,0.6506,0.6328,0.5841,0.0569,250
3,0,7,17,0,1,1,2,0.8028,0.8131,0.6901,0.0311,226
3,0,7,18,0,1,1,3,0.5751,0.4981,0.5596,0.2263,182
3,0,7,19,0,1,1,2,0.6672,0.6879,0.5275,0.1642,171
3,0,7,20,0,1,1,2,0.7112,0.6588,0.5802,0.2354,136
3,0,7,21,0,1,1,2,0.7,0.6897,0.8394,0.2619,101
3,0,7,22,0,1,1,4,0.6998,0.6645,0.7261,0.4654,50
3,0,7,23,0,1,1,1,0.6636,0.6201,0.8482,0.5284,56
3,0,7,0,0,2,1,1,0.7378,0.6556,0.465,0.5095,33
3,0,7,1,1,2,0,2,0.6148,0.5639,0.6681,0.0775,5
3,0,7,2,1,2,0,2,0.6898,0.6694,0.5766,0.4665,3
3,0,7,3,0,2,1,1,0.7301,0.7043,0.5838,0.236,9
3,0,7,4,0,2,1,1,0.6766,0.6714,0.4364,0.3809,13
3,0,7,5,0,2,1,2,0.7003,0.6445,0.7773,0.1128,36
3,0,7,6,0,2,1,2,0.715,0.7017,0.4266,0.2984,81
3,0,7,7,0,2,1,2,0.5767,0.5498,0.728,0.1938,222
3,0,7,8,0,2,1,1,0.5832,0.573,0.574,0.1146,271
3,0,7,9,0,2,1,1,0.7093,0.6892,0.512,0.3444,154
3,0,7,10,0,2,1,2,0.6573,0.6103,0.5067,0.3041,97
3,0,7,11,0,2,1,1,0.6616,0.636,0.6273,0.1542,168
3,0,7,12,0,2,1,2,0.7397,0.7166,0.5773,0.1007,145
3,0,7,13,0,2,1,2,0.6307,0.6228,0.6218,0.0415,138
3,0,7,14,0,2,1,1,0.531,0.5496,0.383,0.1688,142
3,0,7,15,0,2,1,2,0.8159,0.7561,0.3735,0.254,155
3,0,7,16,0,2,1,1,0.7846,0.7104,0.4028,0.4939,265
3,0,7,17,0,2,1,2,0.7837,0.7831,0.7176,0.1492,241
3,0,7,18,0,2,1,2,0.6215,0.5518,0.7951,0.3774,228
3,0,7,19,0,2,1,2,0.6945,0.6908,0.5897,0.3524,168
3,0,7,20,0,2,1,3,0.6111,0.5533,0.7106,0.1475,102
3,0,7,21,0,2,1,1,0.6957,0.642,0.6629,0.432,106
3,0,7,22,0,2,1,2,0.6756,0.6394,0.7616,0.59,74
3,0,7,23,0,2,1,1,0.6245,0.5497,0.7659,0.6999,58
3,0,7,0,0,3,1,4,0.735,0.6691,0.4738,0.2609,16
3,0,7,1,0,3,1,1,0.6817,0.5974,0.6453,0.463,14
3,0,7,2,0,3,1,2,0.8204,0.7994,0.725,0.2549,9
3,0,7,3,0,3,1,1,0.7058,0.6701,0.7254,0.5119,10
3,0,7,4,0,3,1,1,0.5214,0.4958,0.7142,0.3502,14
3,0,7,5,0,3,1,1,0.5729,0.5424,0.6182,0.1275,48
3,0,7,6,0,3,1,1,0.8465,0.8036,0.7033,0.063,122
3,0,7,7,0,3,1,1,0.6746,0.6264,0.4517,0.17,243
3,0,7,8,0,3,1,1,0.7166,0.7094,0.4576,0.1526,287
3,0,7,9,1,3,0,2,0.7004,0.6125,0.8032,0.1511,68
3,0,7,10,0,3,1,1,0.7989,0.7157,0.7528,0.2099,151
3,0,7,11,0,3,1,1,0.5663,0.5787,0.8121,0.2704,170
3,0,7,12,0,3,1,3,0.7928,0.7612,0.6037,0.1106,143
3,0,7,13,0,3,1,2,0.788,0.6879,0.5048,0.2917,119
3,0,7,14,0,3,1,1,0.7002,0.6748,0.5997,0.3656,137
3,0,7,15,0,3,1,1,0.7287,0.6446,0.8547,0.1351,161
3,0,7,16,0,3,1,2,0.6738,0.6791,0.5215,0.6431,183
3,0,7,17,0,3,1,2,0.5818,0.5803,0.6013,0.098,230
3,0,7,18,0,3,1,3,0.7404,0.7663,0.7683,0.2314,171
3,0,7,19,0,3,1,2,0.717,0.6722,0.6318,0.3374,199
3,0,7,20,0,3,1,3,0.7185,0.646,0.5756,0.1928,110
3,0,7,21,0,3,1,2,0.7335,0.6806,0.7128,0.3356,70
3,0,7,22,0,3,1,3,0.6575,0.6091,0.5649,0.0676,76
3,0,7,23,0,3,1,2,0.8043,0.7756,0.6794,0.1189,44
3,0,7,0,0,4,1,2,0.7001,0.6102,0.3333,0.3937,22
3,0,7,1,0,4,1,2,0.7375,0.7004,0.4128,0.4238,12
3,0,7,2,0,4,1,2,0.6805,0.616,0.595,0.2258,9
3,0,7,3,0,4,1,1,0.7731,0.719,0.7831,0.3473,9
3,0,7,4,0,4,1,1,0.7068,0.713,0.6033,0.3128,12
3,0,7,5,0,4,1,1,0.6936,0.689,0.6168,0.5269,45
3,0,7,6,0,4,1,1,0.7841,0.7668,0.653,0.0114,105
3,0,7,7,0,4,1,3,0.5789,0.5691,0.5736,0.1452,165
3,0,7,8,0,4,1,2,0.6799,0.638,0.4299,0.3117,236
3,0,7,9,0,4,1,1,0.6567,0.6224,0.7057,0.2485,159
3,0,7,10,0,4,1,1,0.7257,0.6423,0.6549,0.5278,113
3,0,7,11,0,4,1,1,0.7217,0.6486,0.6641,0.742,162
3,0,7,12,0,4,1,2,0.6987,0.6676,0.4893,0.4414,144
3,0,7,13,0,4,1,3,0.6496,0.5835,0.8062,0.298,97
3,0,7,14,0,4,1,1,0.6979,0.6837,0.5715,0.2099,125
3,0,7,15,0,4,1,1,0.7222,0.6846,0.7947,0.1733,166
3,0,7,16,0,4,1,3,0.6871,0.6438,0.3699,0.243,167
3,0,7,17,0,4,1,2,0.7771,0.72,0.5718,0.5667,237
3,0,7,18,0,4,1,3,0.7424,0.7188,0.8058,0.2687,175
3,0,7,19,0,4,1,1,0.7009,0.6862,0.6059,0.4867,167
3,0,7,20,0,4,1,1,0.5353,0.4822,0.3284,0.4974,123
3,0,7,21,0,4,1,2,0.6843,0.6343,0.5078,0.3933,110
3,0,7,22,0,4,1,1,0.7437,0.7008,0.6566,0.1476,99
3,0,7,23,0,4,1,2,0.68,0.6556,0.7953,0.077,56
3,0,7,0,0,5,0,2,0.7205,0.6937,0.5894,0.0818,19
3,0,7,1,0,5,0,1,0.6835,0.6463,0.7553,0.1508,11
3,0,7,2,0,5,0,2,0.7155,0.701,0.6713,0.2055,5
3,0,7,3,0,5,0,2,0.7973,0.7534,0.5744,0.1659,5
3,0,7,4,0,5,0,3,0.7543,0.6747,0.7183,0.034,9
3,0,7,5,0,5,0,1,0.6086,0.6182,0.7391,0.5431,24
3,0,7,6,0,5,0,2,0.5832,0.5834,0.5894,0.3358,51
3,0,7,7,0,5,0,1,0.7302,0.6524,0.5375,0.0045,188
3,0,7,8,0,5,0,3,0.781,0.7473,0.4298,0.2931,153
3,0,7,9,0,5,0,2,0.583,0.5929,0.674,0.1686,134
3,0,7,10,0,5,0,1,0.6846,0.6412,0.5547,0.1882,99
3,0,7,11,0,5,0,2,0.8654,0.8453,0.6865,0.3114,100
3,0,7,12,1,5,0,2,0.6804,0.6797,0.659,0.0883,81
3,0,7,13,0,5,0,2,0.8761,0.8403,0.6661,0.1212,133
3,0,7,14,0,5,0,1,0.6416,0.6738,0.6042,0.3182,100
3,0,7,15,0,5,0,2,0.654,0.6408,0.4708,0.114,85
3,0,7,16,0,5,0,2,0.65,0.6206,0.6806,0.3115,166
3,0,7,17,0,5,0,1,0.6097,0.5742,0.7244,0.3154,199
3,0,7,18,0,5,0,1,0.5809,0.5504,0.9029,0.33,178
3,0,7,19,0,5,0,3,0.6838,0.6326,0.5526,0.7365,63
3,0,7,20,0,5,0,2,0.7094,0.6405,0.4982,0.2494,82
3,0,7,21,0,5,0,1,0.6491,0.5896,0.4838,0.1266,76
3,0,7,22,0,5,0,3,0.6659,0.6283,0.6179,0.2311,42
3,0,7,23,0,5,0,1,0.8005,0.7846,0.7202,0.5685,44
3,0,7,0,0,6,0,2,0.7669,0.7384,0.7316,0.2106,14
3,0,7,1,0,6,0,2,0.6808,0.6518,0.813,0.4093,6
3,0,7,2,0,6,0,1,0.729,0.7561,0.671,0.5235,7
3,0,7,3,0,6,0,3,0.5843,0.6056,0.4808,0.4421,4
3,0,7,4,0,6,0,2,0.7178,0.6545,0.6535,0.1694,9
3,0,7,5,0,6,0,1,0.6945,0.6809,0.3728,0.1638,35
3,0,7,6,0,6,0,3,0.6727,0.6034,0.5832,0.2367,50
3,0,7,7,0,6,0,3,0.7012,0.6742,0.5738,0.322,101
3,0,7,8,0,6,0,2,0.6899,0.6142,0.6799,0.0364,158
3,0,7,9,0,6,0,1,0.6069,0.5584,0.6775,0.471,120
3,0,7,10,0,6,0,1,0.8165,0.7944,0.536,0.267,96
3,0,7,11,0,6,0,2,0.7654,0.7135,0.5396,0.6221,82
3,0,7,12,0,6,0,3,0.6717,0.6058,0.6325,0.0887,108
3,0,7,13,0,6,0,1,0.5756,0.5262,0.6819,0.6447,115
3,0,7,14,0,6,0,1,0.5269,0.4723,0.713,0.3522,74
3,0,7,15,0,6,0,1,0.8392,0.8096,0.5664,0.2499,133
3,0,7,16,0,6,0,2,0.6867,0.6885,0.6188,0.1881,133
3,0,7,17,0,6,0,2,0.7523,0.7088,0.4997,0.1097,164
3,0,7,18,0,6,0,1,0.6325,0.6317,0.5013,0.1924,193
3,0,7,19,0,6,0,2,0.6774,0.6263,0.3928,0.0881,114
3,0,7,20,0,6,0,2,0.6809,0.6439,0.5488,0.0687,71
3,0,7,21,0,6,0,1,0.7158,0.7335,0.7782,0.3622,77
3,0,7,22,0,6,0,3,0.7052,0.6646,0.7948,0.2573,40
3,0,7,23,0,6,0,1,0.6343,0.6347,0.6928,0.1604,41
3,0,7,0,0,0,1,1,0.6331,0.5799,0.7463,0.2621,31
3,0,7,1,0,0,1,2,0.6927,0.6575,0.7228,0.3866,11
3,0,7,2,0,0,1,2,0.5756,0.5211,0.6464,0.3233,9
3,0,7,3,0,0,1,1,0.6408,0.6108,0.3333,0.1071,9
3,0,7,4,0,0,1,3,0.6876,0.6604,0.8975,0.0731,12
3,0,7,5,0,0,1,1,0.7263,0.7126,0.6007,0.5331,40
3,0,7,6,0,0,1,1,0.8037,0.7461,0.6001,0.242,123
3,0,7,7,0,0,1,2,0.6651,0.6268,0.8009,0.259,224
3,0,7,8,0,0,1,3,0.701,0.7016,0.6448,0.4296,170
3,0,7,9,0,0,1,2,0.5677,0.5031,0.9278,0.1736,149
3,0,7,10,0,0,1,1,0.7219,0.6115,0.5259,0.2325,175
3,0,7,11,0,0,1,1,0.6348,0.5834,0.7499,0.3496,194
3,0,7,12,0,0,1,1,0.6769,0.6613,0.5961,0.2761,198
3,0,7,13,0,0,1,2,0.7317,0.6976,0.6376,0.6073,149
3,0,7,14,0,0,1,2,0.7347,0.6693,0.5199,0.0799,114
3,0,7,15,0,0,1,1,0.5967,0.569,0.55,0.6605,168
3,0,7,16,1,0,0,2,0.7546,0.7058,0.7804,0.2317,69
3,0,7,17,0,0,1,2,0.6957,0.614,0.6877,0.1288,204
3,0,7,18,0,0,1,1,0.7871,0.7376,0.6764,0.0842,336
3,0,7,19,0,0,1,1,0.8008,0.7831,0.4297,0.3603,206
3,0,7,20,0,0,1,2,0.8109,0.762,0.4331,0.0423,123
3,0,7,21,0,0,1,1,0.5987,0.5234,0.5149,0.4366,125
3,0,7,22,1,0,0,1,0.7266,0.742,0.5781,0.1571,41
3,0,7,23,0,0,1,1,0.588,0.5288,0.6133,0.3816,46
3,0,7,0,0,1,1,2,0.789,0.7608,0.6644,0.375,26
3,0,7,1,0,1,1,2,0.799,0.7841,0.7491,0.2065,14
3,0,7,2,0,1,1,2,0.7664,0.7407,0.8029,0.2955,9
3,0,7,3,0,1,1,1,0.6682,0.6278,0.6498,0.6764,8
3,0,7,4,0,1,1,2,0.736,0.6447,0.5249,0.1856,10
3,0,7,5,0,1,1,1,0.6593,0.6615,0.714,0.3915,39
3,0,7,6,0,1,1,2,0.6989,0.6289,0.6485,0.3305,80
3,0,7,7,0,1,1,3,0.6915,0.6861,0.6824,0.1434,162
3,0,7,8,0,1,1,2,0.558,0.5635,0.7712,0.4021,246
3,0,7,9,0,1,1,1,0.6413,0.5726,0.5799,0.1819,187
3,0,7,10,0,1,1,2,0.8569,0.7769,0.8012,0.1784,146
3,0,7,11,0,1,1,1,0.6919,0.6455,0.4555,0.1444,128
3,0,7,12,0,1,1,1,0.7091,0.7013,0.7139,0.1875,145
3,0,7,13,0,1,1,3,0.6973,0.6445,0.5483,0.3036,108
3,0,7,14,0,1,1,1,0.6692,0.6385,0.6534,0.4988,108
3,0,7,15,0,1,1,1,0.7004,0.6504,0.6659,0.3116,154
3,0,7,16,0,1,1,2,0.6694,0.6595,0.5843,0.5069,140
3,0,7,17,0,1,1,2,0.5381,0.4922,0.5495,0.2741,283
3,0,7,18,0,1,1,2,0.753,0.6937,0.5245,0.175,268
3,0,7,19,0,1,1,1,0.8108,0.7393,0.6609,0.5833,182
3,0,7,20,0,1,1,2,0.6164,0.5537,0.7026,0.3394,153
3,0,7,21,0,1,1,1,0.669,0.6675,0.8449,0.2133,158
3,0,7,22,0,1,1,3,0.8029,0.752,0.5957,0.1573,64
3,0,7,23,0,1,1,1,0.6439,0.5832,0.4422,0.2994,63
3,0,7,0,0,2,1,1,0.7245,0.6381,0.684,0.1982,25
3,0,7,1,0,2,1,2,1.0,0.9419,0.4186,0.1522,12
3,0,7,2,0,2,1,1,0.7416,0.6799,0.8195,0.2081,11
3,0,7,3,0,2,1,2,0.7021,0.6367,0.7182,0.2547,8
3,0,7,4,0,2,1,1,0.759,0.6979,0.5063,0.2395,15
3,0,7,5,0,2,1,1,0.7517,0.7178,0.4371,0.6816,43
3,0,7,6,0,2,1,1,0.651,0.5836,0.5239,0.2055,117
3,0,7,7,0,2,1,1,0.5758,0.5378,0.691,0.3076,270
3,0,7,8,0,2,1,1,0.7389,0.7285,0.535,0.5206,276
3,0,7,9,0,2,1,1,0.7494,0.6953,0.7165,0.1798,176
3,0,7,10,0,2,1,1,0.6765,0.6108,0.7399,0.4864,131
3,0,7,11,0,2,1,2,0.8125,0.8035,0.5587,0.3242,124
3,0,7,12,0,2,1,2,0.7985,0.7559,0.7333,0.5522,149
3,0,7,13,0,2,1,1,0.7515,0.7087,0.7722,0.384,177
3,0,7,14,0,2,1,1,0.6778,0.6596,0.6952,0.3786,138
3,0,7,15,0,2,1,1,0.551,0.5208,0.6927,0.6122,176
3,0,7,16,0,2,1,1,0.6851,0.653,0.5598,0.128,219
3,0,7,17,0,2,1,2,0.5688,0.4932,0.871,0.1255,295
3,0,7,18,0,2,1,1,0.5323,0.4805,0.5095,0.2413,237
3,0,7,19,0,2,1,3,0.7426,0.7614,0.5742,0.1024,131
3,0,7,20,0,2,1,2,0.7794,0.7092,0.7399,0.6052,98
3,0,7,21,0,2,1,1,0.5608,0.5348,0.5822,0.1351,86
3,0,7,22,0,2,1,1,0.6794,0.6977,0.5913,0.0471,101
3,0,7,23,0,2,1,1,0.6961,0.6819,0.4639,0.3421,59
3,0,7,0,0,3,1,1,0.6762,0.6511,0.5718,0.506,30
3,0,7,1,0,3,1,2,0.6002,0.5461,0.9179,0.1447,13
3,0,7,2,0,3,1,1,0.7898,0.7316,0.585,0.0794,9
3,0,7,3,0,3,1,1,0.6021,0.5627,0.7816,0.0574,10
3,0,7,4,0,3,1,1,0.5602,0.5423,0.5682,0.0923,18
3,0,7,5,0,3,1,2,0.6005,0.6086,0.5003,0.1701,42
3,0,7,6,0,3,1,1,0.7304,0.6974,0.5346,0.2613,127
3,0,7,7,0,3,1,3,0.678,0.6269,0.7152,0.4186,173
3,0,7,8,0,3,1,1,0.6427,0.6077,0.3662,0.4697,265
3,0,7,9,0,3,1,1,0.7336,0.7125,0.8327,0.3592,228
3,0,7,10,0,3,1,2,0.7199,0.6941,0.6854,0.2087,136
3,0,7,11,0,3,1,2,0.5352,0.5009,0.5833,0.6338,131
3,0,7,12,0,3,1,1,0.7329,0.6626,0.5329,0.0713,219
3,0,7,13,0,3,1,2,0.7794,0.7727,0.5655,0.379,147
3,0,7,14,0,3,1,1,0.688,0.6458,0.7662,0.5209,111
3,0,7,15,0,3,1,1,0.6802,0.6536,0.4388,0.0252,174
3,0,7,16,0,3,1,1,0.8292,0.7675,0.6215,0.6151,213
3,0,7,17,0,3,1,2,0.647,0.5936,0.7636,0.3376,270
3,0,7,18,0,3,1,2,0.6851,0.6657,0.385,0.2882,210
3,0,7,19,0,3,1,2,0.7198,0.6458,0.5527,0.1424,179
3,0,7,20,0,3,1,3,0.7001,0.6301,0.4465,0.0521,133
3,0,7,21,0,3,1,2,0.6776,0.689,0.4735,0.0671,109
3,0,7,22,0,3,1,3,0.7029,0.6925,0.6541,0.1678,70
3,0,7,23,0,3,1,1,0.8065,0.7787,0.706,0.0674,69
3,0,7,0,0,4,1,2,0.7525,0.6827,0.5798,0.3891,25
3,0,7,1,0,4,1,2,0.6907,0.6628,0.4491,0.6023,12
3,0,7,2,0,4,1,1,0.6355,0.6015,0.5251,0.332,9
3,0,7,3,0,4,1,1,0.6448,0.5993,0.6766,0.0778,8
3,0,7,4,0,4,1,2,0.7624,0.7216,0.6247,0.4714,12
3,0,7,5,0,4,1,1,0.5844,0.5122,0.4874,0.5629,37
3,0,7,6,0,4,1,1,0.8642,0.7589,0.5704,0.0793,114
3,0,7,7,0,4,1,2,0.6937,0.6679,0.7226,0.3328,229
3,0,7,8,0,4,1,1,0.5994,0.5743,0.6531,0.0857,383
3,0,7,9,1,4,0,1,0.7087,0.6808,0.5035,0.1591,73
3,0,7,10,0,4,1,1,0.6399,0.631,0.6596,0.3965,134
3,0,7,11,0,4,1,3,0.6666,0.6486,0.5616,0.2087,110
3,0,7,12,0,4,1,3,0.5902,0.6052,0.5515,0.2857,117
3,0,7,13,0,4,1,2,0.6792,0.6806,0.6448,0.2703,142
3,0,7,14,0,4,1,1,0.5473,0.5217,0.4972,0.1799,102
3,0,7,15,0,4,1,1,0.6539,0.626,0.5761,0.3134,178
3,0,7,16,0,4,1,1,0.638,0.6129,0.7546,0.2908,209
3,0,7,17,0,4,1,2,0.6608,0.5817,0.9253,0.2138,230
3,0,7,18,0,4,1,2,0.6424,0.6379,0.4234,0.4737,164
3,0,7,19,0,4,1,2,0.6983,0.6809,0.5236,0.1452,148
3,0,7,20,0,4,1,1,0.7581,0.6705,0.7646,0.4724,156
3,0,7,21,0,4,1,3,0.7212,0.7316,0.4783,0.3341,86
3,0,7,22,0,4,1,1,0.7869,0.7347,0.6137,0.4397,84
3,0,7,23,0,4,1,1,0.661,0.6243,0.8446,0.262,61
3,0,7,0,0,5,0,2,0.7178,0.6777,0.5425,0.3677,16
3,0,7,1,0,5,0,2,0.7206,0.6794,0.5997,0.1662,7
3,0,7,2,0,5,0,3,0.7757,0.8088,0.4753,0.3286,5
3,0,7,3,0,5,0,1,0.644,0.604,0.7122,0.5582,7
3,0,7,4,0,5,0,3,0.7503,0.7031,0.4152,0.2473,7
3,0,7,5,0,5,0,1,0.6351,0.6039,0.5469,0.2935,36
3,0,7,6,0,5,0,1,0.6552,0.597,0.4741,0.1011,64
3,0,7,7,0,5,0,1,0.67,0.6453,0.5913,0.6719,169
3,0,7,8,0,5,0,1,0.7268,0.6659,0.8525,0.4215,186
3,0,7,9,0,5,0,2,0.619,0.6031,0.6762,0.072,104
3,0,7,10,0,5,0,1,0.6288,0.5661,0.6585,0.0993,84
3,0,7,11,0,5,0,1,0.65,0.5998,0.6653,0.1181,133
3,0,7,12,0,5,0,1,0.6985,0.6334,0.6271,0.574,143
3,0,7,13,0,5,0,2,0.6296,0.5821,0.7839,0.1525,97
3,0,7,14,0,5,0,3,0.7136,0.6243,0.7227,0.1042,66
3,0,7,15,0,5,0,2,0.6701,0.5632,0.4737,0.6829,104
3,0,7,16,0,5,0,1,0.7412,0.6944,0.7468,0.1341,165
3,0,7,17,0,5,0,1,0.6995,0.6185,0.6581,0.5671,181
3,0,7,18,0,5,0,1,0.8178,0.8289,0.6844,0.0804,143
3,0,7,19,0,5,0,3,0.7036,0.6576,0.3887,0.3652,108
3,0,7,20,0,5,0,1,0.6098,0.6006,0.6299,0.468,87
3,0,7,21,0,5,0,3,0.6802,0.6555,0.6132,0.6561,57
3,0,7,22,0,5,0,2,0.6966,0.6299,0.5467,0.1505,46
3,0,7,23,0,5,0,2,0.6315,0.5873,0.7586,0.1931,38
3,0,7,0,0,6,0,2,0.8004,0.7826,0.4344,0.4564,16
3,0,7,1,0,6,0,1,0.6725,0.6592,0.9939,0.1567,10
3,0,7,2,0,6,0,1,0.6491,0.6426,0.4966,0.3894,5
3,0,7,3,0,6,0,1,0.7069,0.6519,0.6871,0.3377,6
3,0,7,4,0,6,0,1,0.6308,0.6168,0.6564,0.266,8
3,0,7,5,0,6,0,2,0.7619,0.7056,0.7709,0.2639,27
3,0,7,6,0,6,0,2,0.7478,0.7407,0.8312,0.3403,64
3,0,7,7,0,6,0,3,0.7034,0.6976,0.5785,0.2597,121
3,0,7,8,0,6,0,3,0.7356,0.6576,0.6518,0.5388,128
3,0,7,9,0,6,0,1,0.6593,0.6346,0.5794,0.2816,111
3,0,7,10,0,6,0,1,0.589,0.5267,0.5147,0.1924,103
3,0,7,11,0,6,0,1,0.6714,0.6627,0.6348,0.419,142
3,0,7,12,0,6,0,1,0.6591,0.5923,0.6274,0.2266,131
3,0,7,13,0,6,0,2,0.5517,0.5338,0.632,0.252,105
3,0,7,14,0,6,0,2,0.6202,0.6113,0.5853,0.1919,77
3,0,7,15,0,6,0,2,0.6081,0.5797,0.6715,0.2016,98
3,0,7,16,0,6,0,2,0.6205,0.6153,0.7245,0.4711,117
3,0,7,17,0,6,0,2,0.7876,0.757,0.486,0.1289,187
3,0,7,18,0,6,0,2,0.7301,0.7406,0.7047,0.1843,118
3,0,7,19,0,6,0,4,0.7618,0.6906,0.8181,0.0241,55
3,0,7,20,0,6,0,2,0.7299,0.6819,0.4776,0.2163,88
3,0,7,21,0,6,0,2,0.77,0.674,0.6492,0.2757,81
3,0,7,22,0,6,0,1,0.6961,0.6524,0.6852,0.3458,67
3,0,7,23,0,6,0,2,0.8003,0.7247,0.7247,0.2218,39
3,0,7,0,0,0,1,1,0.6071,0.5351,0.7391,0.7647,33
3,0,7,1,0,0,1,1,0.6885,0.6074,0.776,0.3449,17
3,0,7,2,0,0,1,1,0.6215,0.5763,0.6478,0.1949,9
3,0,7,3,0,0,1,1,0.7802,0.7488,0.5118,0.3601,8
3,0,7,4,0,0,1,1,0.7227,0.7009,0.5886,0.1093,12
3,0,7,5,0,0,1,1,0.7763,0.7676,0.8047,0.5826,42
3,0,7,6,0,0,1,2,0.595,0.5936,0.526,0.103,110
3,0,7,7,0,0,1,2,0.6511,0.5847,0.6938,0.2898,230
3,0,7,8,0,0,1,3,0.5684,0.5177,0.7329,0.107,248
3,0,7,9,0,0,1,2,0.7186,0.6884,0.705,0.1068,159
3,0,7,10,0,0,1,1,0.6633,0.6364,0.743,0.207,129
3,0,7,11,0,0,1,2,0.7462,0.7503,0.6277,0.2737,147
3,0,7,12,0,0,1,2,0.6955,0.6521,0.6193,0.1169,188
3,0,7,13,0,0,1,1,0.5442,0.54,0.8494,0.3654,157
3,0,7,14,0,0,1,3,0.5771,0.5439,0.8682,0.5093,96
3,0,7,15,0,0,1,3,0.699,0.6748,0.8051,0.4359,104
3,0,7,16,0,0,1,1,0.7259,0.7012,0.6974,0.1675,232
3,0,7,17,0,0,1,2,0.5381,0.5106,0.5624,0.2527,224
3,0,7,18,0,0,1,1,0.6874,0.6238,0.6479,0.2757,258
3,0,7,19,0,0,1,3,0.6221,0.5993,0.616,0.8695,122
3,0,7,20,0,0,1,2,0.6156,0.6041,0.7636,0.7883,113
3,0,7,21,0,0,1,1,0.6474,0.6183,0.6784,0.3337,107
3,0,7,22,0,0,1,2,0.7019,0.5839,0.7016,0.2813,63
3,0,7,23,0,0,1,2,0.6438,0.6063,0.6275,0.1087,65
3,0,7,0,0,1,1,1,0.5532,0.5459,0.333,0.4479,31
3,0,7,1,0,1,1,2,0.7003,0.6359,0.7898,0.2199,13
3,0,7,2,0,1,1,2,0.6677,0.6663,0.6246,0.4405,8
3,0,7,3,0,1,1,2,0.6266,0.5769,0.7485,0.2337,8
3,0,7,4,0,1,1,2,0.6707,0.6276,0.5918,0.4099,14
3,0,7,5,0,1,1,1,0.6679,0.6407,0.827,0.1816,42
3,0,7,6,0,1,1,1,0.6953,0.6329,0.5682,0.2508,92
3,0,7,7,0,1,1,2,0.6749,0.6685,0.6238,0.3629,171
3,0,7,8,0,1,1,1,0.7038,0.7066,0.6343,0.5951,268
3,0,7,9,0,1,1,1,0.6888,0.6214,0.4514,0.4123,132
3,0,7,10,0,1,1,3,0.7496,0.7066,0.6816,0.4012,91
3,0,7,11,0,1,1,2,0.8032,0.8198,0.7316,0.5229,121
3,0,7,12,0,1,1,2,0.6912,0.6896,0.6827,0.1124,162
3,0,7,13,0,1,1,2,0.6487,0.5679,0.9104,0.1325,153
3,0,7,14,0,1,1,3,0.5917,0.5971,0.5254,0.3187,99
3,0,7,15,0,1,1,3,0.7375,0.598,0.4254,0.4296,89
3,0,7,16,0,1,1,1,0.6291,0.6161,0.4894,0.4558,240
3,0,7,17,0,1,1,1,0.8566,0.788,0.6424,0.3676,258
3,0,7,18,0,1,1,1,0.8868,0.8563,0.7762,0.3094,190
3,0,7,19,0,1,1,1,0.6773,0.6509,0.6533,0.1607,147
3,0,7,20,0,1,1,1,0.5757,0.5509,0.5732,0.1403,171
3,0,7,21,0,1,1,2,0.738,0.7187,0.812,0.208,108
3,0,7,22,0,1,1,2,0.8392,0.7823,0.6185,0.0916,90
3,0,7,23,0,1,1,3,0.6004,0.5524,0.4675,0.0479,55
3,0,7,0,0,2,1,1,0.824,0.8107,0.753,0.4021,28
3,0,7,1,0,2,1,1,0.5617,0.5338,0.7106,0.5977,16
3,0,7,2,0,2,1,1,0.5894,0.5428,0.6617,0.152,8
3,0,7,3,0,2,1,1,0.7128,0.6718,0.8278,0.252,8
3,0,7,4,0,2,1,1,0.7623,0.7163,0.6207,0.3617,16
3,0,7,5,0,2,1,3,0.6865,0.6418,0.6668,0.0593,27
3,0,7,6,0,2,1,1,0.7226,0.6998,0.5161,0.0405,87
3,0,7,7,0,2,1,2,0.7685,0.7039,0.5487,0.3877,168
3,0,7,8,0,2,1,1,0.7766,0.7834,0.5763,0.1972,271
3,0,7,9,0,2,1,2,0.6476,0.6219,0.7164,0.2185,133
3,0,7,10,0,2,1,3,0.6307,0.5441,0.5521,0.459,82
3,0,7,11,0,2,1,3,0.7649,0.7349,0.6216,0.0048,136
3,0,7,12,0,2,1,1,0.7229,0.6589,0.6064,0.1475,210
3,0,7,13,0,2,1,3,0.7324,0.6949,0.6269,0.42,106
3,0,7,14,0,2,1,1,0.6449,0.6081,0.5415,0.171,145
3,0,7,15,0,2,1,2,0.7358,0.7194,0.6083,0.072,176
3,0,7,16,0,2,1,1,0.6145,0.6038,0.4949,0.3296,233
3,0,7,17,0,2,1,2,0.7085,0.6797,0.6284,0.1774,275
3,0,7,18,0,2,1,2,0.699,0.7213,0.6298,0.1041,217
3,0,7,19,0,2,1,2,0.6995,0.6427,0.6419,0.0419,189
3,0,7,20,1,2,0,2,0.7458,0.7495,0.7003,0.3355,59
3,0,7,21,0,2,1,1,0.6197,0.6306,0.8503,0.073,92
3,0,7,22,1,2,0,3,0.7385,0.7117,0.4341,0.364,34
3,0,7,23,0,2,1,1,0.6926,0.6717,0.5887,0.1801,58
3,0,7,0,0,3,1,1,0.6346,0.6314,0.5244,0.4523,27
3,0,7,1,0,3,1,1,0.5975,0.5581,0.6714,0.457,14
3,0,7,2,0,3,1,1,0.8222,0.7659,0.719,0.0894,12
3,0,7,3,0,3,1,1,0.6851,0.6372,0.4884,0.3158,7
3,0,7,4,0,3,1,2,0.6651,0.6407,0.6722,0.0943,14
3,0,7,5,0,3,1,1,0.6099,0.5654,0.7379,0.3544,42
3,0,7,6,0,3,1,2,0.7662,0.7062,0.685,0.258,97
3,0,7,7,0,3,1,1,0.7608,0.6916,0.5935,0.2733,222
3,0,7,8,0,3,1,2,0.7473,0.6804,0.7151,0.5271,238
3,0,7,9,0,3,1,1,0.6857,0.6322,0.6034,0.2928,164
3,0,7,10,0,3,1,1,0.7426,0.6869,0.7427,0.1051,142
3,0,7,11,0,3,1,2,0.6323,0.6039,0.6763,0.3149,126
3,0,7,12,0,3,1,3,0.7052,0.6467,0.6114,0.3182,136
3,0,7,13,0,3,1,4,0.6862,0.6666,0.4831,0.31,94
3,0,7,14,0,3,1,1,0.7087,0.7323,0.6361,0.2158,172
3,0,7,15,1,3,0,3,0.5631,0.5724,0.5054,0.2629,49
3,0,7,16,0,3,1,2,0.8209,0.748,0.5036,0.4929,172
3,0,7,17,0,3,1,3,0.8033,0.7541,0.5922,0.324,182
3,0,7,18,0,3,1,1,0.6095,0.5409,0.6249,0.2755,226
3,0,7,19,0,3,1,1,0.7304,0.6997,0.4907,0.3064,181
3,0,7,20,0,3,1,1,0.5859,0.5642,0.6142,0.0471,142
3,0,7,21,0,3,1,2,0.6959,0.6663,0.6055,0.552,110
3,0,7,22,0,3,1,1,0.5363,0.478,0.562,0.4264,86
3,0,7,23,0,3,1,1,0.6695,0.6166,0.6032,0.3335,57
3,0,7,0,0,4,1,2,0.6546,0.6505,0.7122,0.1891,26
3,0,7,1,0,4,1,3,0.7697,0.7431,0.5883,0.6455,11
3,0,7,2,0,4,1,2,0.8055,0.7392,0.7046,0.4944,7
3,0,7,3,0,4,1,2,0.8071,0.7282,0.6253,0.1475,8
3,0,7,4,0,4,1,1,0.7698,0.7291,0.7571,0.4195,18
3,0,7,5,0,4,1,3,0.6945,0.6561,0.7322,0.36,26
3,0,7,6,0,4,1,1,0.7159,0.6415,0.6093,0.2141,96
3,0,7,7,0,4,1,1,0.7156,0.6706,0.5531,0.4019,252
3,0,7,8,0,4,1,1,0.6061,0.5613,0.693,0.3372,275
3,0,7,9,0,4,1,1,0.769,0.7129,0.5719,0.1952,173
3,0,7,10,0,4,1,2,0.737,0.6874,0.4468,0.5056,112
3,0,7,11,0,4,1,2,0.7403,0.7115,0.7231,0.6165,116
3,0,7,12,0,4,1,1,0.529,0.5053,0.5614,0.6346,190
3,0,7,13,0,4,1,1,0.7204,0.7221,0.3864,0.5233,198
3,0,7,14,0,4,1,1,0.7591,0.7271,0.6257,0.0716,117
3,0,7,15,1,4,0,1,0.6877,0.6774,0.7472,0.1797,61
3,0,7,16,0,4,1,3,0.6537,0.5813,0.5641,0.1209,200
3,0,7,17,0,4,1,2,0.5934,0.5683,0.5931,0.5641,207
3,0,7,18,0,4,1,1,0.5884,0.5478,0.6947,0.2212,250
3,0,7,19,0,4,1,1,0.6995,0.6863,0.5802,0.3603,157
3,0,7,20,0,4,1,2,0.6723,0.6463,0.6224,0.1092,155
3,0,7,21,0,4,1,2,0.6713,0.685,0.7422,0.3739,108
3,0,7,22,0,4,1,3,0.7958,0.728,0.7161,0.1866,66
3,0,7,23,0,4,1,1,0.6008,0.5494,0.662,0.3156,59
3,0,7,0,0,5,0,2,0.6632,0.6403,0.4356,0.0305,17
3,0,7,1,0,5,0,1,0.806,0.7618,0.7057,0.1426,11
3,0,7,2,0,5,0,2,0.6656,0.604,0.5882,0.2048,6
3,0,7,3,0,5,0,1,0.6921,0.6687,0.6944,0.1237,6
3,0,7,4,0,5,0,2,0.6752,0.6266,0.4536,0.2974,10
3,0,7,5,0,5,0,1,0.7368,0.7135,0.7482,0.6085,35
3,0,7,6,0,5,0,2,0.5436,0.4654,0.5348,0.2335,68
3,0,7,7,0,5,0,1,0.6732,0.6307,0.6874,0.705,161
3,0,7,8,0,5,0,2,0.6912,0.6614,0.7476,0.3444,194
3,0,7,9,0,5,0,1,0.6176,0.5918,0.6825,0.225,154
3,0,7,10,0,5,0,2,0.7115,0.6969,0.682,0.3038,74
3,0,7,11,0,5,0,1,0.7425,0.698,0.6462,0.2502,130
3,0,7,12,0,5,0,2,0.7191,0.6965,0.4893,0.1574,99
3,0,7,13,1,5,0,2,0.812,0.7693,0.7947,0.4651,59
3,0,7,14,0,5,0,1,0.6571,0.6462,0.7671,0.3384,96
3,0,7,15,0,5,0,1,0.7223,0.6401,0.5897,0.3262,123
3,0,7,16,0,5,0,1,0.7208,0.6066,0.2243,0.2585,134
3,0,7,17,0,5,0,1,0.6709,0.675,0.7565,0.2097,195
3,0,7,18,0,5,0,2,0.7668,0.7114,0.4172,0.2776,160
3,0,7,19,0,5,0,1,0.7076,0.6211,0.6995,0.1909,146
3,0,7,20,0,5,0,1,0.6034,0.5684,0.5482,0.2407,105
3,0,7,21,0,5,0,1,0.74,0.6874,0.6933,0.3433,86
3,0,7,22,0,5,0,1,0.6525,0.6309,0.5148,0.3008,63
3,0,7,23,0,5,0,1,0.6648,0.6464,0.6363,0.2952,38
3,0,7,0,0,6,0,2,0.6686,0.6227,0.4317,0.2296,18
3,0,7,1,0,6,0,1,0.7375,0.7285,0.6383,0.1598,9
3,0,7,2,0,6,0,3,0.7616,0.6872,0.6359,0.5273,4
3,0,7,3,0,6,0,2,0.6749,0.5706,0.7226,0.1702,5
3,0,7,4,0,6,0,1,0.6709,0.6418,0.5791,0.5056,9
3,0,7,5,0,6,0,3,0.5427,0.5079,0.6704,0.3168,21
3,0,7,6,0,6,0,2,0.6364,0.5477,0.5889,0.4057,57
3,0,7,7,0,6,0,2,0.6198,0.6071,0.6909,0.1108,166
3,0,7,8,0,6,0,1,0.7078,0.6215,0.6834,0.3558,236
3,0,7,9,0,6,0,2,0.6786,0.6413,0.742,0.0305,81
3,0,7,10,1,6,0,1,0.6224,0.6143,0.4957,0.2375,55
3,0,7,11,0,6,0,2,0.6967,0.6696,0.6255,0.3365,95
3,0,7,12,0,6,0,1,0.6813,0.6533,0.6705,0.5145,130
3,0,7,13,0,6,0,1,0.5082,0.4686,0.8548,0.3265,110
3,0,7,14,0,6,0,2,0.7636,0.7305,0.8744,0.1941,76
3,0,7,15,0,6,0,1,0.7568,0.7342,0.4733,0.155,131
3,0,7,16,0,6,0,1,0.6694,0.6166,0.5627,0.2642,167
3,0,7,17,0,6,0,2,0.7107,0.6413,0.3366,0.4206,190
3,0,7,18,0,6,0,1,0.6633,0.6538,0.9,0.1134,171
3,0,7,19,0,6,0,1,0.5737,0.6006,0.6746,0.5556,107
3,0,7,20,0,6,0,1,0.8375,0.8405,0.7061,0.5855,112
3,0,7,21,0,6,0,3,0.7385,0.6228,0.5985,0.2982,60
3,0,7,22,0,6,0,2,0.7519,0.7518,0.636,0.2133,50
3,0,7,23,0,6,0,2,0.6661,0.6138,0.772,0.2068,33
3,0,7,0,0,0,1,2,0.7634,0.7793,0.5117,0.2391,21
3,0,7,1,0,0,1,2,0.5887,0.5281,0.5018,0.2191,12
3,0,7,2,0,0,1,2,0.6674,0.6002,0.6084,0.6117,7
3,0,7,3,0,0,1,2,0.7364,0.6981,0.6385,0.2771,6
3,0,7,4,0,0,1,3,0.6407,0.5966,0.7039,0.1423,9
3,0,7,5,0,0,1,2,0.7483,0.7004,0.6396,0.141,38
3,0,7,6,0,0,1,1,0.7059,0.6989,0.5359,0.0836,118
3,0,7,7,0,0,1,1,0.6993,0.7014,0.5916,0.2231,187
3,0,7,8,0,0,1,1,0.6342,0.5742,0.6585,0.2215,278
3,0,7,9,0,0,1,2,0.7129,0.7265,0.7166,0.6118,150
3,0,7,10,0,0,1,3,0.8199,0.742,0.7572,0.3736,112
3,0,7,11,0,0,1,2,0.6969,0.6439,0.6043,0.1213,144
3,0,7,12,0,0,1,2,0.7235,0.7633,0.5524,0.2989,158
3,0,7,13,0,0,1,2,0.7338,0.7082,0.5295,0.4441,146
3,0,7,14,0,0,1,3,0.6045,0.5545,0.7773,0.0972,93
3,0,7,15,0,0,1,2,0.6753,0.6495,0.5849,0.2574,114
3,0,7,16,0,0,1,1,0.6732,0.6607,0.5456,0.2695,216
3,0,7,17,0,0,1,2,0.5359,0.5192,0.6573,0.2937,261
3,0,7,18,0,0,1,1,0.7398,0.7412,0.831,0.0818,296
3,0,7,19,0,0,1,1,0.6194,0.5624,0.5264,0.3194,172
3,0,7,20,0,0,1,1,0.7322,0.6759,0.7082,0.2412,110
3,0,7,21,0,0,1,1,0.6315,0.5733,0.5827,0.5597,108
3,0,7,22,0,0,1,1,0.8275,0.7612,0.6506,0.1571,97
3,0,7,23,0,0,1,1,0.6651,0.6331,0.7346,0.3513,66
3,0,7,0,0,1,1,3,0.8176,0.7448,0.784,0.5654,24
3,0,7,1,0,1,1,1,0.671,0.6462,0.5745,0.0984,19
3,0,7,2,0,1,1,2,0.6793,0.6643,0.7281,0.1155,8
3,0,7,3,0,1,1,1,0.7927,0.7164,0.6666,0.5368,9
3,0,7,4,0,1,1,3,0.6188,0.569,0.6864,0.0979,9
3,0,7,5,0,1,1,2,0.6866,0.6369,0.7864,0.0919,45
3,0,7,6,0,1,1,3,0.7208,0.6782,0.5528,0.2025,86
3,0,7,7,0,1,1,2,0.7113,0.6708,0.7311,0.2012,160
3,0,7,8,0,1,1,2,0.6861,0.6789,0.6569,0.2711,267
3,0,7,9,0,1,1,1,0.6765,0.672,0.7801,0.169,190
3,0,7,10,0,1,1,1,0.7423,0.681,0.6873,0.1629,162
3,0,7,11,0,1,1,2,0.6954,0.6814,0.62,0.2778,144
3,0,7,12,0,1,1,1,0.7507,0.7544,0.7426,0.1739,205
3,0,7,13,0,1,1,1,0.7105,0.7113,0.5699,0.5745,164
3,0,7,14,0,1,1,3,0.7286,0.6983,0.59,0.1679,91
3,0,7,15,0,1,1,1,0.7624,0.7227,0.5479,0.5339,136
3,0,7,16,0,1,1,2,0.6614,0.5862,0.5629,0.1904,188
3,0,7,17,0,1,1,1,0.7605,0.7101,0.3099,0.1683,275
3,0,7,18,0,1,1,1,0.6721,0.5937,0.5768,0.3444,251
3,0,7,19,0,1,1,1,0.585,0.59,0.6293,0.3561,255
3,0,7,20,0,1,1,2,0.66,0.6191,0.7293,0.0855,142
3,0,7,21,0,1,1,2,0.6325,0.5983,0.5276,0.5218,87
3,0,7,22,0,1,1,3,0.7093,0.6554,0.578,0.1179,60
3,0,7,23,0,1,1,1,0.6631,0.5876,0.6169,0.1257,72
3,0,7,0,0,2,1,1,0.6904,0.6773,0.7307,0.4007,29
3,0,7,1,0,2,1,2,0.7525,0.7299,0.6605,0.419,14
3,0,7,2,0,2,1,1,0.7855,0.7742,0.6838,0.5319,7
3,0,7,3,0,2,1,1,0.702,0.6143,0.7447,0.5977,8
3,0,7,4,0,2,1,2,0.7575,0.7592,0.6992,0.5396,12
3,0,7,5,0,2,1,2,0.6691,0.6319,0.5666,0.439,41
3,0,7,6,0,2,1,1,0.5721,0.5668,0.8441,0.497,102
3,0,7,7,0,2,1,1,0.5989,0.4899,0.4107,0.1396,257
3,0,7,8,0,2,1,3,0.6678,0.6467,0.7467,0.1989,230
3,0,7,9,0,2,1,3,0.7372,0.6981,0.6917,0.1819,127
3,0,7,10,0,2,1,2,0.668,0.628,0.7882,0.1112,127
3,0,7,11,0,2,1,2,0.7645,0.7233,0.6109,0.3373,138
3,0,7,12,0,2,1,3,0.8097,0.7513,0.5793,0.2189,163
3,0,7,13,0,2,1,2,0.6193,0.546,0.5066,0.1411,132
3,0,7,14,0,2,1,2,0.8302,0.7508,0.5113,0.1641,109
3,0,7,15,0,2,1,1,0.567,0.5395,0.6188,0.1072,162
3,0,7,16,0,2,1,1,0.8109,0.8097,0.5378,0.2613,200
3,0,7,17,0,2,1,2,0.6791,0.6784,0.5535,0.2223,207
3,0,7,18,0,2,1,2,0.6652,0.6388,0.5117,0.0898,219
3,0,7,19,0,2,1,1,0.6809,0.6322,0.763,0.1315,240
3,0,7,20,0,2,1,2,0.6255,0.6561,0.5522,0.3537,129
3,0,7,21,0,2,1,2,0.7866,0.7677,0.6871,0.386,103
3,0,7,22,0,2,1,1,0.633,0.6192,0.6237,0.2673,86
3,0,7,23,0,2,1,2,0.642,0.5699,0.6805,0.3819,58
3,0,7,0,0,3,1,1,0.5833,0.5618,0.6082,0.1198,26
3,0,7,1,0,3,1,2,0.6287,0.5601,0.7327,0.1926,11
3,0,7,2,0,3,1,4,0.6308,0.6617,0.7133,0.179,5
3,0,7,3,0,3,1,3,0.6261,0.5696,0.7848,0.2008,7
3,0,7,4,0,3,1,3,0.6675,0.6159,0.5604,0.1458,9
3,0,7,5,0,3,1,2,0.6018,0.5522,0.5381,0.3237,35
3,0,7,6,0,3,1,1,0.7914,0.7408,0.593,0.5017,100
3,0,7,7,0,3,1,2,0.6691,0.6558,0.6533,0.0361,253
3,0,7,8,0,3,1,1,0.706,0.6708,0.7029,0.2457,241
3,0,7,9,0,3,1,2,0.7401,0.7044,0.5645,0.2151,166
3,0,7,10,0,3,1,2,0.8216,0.8021,0.6637,0.1867,131
3,0,7,11,0,3,1,2,0.7435,0.6608,0.6178,0.0818,180
3,0,7,12,0,3,1,1,0.6625,0.6518,0.6077,0.2317,165
3,0,7,13,0,3,1,1,0.6047,0.5785,0.6386,0.0521,148
3,0,7,14,0,3,1,1,0.7035,0.6472,0.8198,0.4004,119
3,0,7,15,0,3,1,1,0.7542,0.7204,0.7345,0.2779,138
3,0,7,16,0,3,1,1,0.6898,0.6587,0.7656,0.2265,258
3,0,7,17,0,3,1,1,0.6844,0.5715,0.6832,0.1273,307
3,0,7,18,0,3,1,3,0.6948,0.7013,0.851,0.0301,189
3,0,7,19,0,3,1,1,0.5489,0.5578,0.7465,0.2476,204
3,0,7,20,0,3,1,2,0.6901,0.6164,0.4686,0.4113,141
3,0,7,21,1,3,0,1,0.7311,0.6719,0.727,0.5608,33
3,0,7,22,0,3,1,3,0.6766,0.6834,0.6803,0.2799,66
3,0,7,23,0,3,1,2,0.7585,0.7405,0.7143,0.7031,48
3,0,7,0,0,4,1,3,0.7591,0.7328,0.4605,0.6261,21
3,0,7,1,0,4,1,3,0.6428,0.6238,0.4648,0.0963,9
3,0,7,2,0,4,1,2,0.709,0.6848,0.6291,0.2476,8
3,0,7,3,0,4,1,1,0.6811,0.6151,0.4298,0.2281,8
3,0,7,4,0,4,1,2,0.5361,0.4924,0.7249,0.3007,14
3,0,7,5,0,4,1,1,0.665,0.6617,0.6582,0.1324,47
3,0,7,6,0,4,1,3,0.6059,0.5953,0.8742,0.3764,70
3,0,7,7,0,4,1,3,0.6875,0.6616,0.6854,0.2267,176
3,0,7,8,0,4,1,1,0.7259,0.6702,0.7237,0.4537,247
3,0,7,9,0,4,1,2,0.6629,0.6594,0.7099,0.2866,176
3,0,7,10,0,4,1,1,0.6151,0.5553,0.6499,0.2411,157
3,0,7,11,0,4,1,2,0.6945,0.7042,0.6546,0.4435,113
3,0,7,12,0,4,1,2,0.8492,0.7849,0.6337,0.2227,193
3,0,7,13,0,4,1,2,0.526,0.4736,0.3541,0.3791,162
3,0,7,14,0,4,1,3,0.6944,0.6606,0.7751,0.2282,87
3,0,7,15,0,4,1,1,0.64,0.6144,0.7763,0.6319,135
3,0,7,16,0,4,1,2,0.6483,0.6188,0.7441,0.1577,173
3,0,7,17,0,4,1,2,0.6708,0.5975,0.6511,0.038,277
3,0,7,18,0,4,1,1,0.654,0.634,0.6243,0.3599,303
3,0,7,19,0,4,1,1,0.7202,0.7136,0.5043,0.272,182
3,0,7,20,0,4,1,1,0.6612,0.6257,0.4902,0.1563,163
3,0,7,21,0,4,1,2,0.5268,0.454,0.5692,0.4822,103
3,0,7,22,1,4,0,3,0.7677,0.7229,0.6649,0.274,25
3,0,7,23,0,4,1,1,0.7571,0.6853,0.6853,0.2717,56
3,0,7,0,0,5,0,1,0.6338,0.5442,0.5794,0.2827,21
3,0,7,1,0,5,0,2,0.6798,0.6293,0.4848,0.1804,9
3,0,7,2,0,5,0,1,0.7615,0.7722,0.5613,0.044,6
3,0,7,3,0,5,0,1,0.7486,0.7087,0.6269,0.129,6
3,0,7,4,0,5,0,2,0.7713,0.7246,0.4538,0.3787,9
3,0,7,5,0,5,0,1,0.7025,0.6887,0.6632,0.2238,32
3,0,7,6,0,5,0,2,0.7302,0.712,0.8347,0.1736,81
3,0,7,7,0,5,0,1,0.7749,0.6922,0.5449,0.3073,150
3,0,7,8,0,5,0,2,0.6523,0.6757,0.8956,0.2223,215
3,0,7,9,0,5,0,1,0.7071,0.6777,0.5567,0.3397,131
3,0,7,10,0,5,0,1,0.526,0.5269,0.6145,0.573,86
3,0,7,11,0,5,0,2,0.5657,0.5196,0.6992,0.1904,131
3,0,7,12,0,5,0,2,0.7113,0.6171,0.6357,0.1777,123
3,0,7,13,0,5,0,3,0.722,0.6824,0.4378,0.2921,69
3,0,7,14,0,5,0,1,0.6492,0.5837,0.6713,0.1436,99
3,0,7,15,0,5,0,2,0.6338,0.6373,0.6506,0.2525,113
3,0,7,16,0,5,0,2,0.6514,0.5763,0.6097,0.1033,147
3,0,7,17,0,5,0,1,0.6897,0.656,0.6499,0.1979,219
3,0,7,18,0,5,0,2,0.5143,0.5066,0.6943,0.1412,148
3,0,7,19,0,5,0,1,0.7089,0.6862,0.5348,0.1102,140
3,0,7,20,0,5,0,3,0.6786,0.6296,0.7056,0.2628,67
3,0,7,21,0,5,0,2,0.6936,0.6055,0.5681,0.3574,63
3,0,7,22,0,5,0,1,0.6676,0.589,0.8255,0.6183,61
3,0,7,23,0,5,0,2,0.5795,0.5278,0.7661,0.4491,37
3,0,7,0,0,6,0,1,0.5976,0.5254,0.5224,0.4217,19
3,0,7,1,0,6,0,2,0.7811,0.7398,0.7896,0.3167,8
3,0,7,2,0,6,0,2,0.6295,0.5751,0.6909,0.2124,6
3,0,7,3,0,6,0,2,0.731,0.6556,0.7056,0.2431,5
3,0,7,4,0,6,0,1,0.5987,0.5261,0.6203,0.3551,9
3,0,7,5,0,6,0,1,0.6734,0.592,0.6009,0.2031,25
3,0,7,6,0,6,0,2,0.6436,0.6097,0.6096,0.3254,57
3,0,7,7,0,6,0,2,0.6543,0.5996,0.5277,0.3147,140
3,0,7,8,0,6,0,2,0.6506,0.6189,0.4175,0.3787,192
3,0,7,9,0,6,0,1,0.7755,0.7344,0.5655,0.3429,122
3,0,7,10,0,6,0,2,0.8094,0.7628,0.5649,0.1282,90
3,0,7,11,0,6,0,2,0.6911,0.6759,0.5112,0.2174,86
3,0,7,12,0,6,0,2,0.6455,0.5691,0.7119,0.3461,99
3,0,7,13,1,6,0,1,0.5814,0.5719,0.6713,0.1583,58
3,0,7,14,1,6,0,1,0.5766,0.5595,0.5709,0.2472,61
3,0,7,15,0,6,0,1,0.7759,0.7312,0.6046,0.3163,107
3,0,7,16,0,6,0,2,0.5716,0.5188,0.6688,0.0732,174
3,0,7,17,0,6,0,2,0.6436,0.6126,0.5548,0.1546,215
3,0,7,18,0,6,0,3,0.6853,0.6645,0.3355,0.5202,128
3,0,7,19,0,6,0,1,0.4923,0.4257,0.7856,0.2997,106
3,0,7,20,0,6,0,2,0.5869,0.5758,0.6283,0.0832,91
3,0,7,21,0,6,0,3,0.5807,0.6039,0.6745,0.4829,57
3,0,7,22,0,6,0,1,0.6278,0.5945,0.6627,0.2565,64
3,0,7,23,0,6,0,1,0.6925,0.697,0.4689,0.6043,29
3,0,8,0,0,0,1,1,0.7445,0.7215,0.5604,0.2207,27
3,0,8,1,0,0,1,2,0.6261,0.6027,0.6412,0.3036,11
3,0,8,2,0,0,1,1,0.6402,0.5872,0.6189,0.1992,9
3,0,8,3,0,0,1,1,0.6641,0.6207,0.5067,0.0557,10
3,0,8,4,0,0,1,2,0.6161,0.5559,0.6839,0.3841,13
3,0,8,5,0,0,1,2,0.7018,0.695,0.7111,0.5745,33
3,0,8,6,0,0,1,3,0.7039,0.6464,0.5971,0.2344,76
3,0,8,7,0,0,1,2,0.482,0.5108,0.7631,0.1606,209
3,0,8,8,0,0,1,3,0.7173,0.6946,0.7067,0.3366,193
3,0,8,9,0,0,1,2,0.6814,0.6592,0.6892,0.1548,167
3,0,8,10,0,0,1,2,0.6906,0.6164,0.5829,0.0828,136
3,0,8,11,0,0,1,1,0.7551,0.7373,0.6224,0.1759,150
3,0,8,12,0,0,1,3,0.5475,0.5135,0.7428,0.2065,124
3,0,8,13,0,0,1,3,0.5846,0.5385,0.4689,0.5277,107
3,0,8,14,0,0,1,2,0.6676,0.6145,0.4767,0.0567,134
3,0,8,15,0,0,1,1,0.51,0.4473,0.5939,0.1584,157
3,0,8,16,0,0,1,1,0.6577,0.6251,0.6404,0.4842,255
3,0,8,17,0,0,1,1,0.7317,0.6901,0.6311,0.1752,339
3,0,8,18,0,0,1,1,0.7003,0.6258,0.7054,0.4734,196
3,0,8,19,0,0,1,1,0.678,0.6596,0.6718,0.5619,189
3,0,8,20,0,0,1,1,0.6562,0.6873,0.6453,0.0755,156
3,0,8,21,0,0,1,1,0.6426,0.5677,0.6066,0.496,103
3,0,8,22,0,0,1,3,0.6385,0.6032,0.7408,0.3038,61
3,0,8,23,0,0,1,2,0.6885,0.7038,0.7868,0.1836,55
3,0,8,0,0,1,1,2,0.5619,0.5105,0.608,0.0896,25
3,0,8,1,0,1,1,1,0.7729,0.7475,0.6903,0.4082,17
3,0,8,2,0,1,1,1,0.6189,0.5997,0.6126,0.1594,8
3,0,8,3,0,1,1,1,0.7095,0.6938,0.4984,0.2903,9
3,0,8,4,0,1,1,3,0.6761,0.6973,0.4435,0.3437,10
3,0,8,5,0,1,1,1,0.5898,0.5066,0.7847,0.4929,38
3,0,8,6,0,1,1,2,0.761,0.7287,0.7395,0.3511,72
3,0,8,7,0,1,1,1,0.7462,0.6939,0.6918,0.5203,238
3,0,8,8,0,1,1,1,0.5606,0.5313,0.7633,0.4298,265
3,0,8,9,0,1,1,1,0.6654,0.6334,0.5475,0.3823,143
3,0,8,10,0,1,1,2,0.685,0.642,0.7504,0.1089,118
3,0,8,11,0,1,1,1,0.5255,0.4666,0.6854,0.1623,157
3,0,8,12,0,1,1,3,0.5221,0.4654,0.5919,0.1933,137
3,0,8,13,0,1,1,1,0.6122,0.6453,0.367,0.3299,181
3,0,8,14,0,1,1,1,0.5786,0.5082,0.472,0.462,124
3,0,8,15,0,1,1,1,0.5975,0.6044,0.8499,0.0792,197
3,0,8,16,0,1,1,4,0.5786,0.5186,0.8458,0.1692,130
3,0,8,17,0,1,1,2,0.6619,0.6317,0.4734,0.0586,261
3,0,8,18,0,1,1,2,0.6081,0.6367,0.4039,0.3075,162
3,0,8,19,0,1,1,2,0.7485,0.7349,0.7999,0.4732,150
3,0,8,20,0,1,1,3,0.6831,0.6058,0.6338,0.4859,106
3,0,8,21,0,1,1,1,0.7261,0.6797,0.5571,0.3399,118
3,0,8,22,0,1,1,2,0.5523,0.5239,0.4955,0.2541,66
3,0,8,23,0,1,1,2,0.6265,0.6261,0.4945,0.4526,45
3,0,8,0,0,2,1,1,0.678,0.6455,0.8009,0.1278,35
3,0,8,1,0,2,1,1,0.7002,0.6604,0.6742,0.3191,15
3,0,8,2,0,2,1,2,0.6231,0.6436,0.4292,0.091,8
3,0,8,3,0,2,1,1,0.6334,0.6491,0.5601,0.5264,9
3,0,8,4,0,2,1,1,0.641,0.63,0.8342,0.0796,16
3,0,8,5,0,2,1,1,0.6476,0.5964,0.6805,0.6793,42
3,0,8,6,0,2,1,1,0.8199,0.6994,0.4767,0.1993,100
3,0,8,7,0,2,1,2,0.6904,0.6175,0.5663,0.1839,234
3,0,8,8,0,2,1,2,0.6712,0.5914,0.6312,0.6363,219
3,0,8,9,0,2,1,2,0.5803,0.5495,0.7582,0.2008,167
3,0,8,10,0,2,1,2,0.582,0.581,0.6325,0.3258,125
3,0,8,11,0,2,1,1,0.6535,0.6801,0.8096,0.1039,184
3,0,8,12,0,2,1,2,0.7476,0.7484,0.6758,0.148,177
3,0,8,13,0,2,1,3,0.6545,0.6005,0.3693,0.2412,99
3,0,8,14,1,2,0,1,0.6575,0.6323,0.7085,0.3843,65
3,0,8,15,0,2,1,2,0.6164,0.5976,0.6224,0.1111,155
3,0,8,16,0,2,1,2,0.5465,0.4724,0.5836,0.6615,149
3,0,8,17,0,2,1,2,0.699,0.6379,0.6916,0.5198,222
3,0,8,18,0,2,1,1,0.6506,0.6052,0.6145,0.2548,255
3,0,8,19,0,2,1,1,0.6997,0.7286,0.6685,0.3589,210
3,0,8,20,0,2,1,2,0.6793,0.6569,0.5815,0.0604,104
3,0,8,21,0,2,1,2,0.601,0.5315,0.5768,0.3245,102
3,0,8,22,0,2,1,2,0.6842,0.6373,0.7772,0.4956,74
3,0,8,23,0,2,1,2,0.5781,0.5626,0.658,0.318,45
3,0,8,0,0,3,1,1,0.6816,0.6399,0.6942,0.1706,33
3,0,8,1,0,3,1,2,0.6619,0.6181,0.5757,0.2422,13
3,0,8,2,0,3,1,2,0.7742,0.7574,0.7728,0.5714,8
3,0,8,3,0,3,1,3,0.6056,0.6174,0.6698,0.2572,6
3,0,8,4,0,3,1,2,0.5734,0.5813,0.6045,0.2424,13
3,0,8,5,0,3,1,1,0.6374,0.5965,0.7971,0.5469,45
3,0,8,6,0,3,1,2,0.709,0.6686,0.6045,0.1553,85
3,0,8,7,0,3,1,2,0.4705,0.4377,0.6667,0.1385,193
3,0,8,8,0,3,1,1,0.7276,0.7229,0.5008,0.2798,260
3,0,8,9,0,3,1,2,0.6517,0.6075,0.57,0.238,136
3,0,8,10,0,3,1,1,0.5864,0.4994,0.7383,0.4237,121
3,0,8,11,0,3,1,1,0.6406,0.623,0.639,0.2181,166
3,0,8,12,0,3,1,2,0.6145,0.5996,0.6561,0.1185,181
3,0,8,13,0,3,1,1,0.5806,0.5394,0.6343,0.3454,168
3,0,8,14,0,3,1,2,0.5306,0.5597,0.6392,0.4848,119
3,0,8,15,0,3,1,2,0.7175,0.6653,0.5802,0.8187,116
3,0,8,16,0,3,1,2,0.6272,0.6383,0.5886,0.4274,155
3,0,8,17,0,3,1,2,0.6389,0.5668,0.6098,0.3551,206
3,0,8,18,0,3,1,2,0.7255,0.6975,0.6103,0.5427,231
3,0,8,19,0,3,1,1,0.6702,0.6125,0.7005,0.4503,141
3,0,8,20,0,3,1,3,0.5572,0.5271,0.6965,0.5619,109
3,0,8,21,0,3,1,1,0.7134,0.7006,0.8032,0.2012,103
3,0,8,22,0,3,1,2,0.7702,0.7146,0.7282,0.2824,79
3,0,8,23,0,3,1,2,0.7015,0.6455,0.5387,0.2705,59
3,0,8,0,0,4,1,1,0.6036,0.5667,0.5654,0.2024,31
3,0,8,1,0,4,1,2,0.561,0.6458,0.7575,0.2326,13
3,0,8,2,0,4,1,1,0.601,0.5771,0.725,0.1067,8
3,0,8,3,0,4,1,1,0.6714,0.6421,0.7705,0.4461,9
3,0,8,4,0,4,1,1,0.764,0.7388,0.6453,0.1407,17
3,0,8,5,0,4,1,1,0.611,0.529,0.6146,0.291,55
3,0,8,6,0,4,1,3,0.6187,0.6154,0.6869,0.2813,72
3,0,8,7,0,4,1,2,0.7356,0.7202,0.4809,0.1951,276
3,0,8,8,0,4,1,1,0.6338,0.5486,0.6221,0.1744,264
3,0,8,9,0,4,1,2,0.7841,0.817,0.8809,0.1562,165
3,0,8,10,0,4,1,2,0.6538,0.6212,0.6062,0.292,109
3,0,8,11,0,4,1,2,0.7459,0.6751,0.6439,0.3451,135
3,0,8,12,0,4,1,2,0.6909,0.6658,0.6214,0.2353,142
3,0,8,13,0,4,1,1,0.7136,0.6507,0.8261,0.139,187
3,0,8,14,0,4,1,1,0.6517,0.5708,0.5036,0.1055,161
3,0,8,15,0,4,1,2,0.6563,0.6153,0.7268,0.3,145
3,0,8,16,0,4,1,2,0.6935,0.652,0.5978,0.0874,216
3,0,8,17,0,4,1,2,0.72,0.6368,0.5678,0.1529,222
3,0,8,18,0,4,1,1,0.701,0.6425,0.4447,0.2203,224
3,0,8,19,1,4,0,2,0.5404,0.4824,0.8515,0.0645,79
3,0,8,20,0,4,1,1,0.6822,0.6373,0.7326,0.3732,152
3,0,8,21,0,4,1,2,0.6182,0.6067,0.4866,0.128,122
3,0,8,22,0,4,1,1,0.6259,0.5989,0.4947,0.5199,90
3,0,8,23,0,4,1,2,0.6962,0.6604,0.5683,0.0742,41
3,0,8,0,0,5,0,3,0.7807,0.6869,0.7065,0.1934,14
3,0,8,1,0,5,0,1,0.6456,0.6125,0.6311,0.1928,12
3,0,8,2,0,5,0,2,0.8,0.7274,0.537,0.0722,5
3,0,8,3,0,5,0,2,0.5851,0.5043,0.6368,0.3994,5
3,0,8,4,0,5,0,1,0.7481,0.737,0.7987,0.1994,10
3,0,8,5,0,5,0,1,0.692,0.6175,0.7179,0.1187,37
3,0,8,6,0,5,0,2,0.6765,0.6455,0.4298,0.5468,58
3,0,8,7,0,5,0,1,0.7587,0.7062,0.5203,0.2036,175
3,0,8,8,0,5,0,1,0.6173,0.5579,0.6308,0.4551,205
3,0,8,9,0,5,0,3,0.7513,0.7503,0.6626,0.1733,94
3,0,8,10,0,5,0,2,0.6473,0.5969,0.8036,0.417,69
3,0,8,11,0,5,0,2,0.6169,0.5701,0.6453,0.3497,108
3,0,8,12,0,5,0,2,0.569,0.5185,0.7112,0.4076,118
3,0,8,13,0,5,0,2,0.7729,0.7395,0.3841,0.4057,101
3,0,8,14,0,5,0,2,0.7418,0.6999,0.5988,0.4981,82
3,0,8,15,0,5,0,1,0.6284,0.5759,0.7304,0.641,107
3,0,8,16,0,5,0,1,0.7001,0.6374,0.8732,0.1446,172
3,0,8,17,1,5,0,2,0.6707,0.636,0.4858,0.484,92
3,0,8,18,0,5,0,3,0.6372,0.5858,0.6259,0.197,147
3,0,8,19,0,5,0,1,0.7294,0.7447,0.4351,0.3184,96
3,0,8,20,0,5,0,3,0.6181,0.5714,0.6221,0.1866,78
3,0,8,21,0,5,0,2,0.5085,0.4931,0.7715,0.4727,64
3,0,8,22,1,5,0,2,0.6801,0.6433,0.7573,0.5793,38
3,0,8,23,0,5,0,1,0.6666,0.6246,0.6407,0.445,41
3,0,8,0,0,6,0,1,0.618,0.6141,0.6163,0.3783,22
3,0,8,1,0,6,0,2,0.5971,0.5847,0.9594,0.5562,7
3,0,8,2,1,6,0,1,0.5504,0.5397,0.6211,0.4463,3
3,0,8,3,0,6,0,1,0.6342,0.619,0.5812,0.3241,6
3,0,8,4,0,6,0,1,0.5983,0.52,0.5796,0.0292,12
3,0,8,5,0,6,0,3,0.7271,0.7039,0.471,0.13,22
3,0,8,6,0,6,0,1,0.6957,0.6535,0.6998,0.489,81
3,0,8,7,0,6,0,2,0.6257,0.579,0.725,0.366,142
3,0,8,8,0,6,0,1,0.6962,0.7652,0.7208,0.2093,272
3,0,8,9,0,6,0,1,0.652,0.5752,0.7401,0.2672,119
3,0,8,10,0,6,0,1,0.6407,0.606,0.5756,0.4525,105
3,0,8,11,0,6,0,2,0.6557,0.6178,0.6274,0.183,106
3,0,8,12,0,6,0,2,0.7836,0.7419,0.7853,0.1699,123
3,0,8,13,0,6,0,1,0.7047,0.639,0.5907,0.2895,108
3,0,8,14,0,6,0,2,0.6387,0.6135,0.5797,0.2902,83
3,0,8,15,0,6,0,1,0.7221,0.6523,0.7665,0.5034,99
3,0,8,16,0,6,0,2,0.7196,0.6921,0.5516,0.0697,140
3,0,8,17,0,6,0,1,0.6778,0.6486,0.5098,0.1645,173
3,0,8,18,0,6,0,3,0.6366,0.5974,0.5211,0.3812,135
3,0,8,19,0,6,0,3,0.6319,0.5982,0.9714,0.0713,95
3,0,8,20,0,6,0,2,0.5843,0.6026,0.7679,0.1099,102
3,0,8,21,1,6,0,1,0.6722,0.6559,0.7217,0.0379,58
3,0,8,22,0,6,0,2,0.6169,0.5912,0.5345,0.3163,59
3,0,8,23,0,6,0,2,0.629,0.6103,0.707,0.0921,34
3,0,8,0,0,0,1,2,0.7009,0.667,0.8512,0.5925,28
3,0,8,1,0,0,1,1,0.7753,0.7531,0.6912,0.3211,16
3,0,8,2,0,0,1,2,0.6834,0.631,0.5152,0.1877,7
3,0,8,3,0,0,1,1,0.6498,0.6837,0.712,0.486,8
3,0,8,4,0,0,1,2,0.6559,0.6287,0.6287,0.1773,13
3,0,8,5,0,0,1,1,0.7369,0.7848,0.6644,0.5418,44
3,0,8,6,0,0,1,2,0.6843,0.7166,0.532,0.2582,112
3,0,8,7,0,0,1,1,0.6708,0.6221,0.5565,0.1965,220
3,0,8,8,0,0,1,1,0.6757,0.6491,0.5912,0.0902,309
3,0,8,9,0,0,1,1,0.5572,0.5403,0.5546,0.2256,173
3,0,8,10,0,0,1,3,0.6845,0.6783,0.6409,0.5263,87
3,0,8,11,0,0,1,2,0.5959,0.5701,0.5659,0.3363,168
3,0,8,12,0,0,1,2,0.6848,0.6868,0.8444,0.5213,160
3,0,8,13,0,0,1,2,0.6057,0.5227,0.707,0.2353,155
3,0,8,14,0,0,1,2,0.6986,0.6453,0.739,0.1983,127
3,0,8,15,0,0,1,1,0.6465,0.6084,0.6313,0.2221,174
3,0,8,16,0,0,1,2,0.577,0.5282,0.4074,0.2597,214
3,0,8,17,0,0,1,1,0.6368,0.553,0.7487,0.4334,297
3,0,8,18,0,0,1,2,0.8116,0.7975,0.6348,0.6132,209
3,0,8,19,1,0,0,1,0.4981,0.44,0.698,0.3839,76
3,0,8,20,0,0,1,3,0.6688,0.6152,0.6394,0.2675,107
3,0,8,21,0,0,1,2,0.5865,0.5798,0.3808,0.3493,107
3,0,8,22,0,0,1,1,0.7536,0.7526,0.5963,0.1084,87
3,0,8,23,0,0,1,2,0.7143,0.6617,0.5488,0.4885,50
3,0,8,0,0,1,1,1,0.6678,0.6033,0.6736,0.3965,28
3,0,8,1,0,1,1,1,0.719,0.6586,0.7037,0.394,14
3,0,8,2,0,1,1,3,0.6719,0.6717,0.9073,0.3223,6
3,0,8,3,0,1,1,2,0.6552,0.6576,0.7047,0.2765,9
3,0,8,4,0,1,1,2,0.6128,0.5923,0.5814,0.1511,13
3,0,8,5,0,1,1,2,0.6295,0.6054,0.5979,0.2142,43
3,0,8,6,0,1,1,1,0.6223,0.5516,0.7106,0.3133,114
3,0,8,7,0,1,1,1,0.6555,0.6367,0.7501,0.4778,269
3,0,8,8,0,1,1,2,0.5223,0.5198,0.4992,0.5937,220
3,0,8,9,0,1,1,2,0.7268,0.6955,0.619,0.1059,154
3,0,8,10,0,1,1,1,0.791,0.7575,0.6301,0.0572,154
3,0,8,11,0,1,1,1,0.6245,0.5623,0.4548,0.3286,178
3,0,8,12,0,1,1,1,0.737,0.7352,0.7351,0.1439,221
3,0,8,13,0,1,1,1,0.6454,0.5723,0.6757,0.4103,161
3,0,8,14,0,1,1,1,0.6126,0.5815,0.6251,0.6718,155
3,0,8,15,0,1,1,1,0.628,0.6104,0.6779,0.4035,177
3,0,8,16,0,1,1,2,0.6608,0.6619,0.7271,0.2466,212
3,0,8,17,0,1,1,1,0.6043,0.6057,0.8808,0.0617,253
3,0,8,18,0,1,1,1,0.6972,0.6965,0.7273,0.4183,230
3,0,8,19,0,1,1,2,0.6184,0.5784,0.5113,0.2457,134
3,0,8,20,0,1,1,2,0.5796,0.6204,0.9871,0.1166,119
3,0,8,21,0,1,1,1,0.6534,0.6533,0.514,0.3928,131
3,0,8,22,0,1,1,1,0.6062,0.5653,0.6955,0.8466,70
3,0,8,23,0,1,1,2,0.6318,0.5916,0.6239,0.276,53
3,0,8,0,0,2,1,1,0.6485,0.6388,0.6352,0.1288,29
3,0,8,1,0,2,1,1,0.5585,0.5165,0.6949,0.3847,15
3,0,8,2,0,2,1,1,0.7544,0.6783,0.704,0.2636,8
3,0,8,3,0,2,1,1,0.7091,0.6762,0.815,0.5237,9
3,0,8,4,0,2,1,2,0.6082,0.5096,0.5704,0.2534,11
3,0,8,5,0,2,1,2,0.6509,0.6291,0.6974,0.0972,37
3,0,8,6,0,2,1,1,0.6968,0.6811,0.7223,0.0662,93
3,0,8,7,0,2,1,1,0.6669,0.6255,0.9318,0.1866,210
3,0,8,8,0,2,1,3,0.7838,0.7792,0.7093,0.1138,217
3,0,8,9,0,2,1,2,0.6355,0.6293,0.5114,0.5233,136
3,0,8,10,0,2,1,4,0.7355,0.6681,0.8143,0.124,67
3,0,8,11,0,2,1,2,0.5588,0.5322,0.5962,0.6902,119
3,0,8,12,0,2,1,1,0.5696,0.5255,0.5461,0.0746,155
3,0,8,13,0,2,1,1,0.7702,0.722,0.8086,0.5258,144
3,0,8,14,0,2,1,1,0.622,0.6253,0.6653,0.0482,141
3,0,8,15,0,2,1,2,0.5705,0.5608,0.6255,0.4007,126
3,0,8,16,0,2,1,1,0.6489,0.5949,0.8517,0.2242,206
3,0,8,17,0,2,1,2,0.7407,0.7104,0.5879,0.0861,230
3,0,8,18,0,2,1,2,0.5988,0.5462,0.587,0.4206,228
3,0,8,19,0,2,1,2,0.6493,0.6023,0.709,0.1773,141
3,0,8,20,0,2,1,2,0.5224,0.5425,0.3785,0.4185,108
3,0,8,21,0,2,1,1,0.6194,0.6649,0.6687,0.3595,106
3,0,8,22,0,2,1,1,0.7221,0.7393,0.6589,0.2054,103
3,0,8,23,0,2,1,2,0.5974,0.5758,0.5469,0.2571,61
3,0,8,0,0,3,1,2,0.5607,0.5381,0.648,0.2308,28
3,0,8,1,0,3,1,2,0.5954,0.5962,0.6812,0.1812,12
3,0,8,2,0,3,1,2,0.607,0.5797,0.6449,0.2189,8
3,0,8,3,0,3,1,2,0.7032,0.6253,0.748,0.0858,8
3,0,8,4,0,3,1,1,0.6763,0.697,0.6825,0.3575,14
3,0,8,5,0,3,1,1,0.6898,0.6197,0.6298,0.4516,48
3,0,8,6,0,3,1,3,0.6517,0.6553,0.7342,0.3161,58
3,0,8,7,0,3,1,2,0.6063,0.5988,0.6823,0.268,221
3,0,8,8,0,3,1,2,0.5953,0.6214,1.0,0.3209,270
3,0,8,9,0,3,1,1,0.68,0.6718,0.7729,0.0858,169
3,0,8,10,0,3,1,2,0.7609,0.7052,0.5865,0.1443,109
3,0,8,11,0,3,1,1,0.5838,0.5872,0.4438,0.4004,147
3,0,8,12,0,3,1,1,0.5784,0.5386,0.5687,0.4594,207
3,0,8,13,0,3,1,1,0.5702,0.5124,0.405,0.3725,165
3,0,8,14,0,3,1,2,0.7079,0.6176,0.7299,0.3535,100
3,0,8,15,0,3,1,1,0.6467,0.6107,0.6152,0.3012,175
3,0,8,16,0,3,1,1,0.6886,0.6035,0.5578,0.1516,216
3,0,8,17,0,3,1,1,0.6141,0.6265,0.7218,0.0898,256
3,0,8,18,0,3,1,1,0.693,0.6112,0.6058,0.3435,276
3,0,8,19,0,3,1,2,0.6296,0.5867,0.6974,0.2408,173
3,0,8,20,0,3,1,2,0.5416,0.5044,0.6181,0.1484,129
3,0,8,21,0,3,1,2,0.7143,0.6837,0.6593,0.4233,119
3,0,8,22,0,3,1,1,0.6472,0.5888,0.8049,0.2804,87
3,0,8,23,0,3,1,2,0.628,0.6306,0.7599,0.5442,41
3,0,8,0,1,4,0,1,0.6668,0.6383,0.8227,0.5134,13
3,0,8,1,0,4,1,2,0.546,0.5182,0.6921,0.122,15
3,0,8,2,0,4,1,3,0.6772,0.6239,0.4336,0.498,7
3,0,8,3,0,4,1,1,0.6054,0.5916,0.5686,0.1213,10
3,0,8,4,0,4,1,3,0.6361,0.6463,0.4569,0.1317,10
3,0,8,5,0,4,1,1,0.7268,0.7713,0.761,0.2577,38
3,0,8,6,0,4,1,2,0.692,0.6292,0.6526,0.3328,88
3,0,8,7,0,4,1,2,0.6347,0.5989,0.8019,0.2168,181
3,0,8,8,0,4,1,2,0.64,0.5508,0.7753,0.4286,230
3,0,8,9,0,4,1,2,0.4678,0.4648,0.6357,0.3264,145
3,0,8,10,0,4,1,1,0.5895,0.5191,0.8603,0.2433,151
3,0,8,11,0,4,1,2,0.6588,0.6341,0.7659,0.0694,162
3,0,8,12,0,4,1,2,0.5936,0.601,0.6605,0.2508,133
3,0,8,13,0,4,1,2,0.5542,0.5142,0.7029,0.0863,161
3,0,8,14,0,4,1,1,0.6807,0.6187,0.8204,0.4232,128
3,0,8,15,0,4,1,1,0.7385,0.7411,0.7045,0.2947,153
3,0,8,16,0,4,1,3,0.5966,0.5881,0.5708,0.1956,161
3,0,8,17,0,4,1,1,0.7083,0.639,0.5096,0.0928,281
3,0,8,18,0,4,1,1,0.6978,0.6671,0.619,0.072,242
3,0,8,19,0,4,1,1,0.5787,0.5242,0.5691,0.2533,202
3,0,8,20,0,4,1,2,0.5961,0.5981,0.6753,0.2338,136
3,0,8,21,0,4,1,2,0.7733,0.7383,0.5889,0.0985,117
3,0,8,22,0,4,1,3,0.5689,0.5863,0.6047,0.3634,60
3,0,8,23,0,4,1,2,0.6044,0.5463,0.7963,0.1641,65
3,0,8,0,0,5,0,1,0.782,0.7497,0.8502,0.2754,22
3,0,8,1,0,5,0,1,0.6046,0.574,0.5581,0.1738,10
3,0,8,2,0,5,0,1,0.7391,0.7098,0.6083,0.0938,7
3,0,8,3,0,5,0,2,0.5729,0.5272,0.6239,0.6372,4
3,0,8,4,0,5,0,3,0.6541,0.5538,0.6891,0.101,7
3,0,8,5,0,5,0,1,0.7204,0.7048,0.6927,0.1713,33
3,0,8,6,0,5,0,1,0.6117,0.5827,0.5905,0.1717,56
3,0,8,7,0,5,0,2,0.6514,0.5939,0.7126,0.1746,138
3,0,8,8,0,5,0,2,0.6965,0.6466,0.596,0.1047,194
3,0,8,9,0,5,0,2,0.5813,0.5171,0.6066,0.0412,128
3,0,8,10,0,5,0,1,0.8012,0.7054,0.5423,0.402,91
3,0,8,11,0,5,0,1,0.717,0.7123,0.7757,0.1,138
3,0,8,12,0,5,0,2,0.6194,0.6056,0.7605,0.3438,96
3,0,8,13,0,5,0,1,0.628,0.556,0.693,0.2622,118
3,0,8,14,0,5,0,2,0.7782,0.8151,0.731,0.217,91
3,0,8,15,0,5,0,1,0.6196,0.5548,0.7845,0.3003,134
3,0,8,16,0,5,0,2,0.6113,0.6022,0.7417,0.1785,127
3,0,8,17,0,5,0,3,0.7246,0.6885,0.7388,0.1812,160
3,0,8,18,0,5,0,2,0.5464,0.4812,0.6,0.5003,171
3,0,8,19,0,5,0,1,0.6389,0.6175,0.471,0.2825,124
3,0,8,20,0,5,0,3,0.6503,0.6122,0.5566,0.447,77
3,0,8,21,0,5,0,1,0.5951,0.5463,0.9148,0.1492,79
3,0,8,22,0,5,0,2,0.5348,0.5476,0.623,0.4164,51
3,0,8,23,0,5,0,1,0.6492,0.6355,0.8435,0.4834,47
3,0,8,0,0,6,0,3,0.6898,0.6769,0.7171,0.0957,13
3,0,8,1,0,6,0,1,0.5941,0.558,0.6485,0.116,11
3,0,8,2,0,6,0,1,0.5591,0.5417,0.5438,0.5249,5
3,0,8,3,0,6,0,3,0.7296,0.6923,0.5677,0.2863,6
3,0,8,4,0,6,0,2,0.6786,0.6597,0.6363,0.1384,9
3,0,8,5,0,6,0,1,0.6163,0.5564,0.6359,0.468,30
3,0,8,6,0,6,0,1,0.7061,0.5996,0.7177,0.076,85
3,0,8,7,0,6,0,1,0.6586,0.6663,0.5707,0.3219,157
3,0,8,8,0,6,0,1,0.7669,0.7281,0.5751,0.1803,202
3,0,8,9,0,6,0,2,0.6882,0.6709,0.7568,0.252,114
3,0,8,10,0,6,0,2,0.5444,0.4966,0.8799,0.2244,90
3,0,8,11,0,6,0,3,0.5956,0.5591,0.6624,0.7402,67
3,0,8,12,0,6,0,2,0.5989,0.6146,0.7053,0.2415,114
3,0,8,13,0,6,0,3,0.6633,0.6411,0.6345,0.1945,84
3,0,8,14,0,6,0,2,0.6204,0.6555,0.6444,0.5179,83
3,0,8,15,0,6,0,1,0.5628,0.5614,0.6267,0.1588,115
3,0,8,16,0,6,0,2,0.6829,0.6287,0.6101,0.2395,121
3,0,8,17,0,6,0,1,0.7117,0.6893,0.7187,0.3169,166
3,0,8,18,0,6,0,1,0.6345,0.6532,0.7261,0.5864,151
3,0,8,19,0,6,0,2,0.6563,0.6301,0.6228,0.2173,125
3,0,8,20,0,6,0,2,0.5739,0.5646,0.5832,0.1249,92
3,0,8,21,0,6,0,1,0.6051,0.6172,0.5948,0.187,84
3,0,8,22,0,6,0,1,0.608,0.5072,0.7303,0.3514,61
3,0,8,23,0,6,0,1,0.6808,0.6678,0.5558,0.343,43
3,0,8,0,0,0,1,2,0.6568,0.6644,0.5308,0.2399,28
3,0,8,1,0,0,1,1,0.6158,0.562,0.6866,0.1442,13
3,0,8,2,0,0,1,3,0.613,0.6137,0.6447,0.1533,5
3,0,8,3,0,0,1,2,0.5011,0.4759,0.6361,0.0518,8
3,0,8,4,0,0,1,1,0.7513,0.663,0.7528,0.277,13
3,0,8,5,0,0,1,2,0.4929,0.492,0.6466,0.1158,33
3,0,8,6,0,0,1,3,0.6684,0.6347,0.5742,0.4151,70
3,0,8,7,0,0,1,2,0.6415,0.6072,0.6732,0.518,165
3,0,8,8,0,0,1,2,0.6203,0.6086,0.5745,0.4216,300
3,0,8,9,0,0,1,1,0.6383,0.5779,0.759,0.4716,163
3,0,8,10,0,0,1,2,0.5925,0.586,0.6555,0.0776,112
3,0,8,11,0,0,1,2,0.6846,0.623,0.5293,0.3674,171
3,0,8,12,0,0,1,3,0.5469,0.565,0.6714,0.2094,153
3,0,8,13,0,0,1,1,0.6618,0.6629,0.5574,0.0572,173
3,0,8,14,0,0,1,2,0.5914,0.608,0.7761,0.3932,102
3,0,8,15,0,0,1,1,0.609,0.5925,0.6409,0.2201,161
3,0,8,16,0,0,1,1,0.6109,0.5676,0.7283,0.468,246
3,0,8,17,0,0,1,1,0.6273,0.5743,0.5786,0.0736,284
3,0,8,18,0,0,1,1,0.674,0.6169,0.6295,0.4529,257
3,0,8,19,0,0,1,2,0.6364,0.5994,0.7025,0.6637,159
3,0,8,20,0,0,1,1,0.7042,0.6484,0.6339,0.052,174
3,0,8,21,0,0,1,2,0.712,0.6862,0.5457,0.1065,100
3,0,8,22,0,0,1,2,0.6605,0.6033,0.7389,0.5248,86
3,0,8,23,0,0,1,1,0.6867,0.6337,0.6867,0.1485,57
3,0,8,0,0,1,1,2,0.7778,0.7275,0.5244,0.3917,29
3,0,8,1,0,1,1,1,0.5371,0.487,0.6099,0.5585,14
3,0,8,2,0,1,1,1,0.7114,0.6655,0.555,0.1416,9
3,0,8,3,0,1,1,3,0.7442,0.7245,0.5951,0.2295,7
3,0,8,4,0,1,1,1,0.6664,0.6065,0.5992,0.4519,15
3,0,8,5,0,1,1,1,0.7693,0.6947,0.6249,0.3138,50
3,0,8,6,0,1,1,2,0.7602,0.7168,0.4831,0.4553,108
3,0,8,7,0,1,1,1,0.6124,0.5476,0.6035,0.5336,191
3,0,8,8,0,1,1,1,0.6178,0.627,0.769,0.3799,288
3,0,8,9,0,1,1,2,0.6732,0.6186,0.8603,0.0662,161
3,0,8,10,0,1,1,2,0.5923,0.5642,0.5165,0.0723,137
3,0,8,11,0,1,1,2,0.8258,0.7981,0.7828,0.633,122
3,0,8,12,0,1,1,3,0.6912,0.6188,0.9217,0.4963,129
3,0,8,13,0,1,1,1,0.6393,0.582,0.6299,0.3083,197
3,0,8,14,0,1,1,1,0.5373,0.4915,0.7147,0.3547,127
3,0,8,15,0,1,1,1,0.6537,0.6445,0.7752,0.1414,148
3,0,8,16,0,1,1,1,0.553,0.5803,0.6011,0.1595,284
3,0,8,17,0,1,1,3,0.6892,0.7104,0.7675,0.1699,153
3,0,8,18,0,1,1,2,0.4609,0.476,0.6305,0.2192,202
3,0,8,19,0,1,1,1,0.7329,0.659,0.7683,0.0866,223
3,0,8,20,0,1,1,1,0.6063,0.5497,0.8354,0.147,160
3,0,8,21,0,1,1,1,0.5176,0.5333,0.8044,0.1162,119
3,0,8,22,0,1,1,2,0.6349,0.6489,0.6158,0.6304,59
3,0,8,23,1,1,0,1,0.6372,0.6292,0.7252,0.711,23
3,0,8,0,0,2,1,3,0.6286,0.6214,0.5978,0.2153,19
3,0,8,1,0,2,1,1,0.7297,0.6803,0.5173,0.3137,15
3,0,8,2,0,2,1,1,0.6598,0.6783,0.6275,0.331,8
3,0,8,3,0,2,1,3,0.6888,0.6325,0.7522,0.0702,6
3,0,8,4,0,2,1,3,0.6157,0.5366,0.6214,0.408,10
3,0,8,5,0,2,1,1,0.663,0.6539,0.8287,0.0981,54
3,0,8,6,0,2,1,2,0.5415,0.497,0.6634,0.1904,116
3,0,8,7,0,2,1,3,0.6512,0.5797,0.5256,0.1198,163
3,0,8,8,0,2,1,2,0.58,0.5774,0.6212,0.3774,290
3,0,8,9,0,2,1,2,0.7255,0.6344,0.5773,0.0443,138
3,0,8,10,0,2,1,2,0.6384,0.6201,0.8121,0.1859,131
3,0,8,11,0,2,1,3,0.6795,0.6321,0.7147,0.3231,119
3,0,8,12,0,2,1,2,0.6515,0.667,0.6466,0.3429,131
3,0,8,13,0,2,1,1,0.7596,0.7353,0.7434,0.466,144
3,0,8,14,0,2,1,2,0.5239,0.5299,0.5613,0.3696,105
3,0,8,15,0,2,1,2,0.6252,0.5614,0.5178,0.1922,147
3,0,8,16,0,2,1,2,0.5659,0.4868,0.5033,0.3321,192
3,0,8,17,0,2,1,1,0.4896,0.4543,0.4347,0.531,249
3,0,8,18,0,2,1,2,0.5614,0.5517,0.5267,0.3375,182
3,0,8,19,0,2,1,1,0.7152,0.6815,0.7218,0.3893,146
3,0,8,20,0,2,1,3,0.631,0.634,0.7417,0.039,103
3,0,8,21,0,2,1,1,0.6177,0.6032,0.5499,0.5386,110
3,0,8,22,0,2,1,2,0.6873,0.6214,0.413,0.2345,92
3,0,8,23,0,2,1,2,0.6412,0.6231,0.6055,0.0608,54
3,0,8,0,0,3,1,1,0.6731,0.6446,0.7146,0.1689,28
3,0,8,1,0,3,1,1,0.6528,0.6583,0.7547,0.3977,17
3,0,8,2,1,3,0,1,0.6682,0.607,0.6839,0.393,4
3,0,8,3,0,3,1,2,0.5987,0.5489,0.5339,0.227,8
3,0,8,4,0,3,1,2,0.7035,0.6802,0.742,0.1028,10
3,0,8,5,0,3,1,1,0.5453,0.5605,0.702,0.1422,41
3,0,8,6,0,3,1,2,0.6241,0.587,0.7434,0.2258,90
3,0,8,7,0,3,1,3,0.707,0.6895,0.5478,0.297,159
3,0,8,8,0,3,1,1,0.6194,0.5895,0.7163,0.2242,320
3,0,8,9,0,3,1,3,0.6,0.5687,0.7589,0.3562,127
3,0,8,10,0,3,1,1,0.7904,0.7854,0.4926,0.3369,96
3,0,8,11,0,3,1,1,0.7295,0.6963,0.5808,0.3334,159
3,0,8,12,0,3,1,2,0.6401,0.5948,0.4721,0.2084,174
3,0,8,13,0,3,1,1,0.5622,0.5191,0.5572,0.0936,199
3,0,8,14,0,3,1,3,0.4877,0.4541,0.6422,0.4782,72
3,0,8,15,0,3,1,2,0.6798,0.625,0.481,0.1987,127
3,0,8,16,0,3,1,2,0.7188,0.6757,0.7881,0.0847,207
3,0,8,17,0,3,1,2,0.6579,0.6267,0.7899,0.0969,219
3,0,8,18,0,3,1,2,0.5104,0.4935,0.639,0.2035,230
3,0,8,19,0,3,1,2,0.6414,0.5798,0.5758,0.5661,157
3,0,8,20,0,3,1,2,0.5961,0.5537,0.6494,0.164,140
3,0,8,21,0,3,1,2,0.6415,0.5983,0.8298,0.3369,129
3,0,8,22,0,3,1,2,0.7662,0.705,0.7296,0.1486,76
3,0,8,23,0,3,1,1,0.6854,0.6338,0.4387,0.0633,59
3,0,8,0,0,4,1,1,0.6675,0.6611,0.3848,0.4418,32
3,0,8,1,0,4,1,1,0.624,0.6337,0.5466,0.4544,18
3,0,8,2,0,4,1,1,0.6562,0.614,0.6501,0.6202,9
3,0,8,3,0,4,1,1,0.5765,0.5264,0.451,0.2628,10
3,0,8,4,0,4,1,1,0.666,0.6303,0.6306,0.5492,14
3,0,8,5,0,4,1,1,0.6136,0.5855,0.4541,0.0976,49
3,0,8,6,0,4,1,2,0.5696,0.5619,0.6562,0.151,88
3,0,8,7,0,4,1,2,0.6842,0.6381,0.6814,0.3032,168
3,0,8,8,1,4,0,1,0.4709,0.4311,0.8598,0.2642,123
3,0,8,9,1,4,0,3,0.589,0.6331,0.6394,0.2616,54
3,0,8,10,0,4,1,3,0.6701,0.5978,0.6127,0.3444,90
3,0,8,11,0,4,1,3,0.7129,0.7043,0.8153,0.2115,133
3,0,8,12,0,4,1,1,0.6602,0.6719,0.7337,0.1697,215
3,0,8,13,0,4,1,1,0.5801,0.5435,0.6604,0.4324,167
3,0,8,14,0,4,1,1,0.6236,0.6056,0.6188,0.245,125
3,0,8,15,0,4,1,2,0.6475,0.5649,0.8594,0.3749,137
3,0,8,16,0,4,1,2,0.7364,0.7003,0.5674,0.173,184
3,0,8,17,0,4,1,2,0.6916,0.6918,0.478,0.1698,238
3,0,8,18,0,4,1,2,0.6921,0.6611,0.6323,0.0546,220
3,0,8,19,0,4,1,3,0.6317,0.6013,0.6173,0.3557,138
3,0,8,20,0,4,1,2,0.5522,0.5766,0.7999,0.3815,124
3,0,8,21,0,4,1,3,0.5287,0.5269,0.674,0.1329,76
3,0,8,22,0,4,1,2,0.6061,0.597,0.7651,0.1174,79
3,0,8,23,0,4,1,1,0.6761,0.618,0.348,0.4154,62
3,0,8,0,0,5,0,2,0.589,0.4862,0.6158,0.3007,19
3,0,8,1,0,5,0,1,0.6641,0.6421,0.833,0.546,9
3,0,8,2,1,5,0,1,0.5685,0.5402,0.5264,0.4584,4
3,0,8,3,0,5,0,4,0.5793,0.5732,0.6224,0.5336,3
3,0,8,4,0,5,0,1,0.7227,0.6903,0.7566,0.3057,10
3,0,8,5,0,5,0,1,0.6778,0.6452,0.5953,0.0539,33
3,0,8,6,0,5,0,3,0.6026,0.5734,0.7498,0.5102,52
3,0,8,7,0,5,0,1,0.566,0.5044,0.5834,0.3131,182
3,0,8,8,0,5,0,1,0.6905,0.6006,0.6514,0.161,194
3,0,8,9,0,5,0,1,0.6854,0.6246,0.7364,0.1797,134
3,0,8,10,0,5,0,2,0.6688,0.6023,0.5249,0.1734,78
3,0,8,11,0,5,0,1,0.6116,0.5797,0.5582,0.2262,119
3,0,8,12,0,5,0,1,0.5475,0.4711,0.7656,0.2892,127
3,0,8,13,0,5,0,2,0.6231,0.5776,0.5613,0.1508,89
3,0,8,14,0,5,0,1,0.7226,0.7444,0.6711,0.4514,103
3,0,8,15,0,5,0,2,0.5605,0.5302,0.7727,0.3442,102
3,0,8,16,0,5,0,1,0.6274,0.5975,0.6669,0.5045,163
3,0,8,17,0,5,0,2,0.7386,0.7021,0.6886,0.0977,194
3,0,8,18,0,5,0,2,0.6028,0.579,0.8418,0.3224,142
3,0,8,19,0,5,0,1,0.6152,0.5686,0.932,0.219,138
3,0,8,20,0,5,0,1,0.5296,0.4981,0.6722,0.1341,98
3,0,8,21,0,5,0,1,0.6677,0.6181,0.605,0.3131,91
3,0,8,22,0,5,0,1,0.5723,0.4989,0.7559,0.1802,76
3,0,8,23,0,5,0,1,0.5153,0.5247,0.5627,0.2538,46
3,0,8,0,0,6,0,2,0.5542,0.5001,0.814,0.6002,17
3,0,8,1,0,6,0,1,0.6356,0.6518,0.5908,0.433,9
3,0,8,2,0,6,0,1,0.5104,0.4619,0.6057,0.473,6
3,0,8,3,0,6,0,1,0.524,0.457,0.5334,0.1331,7
3,0,8,4,0,6,0,2,0.6601,0.6852,0.5546,0.4259,10
3,0,8,5,0,6,0,1,0.6159,0.5407,0.7981,0.1424,33
3,0,8,6,0,6,0,2,0.557,0.4612,0.6976,0.2247,63
3,0,8,7,0,6,0,2,0.5985,0.5252,0.6502,0.1612,131
3,0,8,8,0,6,0,1,0.7427,0.7014,0.9025,0.7499,189
3,0,8,9,0,6,0,1,0.7107,0.635,0.6707,0.2974,133
3,0,8,10,0,6,0,1,0.6135,0.5659,0.6544,0.4201,98
3,0,8,11,0,6,0,2,0.6781,0.5832,0.5229,0.4826,95
3,0,8,12,0,6,0,1,0.6295,0.6306,0.5594,0.2873,119
3,0,8,13,0,6,0,1,0.4968,0.4845,0.5442,0.512,125
3,0,8,14,0,6,0,3,0.4843,0.4221,0.5742,0.2771,71
3,0,8,15,0,6,0,2,0.5573,0.46,0.6003,0.4965,87
3,0,8,16,0,6,0,1,0.5107,0.458,0.6223,0.2966,181
3,0,8,17,0,6,0,3,0.64,0.6275,0.7404,0.0209,168
3,0,8,18,0,6,0,1,0.5825,0.5857,0.6535,0.1771,187
3,0,8,19,1,6,0,1,0.6508,0.6111,0.8711,0.0444,81
3,0,8,20,0,6,0,1,0.6518,0.6042,0.7321,0.1981,101
3,0,8,21,0,6,0,3,0.6693,0.6185,0.5717,0.1451,60
3,0,8,22,0,6,0,1,0.5558,0.5372,0.7107,0.4017,46
3,0,8,23,0,6,0,2,0.6571,0.6507,0.6746,0.4015,36
3,0,8,0,0,0,1,2,0.5509,0.5191,0.8246,0.2385,26
3,0,8,1,0,0,1,2,0.6676,0.623,0.7556,0.2389,12
3,0,8,2,0,0,1,1,0.7034,0.6917,0.6652,0.0755,9
3,0,8,3,0,0,1,1,0.6684,0.6798,0.8669,0.2055,10
3,0,8,4,0,0,1,2,0.6054,0.5666,0.7239,0.4845,11
3,0,8,5,0,0,1,1,0.6575,0.6272,0.7292,0.2251,49
3,0,8,6,0,0,1,2,0.5105,0.4624,0.8374,0.2262,86
3,0,8,7,0,0,1,1,0.4947,0.4724,0.7599,0.3275,255
3,0,8,8,0,0,1,2,0.6505,0.5902,0.683,0.2662,228
3,0,8,9,0,0,1,2,0.7094,0.7165,0.6477,0.1113,181
3,0,8,10,0,0,1,2,0.5316,0.5316,0.4148,0.2909,110
3,0,8,11,0,0,1,2,0.6189,0.64,0.4356,0.2041,145
3,0,8,12,0,0,1,1,0.6485,0.5993,0.643,0.046,172
3,0,8,13,0,0,1,1,0.5748,0.6082,0.5904,0.2627,181
3,0,8,14,0,0,1,1,0.5941,0.5717,0.6593,0.2797,131
3,0,8,15,0,0,1,2,0.6607,0.6237,0.7791,0.3382,125
3,0,8,16,0,0,1,1,0.6254,0.6319,0.5643,0.872,257
3,0,8,17,0,0,1,1,0.6257,0.5638,0.4679,0.1149,354
3,0,8,18,0,0,1,1,0.5491,0.5226,0.5012,0.4235,193
3,0,8,19,0,0,1,1,0.6156,0.5802,0.539,0.396,184
3,0,8,20,0,0,1,2,0.59,0.573,0.5202,0.5213,92
3,0,8,21,0,0,1,2,0.5937,0.5507,0.6622,0.0171,96
3,0,8,22,0,0,1,1,0.5799,0.5347,0.8417,0.1209,75
3,0,8,23,0,0,1,1,0.6159,0.5737,0.7308,0.1701,61
3,0,8,0,0,1,1,2,0.5538,0.5174,0.7403,0.1651,21
3,0,8,1,0,1,1,2,0.6154,0.587,0.6839,0.2335,14
3,0,8,2,0,1,1,2,0.589,0.5982,0.509,0.6153,6
3,0,8,3,1,1,0,2,0.5494,0.4572,0.9265,0.2374,4
3,0,8,4,0,1,1,2,0.4782,0.4773,0.6195,0.1553,14
3,0,8,5,0,1,1,2,0.6809,0.6327,0.7507,0.5633,46
3,0,8,6,0,1,1,3,0.6668,0.6281,0.3891,0.1214,79
3,0,8,7,0,1,1,2,0.5583,0.4977,0.647,0.4069,200
3,0,8,8,0,1,1,2,0.6623,0.6306,0.637,0.3533,214
3,0,8,9,0,1,1,2,0.5429,0.504,0.6256,0.3053,152
3,0,8,10,0,1,1,1,0.5931,0.5567,0.4895,0.2919,124
3,0,8,11,0,1,1,1,0.5775,0.5661,0.6814,0.151,173
3,0,8,12,0,1,1,3,0.5952,0.5845,0.804,0.3693,132
3,0,8,13,0,1,1,2,0.6598,0.6694,0.9096,0.2481,138
3,0,8,14,0,1,1,1,0.5865,0.5394,0.8555,0.4159,106
3,0,8,15,0,1,1,1,0.5908,0.5818,0.8094,0.6551,172
3,0,8,16,0,1,1,1,0.6666,0.6523,0.8627,0.0989,256
3,0,8,17,0,1,1,1,0.6189,0.5906,0.8768,0.4036,288
3,0,8,18,0,1,1,2,0.5732,0.5951,0.5468,0.1343,221
3,0,8,19,0,1,1,2,0.6314,0.5807,0.6878,0.4203,175
3,0,8,20,0,1,1,2,0.6841,0.6544,0.5045,0.5014,120
3,0,8,21,0,1,1,1,0.6885,0.6632,0.7223,0.4563,139
3,0,8,22,0,1,1,1,0.5219,0.4598,0.6281,0.2149,91
3,0,8,23,0,1,1,1,0.5254,0.5371,0.6391,0.1412,67
3,0,8,0,0,2,1,1,0.6813,0.644,0.6254,0.2916,30
3,0,8,1,1,2,0,2,0.5912,0.5748,0.3587,0.2251,5
3,0,8,2,0,2,1,1,0.4573,0.4819,0.4291,0.1942,9
3,0,8,3,0,2,1,3,0.5602,0.5387,0.7609,0.337,6
3,0,8,4,0,2,1,2,0.5806,0.5528,0.5773,0.0019,11
3,0,8,5,0,2,1,1,0.5895,0.562,0.7809,0.2271,51
3,0,8,6,0,2,1,1,0.6649,0.6015,0.6388,0.4001,92
3,0,8,7,0,2,1,1,0.5463,0.5076,0.4679,0.2878,213
3,0,8,8,0,2,1,1,0.6768,0.6384,0.4901,0.2309,285
3,0,8,9,0,2,1,3,0.6313,0.6027,0.5776,0.0735,133
3,0,8,10,0,2,1,2,0.5213,0.5366,0.5469,0.2443,112
3,0,8,11,0,2,1,2,0.589,0.5874,0.6476,0.0654,151
3,0,8,12,0,2,1,2,0.646,0.596,0.6884,0.1076,162
3,0,8,13,0,2,1,3,0.6141,0.5827,0.699,0.2102,138
3,0,8,14,0,2,1,3,0.6379,0.648,0.6856,0.5438,85
3,0,8,15,0,2,1,1,0.5702,0.49,0.7643,0.5049,164
3,0,8,16,0,2,1,1,0.6502,0.6108,0.7785,0.0277,180
3,0,8,17,0,2,1,1,0.5834,0.5151,0.5466,0.3442,227
3,0,8,18,0,2,1,1,0.7896,0.8234,0.4344,0.0394,239
3,0,8,19,0,2,1,2,0.519,0.5162,0.5768,0.3025,150
3,0,8,20,0,2,1,1,0.8002,0.7453,0.6682,0.6285,137
3,0,8,21,0,2,1,2,0.5448,0.5164,0.5951,0.1822,115
3,0,8,22,0,2,1,1,0.7003,0.6407,0.7342,0.3256,67
3,0,8,23,0,2,1,2,0.6693,0.6955,0.4983,0.3823,53
3,0,8,0,0,3,1,1,0.5444,0.4483,0.8484,0.2294,27
3,0,8,1,0,3,1,1,0.65,0.6273,0.7529,0.3456,14
3,0,8,2,0,3,1,2,0.5733,0.5425,0.6125,0.2088,10
3,0,8,3,0,3,1,1,0.6273,0.565,0.5671,0.2835,9
3,0,8,4,0,3,1,2,0.6184,0.5799,0.6405,0.2035,12
3,0,8,5,0,3,1,3,0.5836,0.5058,0.7965,0.193,28
3,0,8,6,0,3,1,1,0.5778,0.596,0.6108,0.0351,117
3,0,8,7,0,3,1,1,0.6319,0.6011,0.589,0.3776,204
3,0,8,8,1,3,0,1,0.5448,0.545,0.6582,0.064,107
3,0,8,9,0,3,1,1,0.5474,0.5055,0.5081,0.2362,152
3,0,8,10,0,3,1,3,0.6749,0.6815,0.7878,0.0602,91
3,0,8,11,0,3,1,2,0.638,0.6072,0.7333,0.2115,163
3,0,8,12,0,3,1,1,0.5166,0.5229,0.7674,0.1058,216
3,0,8,13,0,3,1,2,0.5378,0.5279,0.825,0.3348,123
3,0,8,14,0,3,1,3,0.4585,0.4345,0.5639,0.1235,102
3,0,8,15,0,3,1,1,0.6717,0.6681,0.6606,0.3377,136
3,0,8,16,0,3,1,1,0.6562,0.749,0.6474,0.0443,184
3,0,8,17,0,3,1,2,0.5318,0.4713,0.8489,0.2079,287
3,0,8,18,0,3,1,2,0.6535,0.6172,0.609,0.2505,263
3,0,8,19,0,3,1,1,0.747,0.6709,0.4439,0.3111,176
3,0,8,20,0,3,1,2,0.5003,0.4877,0.6035,0.5268,101
3,0,8,21,0,3,1,1,0.565,0.5435,0.7651,0.2925,123
3,0,8,22,0,3,1,2,0.4987,0.5321,0.7227,0.6113,73
3,0,8,23,0,3,1,2,0.6744,0.633,0.6475,0.126,50
3,0,8,0,0,4,1,1,0.5979,0.5966,0.6137,0.2244,27
3,0,8,1,0,4,1,2,0.5768,0.4856,0.7002,0.0764,15
3,0,8,2,0,4,1,2,0.6206,0.5941,0.7272,0.3863,8
3,0,8,3,0,4,1,2,0.5657,0.5113,0.6853,0.506,7
3,0,8,4,0,4,1,2,0.5766,0.5655,0.6174,0.7091,10
3,0,8,5,0,4,1,1,0.6239,0.6272,0.6556,0.1061,47
3,0,8,6,0,4,1,1,0.562,0.5159,0.5937,0.3077,89
3,0,8,7,0,4,1,1,0.5718,0.5595,0.7834,0.4924,246
3,0,8,8,0,4,1,2,0.5937,0.5533,0.6435,0.3991,279
3,0,8,9,0,4,1,2,0.6111,0.5819,0.5471,0.4308,175
3,0,8,10,0,4,1,1,0.6468,0.6268,0.9304,0.5015,115
3,0,8,11,0,4,1,3,0.6455,0.5831,0.5719,0.1271,109
3,0,8,12,0,4,1,2,0.4997,0.4447,0.5521,0.2213,169
3,0,8,13,0,4,1,1,0.7032,0.6941,0.5149,0.548,180
3,0,8,14,0,4,1,1,0.6088,0.558,0.5768,0.0699,138
3,0,8,15,0,4,1,2,0.5815,0.5908,0.7488,0.503,127
3,0,8,16,0,4,1,1,0.5414,0.4611,0.4696,0.3376,162
3,0,8,17,0,4,1,3,0.7439,0.7348,0.6786,0.3316,213
3,0,8,18,0,4,1,2,0.7699,0.7316,0.5893,0.6602,169
3,0,8,19,0,4,1,1,0.7353,0.6957,0.5619,0.1393,201
3,0,8,20,0,4,1,1,0.6132,0.5869,0.4506,0.4285,134
3,0,8,21,1,4,0,1,0.6288,0.5539,0.654,0.2683,57
3,0,8,22,0,4,1,2,0.709,0.7073,0.4536,0.0783,76
3,0,8,23,0,4,1,1,0.5878,0.5455,0.6256,0.6081,56
3,0,8,0,0,5,0,2,0.6392,0.5822,0.7008,0.0764,18
3,0,8,1,0,5,0,2,0.6172,0.6512,0.3887,0.0722,9
3,0,8,2,0,5,0,3,0.7356,0.6883,0.7431,0.249,5
3,0,8,3,0,5,0,1,0.7018,0.6408,0.4225,0.3146,10
3,0,8,4,0,5,0,1,0.5916,0.5864,0.8777,0.1732,9
3,0,8,5,0,5,0,2,0.708,0.6805,0.6365,0.2505,26
3,0,8,6,0,5,0,1,0.601,0.6012,0.5563,0.2662,67
3,0,8,7,0,5,0,1,0.5631,0.5374,0.6844,0.0499,180
3,0,8,8,0,5,0,3,0.5813,0.5809,0.5517,0.4118,145
3,0,8,9,0,5,0,2,0.6116,0.6426,0.3683,0.1805,120
3,0,8,10,0,5,0,3,0.5463,0.4963,0.7964,0.1536,56
3,0,8,11,0,5,0,1,0.565,0.523,0.6181,0.1703,130
3,0,8,12,0,5,0,2,0.5002,0.4271,0.6689,0.2301,88
3,0,8,13,0,5,0,1,0.5437,0.5279,0.64,0.1361,126
3,0,8,14,0,5,0,1,0.6177,0.5906,0.5602,0.0656,89
3,0,8,15,0,5,0,1,0.6742,0.6784,0.5258,0.101,100
3,0,8,16,0,5,0,2,0.6652,0.6311,0.7473,0.7255,124
3,0,8,17,0,5,0,1,0.6314,0.5973,0.7213,0.2409,184
3,0,8,18,0,5,0,2,0.4942,0.4754,0.6546,0.3468,172
3,0,8,19,0,5,0,3,0.541,0.5069,0.7824,0.4131,98
3,0,8,20,0,5,0,2,0.5874,0.5691,0.6509,0.2964,84
3,0,8,21,1,5,0,1,0.6687,0.642,0.7939,0.1401,49
3,0,8,22,0,5,0,2,0.5623,0.5503,0.8369,0.3245,52
3,0,8,23,0,5,0,2,0.5159,0.4833,0.7897,0.3638,43
3,0,8,0,0,6,0,1,0.6992,0.6807,0.7096,0.385,16
3,0,8,1,0,6,0,1,0.5464,0.5376,0.5392,0.0692,9
3,0,8,2,0,6,0,2,0.5189,0.4831,0.7135,0.1976,6
3,0,8,3,0,6,0,2,0.6137,0.5806,0.6034,0.4782,4
3,0,8,4,0,6,0,3,0.5943,0.5593,0.7467,0.0757,8
3,0,8,5,0,6,0,1,0.5628,0.4979,0.8542,0.3233,34
3,0,8,6,0,6,0,1,0.5978,0.5534,0.6495,0.2152,70
3,0,8,7,0,6,0,1,0.533,0.5292,0.526,0.1971,184
3,0,8,8,0,6,0,3,0.562,0.5593,0.7445,0.5504,104
3,0,8,9,0,6,0,2,0.5953,0.5757,0.6593,0.2813,111
3,0,8,10,0,6,0,3,0.4553,0.4021,0.8447,0.2135,80
3,0,8,11,0,6,0,2,0.6647,0.6608,0.6668,0.3039,99
3,0,8,12,0,6,0,1,0.5017,0.5322,0.6519,0.4141,142
3,0,8,13,0,6,0,2,0.5321,0.5233,0.6718,0.3733,123
3,0,8,14,0,6,0,1,0.6678,0.6344,0.6973,0.3264,91
3,0,8,15,0,6,0,1,0.6377,0.5799,0.4225,0.4473,93
3,0,8,16,0,6,0,1,0.6039,0.5733,0.5629,0.1105,118
3,0,8,17,0,6,0,1,0.4782,0.4395,0.7932,0.5835,186
3,0,8,18,0,6,0,1,0.5554,0.5217,0.5821,0.178,154
3,0,8,19,0,6,0,3,0.5827,0.5922,0.6568,0.4131,101
3,0,8,20,0,6,0,2,0.5878,0.5849,0.6328,0.3467,98
3,0,8,21,0,6,0,2,0.6777,0.6335,0.5779,0.4796,64
3,0,8,22,0,6,0,1,0.7374,0.7032,0.641,0.365,50
3,0,8,23,0,6,0,2,0.6409,0.6087,0.5377,0.59,36
3,0,8,0,0,0,1,1,0.5569,0.5161,0.4831,0.2575,28
3,0,8,1,0,0,1,1,0.6793,0.6051,0.6856,0.0984,17
3,0,8,2,0,0,1,1,0.5531,0.5502,0.8542,0.3379,9
3,0,8,3,0,0,1,1,0.4107,0.4256,0.7505,0.1816,9
3,0,8,4,0,0,1,3,0.5069,0.4633,0.753,0.1863,11
3,0,8,5,0,0,1,2,0.4283,0.3873,0.7873,0.5835,34
3,0,8,6,0,0,1,1,0.5675,0.5663,0.6855,0.2022,113
3,0,8,7,0,0,1,2,0.5818,0.5328,0.6637,0.4792,231
3,0,8,8,0,0,1,1,0.4828,0.4171,0.5577,0.1887,253
3,0,8,9,0,0,1,1,0.5345,0.4945,0.7554,0.0923,158
3,0,8,10,0,0,1,2,0.4945,0.5104,0.6941,0.3614,109
3,0,8,11,0,0,1,2,0.5854,0.5405,0.5782,0.3819,118
3,0,8,12,0,0,1,2,0.5346,0.4884,0.623,0.1016,135
3,0,8,13,0,0,1,1,0.665,0.6176,0.5256,0.1234,189
3,0,8,14,0,0,1,2,0.6062,0.5414,0.7239,0.0832,126
3,0,8,15,0,0,1,1,0.7067,0.6318,0.8462,0.2846,149
3,0,8,16,0,0,1,1,0.5625,0.5265,0.5253,0.1972,264
3,0,8,17,0,0,1,1,0.7444,0.6651,0.7862,0.2718,367
3,0,8,18,0,0,1,1,0.5945,0.5528,0.8059,0.1674,279
3,0,8,19,0,0,1,1,0.5573,0.5374,0.5213,0.3747,220
3,0,8,20,0,0,1,1,0.7629,0.7361,0.4127,0.2762,152
3,0,8,21,0,0,1,2,0.4663,0.4388,0.6684,0.4264,99
3,0,8,22,0,0,1,1,0.5556,0.4919,0.64,0.5867,73
3,0,8,23,0,0,1,1,0.4778,0.4415,0.6344,0.3502,57
3,0,8,0,0,1,1,3,0.4621,0.4494,0.7965,0.2546,22
3,0,8,1,0,1,1,3,0.4461,0.4424,0.6191,0.306,10
3,0,8,2,0,1,1,1,0.634,0.5941,0.9516,0.3303,9
3,0,8,3,0,1,1,1,0.4978,0.4517,0.477,0.4602,10
3,0,8,4,0,1,1,1,0.573,0.5468,0.5572,0.4201,16
3,0,8,5,0,1,1,3,0.6532,0.6099,0.5566,0.2023,36
3,0,8,6,0,1,1,1,0.6232,0.5615,0.6388,0.5579,104
3,0,8,7,0,1,1,1,0.6198,0.598,0.8318,0.2616,219
3,0,8,8,0,1,1,2,0.6758,0.6425,0.5273,0.2928,207
3,0,8,9,0,1,1,2,0.7034,0.635,0.5529,0.3796,136
3,0,8,10,0,1,1,1,0.5032,0.4591,0.5852,0.3116,125
3,0,8,11,0,1,1,1,0.6246,0.5877,0.6505,0.6307,143
3,0,8,12,0,1,1,1,0.5717,0.4974,0.6807,0.1052,209
3,0,8,13,0,1,1,1,0.5805,0.5297,0.6145,0.3539,205
3,0,8,14,0,1,1,1,0.485,0.4797,0.5067,0.3797,147
3,0,8,15,0,1,1,2,0.5536,0.5112,0.6496,0.6707,127
3,0,8,16,0,1,1,2,0.5612,0.5092,0.8333,0.1493,175
3,0,8,17,0,1,1,2,0.6909,0.6888,0.7712,0.0797,260
3,0,8,18,0,1,1,2,0.5099,0.4949,0.6065,0.0797,257
3,0,8,19,0,1,1,2,0.4238,0.4235,0.6699,0.2287,204
3,0,8,20,0,1,1,1,0.5904,0.5373,0.7212,0.1789,133
3,0,8,21,0,1,1,2,0.5028,0.4691,0.7675,0.3298,117
3,0,8,22,0,1,1,1,0.581,0.5516,0.8455,0.4134,84
3,0,8,23,0,1,1,1,0.637,0.612,0.6935,0.1792,59
3,0,9,0,0,2,1,1,0.5802,0.6198,0.5211,0.2615,29
3,0,9,1,0,2,1,2,0.557,0.5317,0.4781,0.0473,14
3,0,9,2,0,2,1,2,0.5763,0.58,0.7341,0.4349,7
3,0,9,3,0,2,1,1,0.6465,0.6829,0.4881,0.4288,10
3,0,9,4,0,2,1,2,0.5064,0.5325,0.7597,0.4228,13
3,0,9,5,0,2,1,2,0.6382,0.611,0.5902,0.4541,38
3,0,9,6,0,2,1,1,0.5169,0.5255,0.516,0.3656,105
3,0,9,7,0,2,1,1,0.6294,0.6017,0.7234,0.1654,243
3,0,9,8,0,2,1,2,0.4792,0.4541,0.539,0.0971,244
3,0,9,9,0,2,1,2,0.6252,0.6192,0.7185,0.337,181
3,0,9,10,0,2,1,1,0.5801,0.5776,0.6837,0.2699,127
3,0,9,11,0,2,1,1,0.594,0.5795,0.4336,0.2155,185
3,0,9,12,0,2,1,3,0.6543,0.6166,0.8317,0.2628,163
3,0,9,13,0,2,1,1,0.5297,0.4888,0.817,0.4743,160
3,0,9,14,0,2,1,3,0.5855,0.52,0.776,0.2172,99
3,0,9,15,0,2,1,2,0.6084,0.5829,0.7785,0.4545,116
3,0,9,16,0,2,1,3,0.5663,0.5451,0.5744,0.0929,135
3,0,9,17,0,2,1,1,0.6374,0.6304,0.8009,0.3774,225
3,0,9,18,0,2,1,2,0.6103,0.536,0.7528,0.509,209
3,0,9,19,0,2,1,1,0.5466,0.5224,0.4107,0.1362,178
3,0,9,20,0,2,1,1,0.6755,0.6356,0.5459,0.1156,144
3,0,9,21,0,2,1,1,0.6265,0.5935,0.5708,0.1983,125
3,0,9,22,0,2,1,1,0.5282,0.5392,0.8391,0.5177,88
3,0,9,23,0,2,1,1,0.5275,0.5396,0.5459,0.2059,56
3,0,9,0,0,3,1,2,0.5682,0.5703,0.5919,0.3759,26
3,0,9,1,0,3,1,1,0.6149,0.587,0.5082,0.2938,13
3,0,9,2,0,3,1,1,0.4287,0.4015,0.605,0.2536,7
3,0,9,3,0,3,1,1,0.5276,0.5373,0.7864,0.5039,8
3,0,9,4,0,3,1,2,0.5432,0.5673,0.4915,0.4002,15
3,0,9,5,0,3,1,1,0.483,0.5068,0.7189,0.2818,39
3,0,9,6,0,3,1,2,0.5121,0.5011,0.557,0.1343,102
3,0,9,7,0,3,1,1,0.5932,0.5647,0.8883,0.0501,240
3,0,9,8,0,3,1,2,0.5494,0.5427,0.6761,0.3454,269
3,0,9,9,0,3,1,2,0.5549,0.5498,0.6522,0.7268,165
3,0,9,10,0,3,1,2,0.4871,0.4507,0.5926,0.5226,88
3,0,9,11,0,3,1,2,0.5686,0.5344,0.6881,0.2302,133
3,0,9,12,0,3,1,3,0.4783,0.5458,0.4858,0.1869,143
3,0,9,13,0,3,1,1,0.6857,0.6394,0.6739,0.1969,187
3,0,9,14,0,3,1,1,0.7056,0.6959,0.5918,0.2508,136
3,0,9,15,0,3,1,3,0.5505,0.5075,0.5866,0.2222,124
3,0,9,16,0,3,1,2,0.505,0.476,0.9094,0.2164,194
3,0,9,17,0,3,1,2,0.6434,0.5836,0.8307,0.3234,262
3,0,9,18,0,3,1,1,0.6251,0.5662,0.8375,0.1954,265
3,0,9,19,0,3,1,1,0.7148,0.6976,0.7643,0.2866,160
3,0,9,20,0,3,1,3,0.7335,0.7117,0.7112,0.4427,110
3,0,9,21,0,3,1,2,0.4417,0.4748,0.8384,0.3875,115
3,0,9,22,0,3,1,1,0.6647,0.6322,0.7016,0.1495,93
3,0,9,23,0,3,1,1,0.568,0.5443,0.7365,0.4433,61
3,0,9,0,0,4,1,2,0.6184,0.5862,0.8291,0.2782,32
3,0,9,1,0,4,1,2,0.6344,0.5735,0.7607,0.3556,12
3,0,9,2,0,4,1,3,0.6314,0.6176,0.7159,0.222,7
3,0,9,3,0,4,1,1,0.65,0.6124,0.7582,0.1001,10
3,0,9,4,0,4,1,1,0.5407,0.4706,0.676,0.275,12
3,0,9,5,0,4,1,1,0.5132,0.5208,0.7237,0.3881,40
3,0,9,6,0,4,1,2,0.663,0.6126,0.7352,0.1162,100
3,0,9,7,0,4,1,1,0.5189,0.5029,0.5146,0.3205,190
3,0,9,8,0,4,1,1,0.7102,0.6857,0.5744,0.0949,308
3,0,9,9,0,4,1,1,0.5264,0.5064,0.7501,0.2803,201
3,0,9,10,0,4,1,1,0.5533,0.4955,0.6785,0.2244,128
3,0,9,11,0,4,1,2,0.5666,0.5802,0.6606,0.1722,119
3,0,9,12,0,4,1,1,0.4721,0.4266,0.6979,0.4112,172
3,0,9,13,0,4,1,1,0.4723,0.375,0.4248,0.3359,161
3,0,9,14,0,4,1,2,0.6438,0.637,0.6424,0.2745,132
3,0,9,15,0,4,1,1,0.4595,0.461,0.6434,0.1811,166
3,0,9,16,0,4,1,2,0.7563,0.6827,0.6843,0.4237,155
3,0,9,17,0,4,1,2,0.5733,0.5445,0.7653,0.2305,220
3,0,9,18,0,4,1,2,0.5079,0.5149,0.6189,0.4719,195
3,0,9,19,0,4,1,2,0.6094,0.6212,0.824,0.2517,183
3,0,9,20,0,4,1,2,0.4076,0.4056,0.5459,0.213,122
3,0,9,21,0,4,1,3,0.5566,0.5536,0.746,0.067,78
3,0,9,22,0,4,1,2,0.5656,0.5588,0.6004,0.1648,78
3,0,9,23,0,4,1,1,0.4913,0.4626,0.8029,0.2132,64
3,0,9,0,0,5,0,2,0.532,0.4727,0.6897,0.3528,16
3,0,9,1,0,5,0,2,0.6831,0.6411,0.5184,0.4992,9
3,0,9,2,0,5,0,1,0.5891,0.5933,0.6755,0.2347,7
3,0,9,3,0,5,0,1,0.6042,0.6074,0.7112,0.2379,6
3,0,9,4,0,5,0,2,0.5212,0.5012,0.6902,0.1414,10
3,0,9,5,0,5,0,1,0.4836,0.4494,0.7026,0.1542,31
3,0,9,6,0,5,0,3,0.5594,0.5834,0.6362,0.4034,48
3,0,9,7,0,5,0,4,0.4042,0.3877,0.5961,0.3267,90
3,0,9,8,0,5,0,1,0.4995,0.4936,0.4659,0.5243,216
3,0,9,9,0,5,0,1,0.4886,0.4279,0.7331,0.1868,112
3,0,9,10,0,5,0,3,0.4335,0.4102,0.7241,0.4949,58
3,0,9,11,0,5,0,1,0.6217,0.6232,0.8924,0.2735,119
3,0,9,12,0,5,0,2,0.5671,0.4977,0.6582,0.1611,123
3,0,9,13,0,5,0,1,0.5329,0.5051,0.6965,0.3101,138
3,0,9,14,0,5,0,1,0.6232,0.6043,0.6813,0.0992,109
3,0,9,15,0,5,0,1,0.4611,0.4809,0.7671,0.3082,122
3,0,9,16,0,5,0,1,0.4822,0.4874,0.6014,0.1312,211
3,0,9,17,0,5,0,3,0.6545,0.6725,0.6812,0.1637,110
3,0,9,18,0,5,0,1,0.7359,0.7241,0.6664,0.1825,185
3,0,9,19,0,5,0,1,0.6241,0.6196,0.7524,0.1086,135
3,0,9,20,1,5,0,2,0.6093,0.5501,0.9298,0.0838,43
3,0,9,21,0,5,0,3,0.5355,0.4792,0.7029,0.1851,64
3,0,9,22,0,5,0,1,0.5371,0.5607,0.4898,0.3265,54
3,0,9,23,0,5,0,2,0.5921,0.5489,0.5225,0.3728,29
3,0,9,0,0,6,0,1,0.6686,0.6189,0.7902,0.2412,23
3,0,9,1,0,6,0,2,0.6024,0.503,0.4639,0.3695,8
3,0,9,2,0,6,0,2,0.6396,0.6394,0.7016,0.5042,6
3,0,9,3,0,6,0,3,0.5084,0.4494,0.5759,0.2923,4
3,0,9,4,0,6,0,2,0.6157,0.5603,0.9873,0.3999,9
3,0,9,5,0,6,0,3,0.5255,0.5321,0.5181,0.4753,25
3,0,9,6,0,6,0,1,0.5823,0.4869,0.5842,0.4282,83
3,0,9,7,0,6,0,2,0.6156,0.6256,0.7573,0.1491,142
3,0,9,8,0,6,0,2,0.5353,0.4837,0.6358,0.0684,168
3,0,9,9,0,6,0,1,0.5013,0.4718,0.5773,0.5537,119
3,0,9,10,0,6,0,3,0.5979,0.5447,0.5477,0.2367,68
3,0,9,11,0,6,0,2,0.5631,0.495,0.5848,0.1359,94
3,0,9,12,0,6,0,3,0.582,0.5302,0.5548,0.3808,108
3,0,9,13,0,6,0,1,0.6185,0.5628,0.6621,0.44,97
3,0,9,14,0,6,0,2,0.664,0.5939,0.8946,0.0857,82
3,0,9,15,0,6,0,1,0.6189,0.6343,0.9111,0.3745,110
3,0,9,16,0,6,0,3,0.6097,0.5502,0.909,0.3478,98
3,0,9,17,0,6,0,1,0.5375,0.454,0.648,0.2425,181
3,0,9,18,0,6,0,2,0.5482,0.4589,0.7495,0.298,136
3,0,9,19,0,6,0,1,0.6043,0.5872,0.6788,0.4245,140
3,0,9,20,0,6,0,2,0.5471,0.4677,0.5651,0.1253,95
3,0,9,21,0,6,0,1,0.604,0.5685,0.4471,0.2492,73
3,0,9,22,0,6,0,3,0.5154,0.5487,0.4521,0.3775,33
3,0,9,23,0,6,0,3,0.7076,0.6776,0.6822,0.4195,29
3,0,9,0,0,0,1,1,0.5823,0.5629,0.5004,0.3124,32
3,0,9,1,0,0,1,2,0.5777,0.5329,0.5685,0.5196,13
3,0,9,2,0,0,1,2,0.535,0.5078,0.7083,0.1189,7
3,0,9,3,0,0,1,1,0.7026,0.661,0.3841,0.1407,11
3,0,9,4,0,0,1,1,0.481,0.4662,0.8401,0.1952,15
3,0,9,5,0,0,1,1,0.5195,0.5433,0.6703,0.4613,44
3,0,9,6,0,0,1,1,0.6285,0.5843,0.6188,0.5154,95
3,0,9,7,0,0,1,2,0.5855,0.5326,0.5874,0.2146,207
3,0,9,8,0,0,1,2,0.5284,0.4997,0.7207,0.2766,227
3,0,9,9,0,0,1,1,0.5304,0.5327,0.5482,0.2786,152
3,0,9,10,0,0,1,3,0.5484,0.5108,0.8225,0.2206,114
3,0,9,11,0,0,1,1,0.5759,0.5551,0.7681,0.6246,136
3,0,9,12,0,0,1,3,0.6775,0.659,0.5771,0.1577,161
3,0,9,13,0,0,1,2,0.6111,0.6451,0.6405,0.4124,129
3,0,9,14,1,0,0,2,0.6404,0.636,0.8096,0.1947,63
3,0,9,15,0,0,1,2,0.5383,0.4852,0.7127,0.2354,158
3,0,9,16,0,0,1,1,0.6048,0.5089,0.6369,0.2379,229
3,0,9,17,0,0,1,3,0.4599,0.4414,0.5747,0.4084,177
3,0,9,18,0,0,1,2,0.5815,0.5313,0.6505,0.5358,192
3,0,9,19,0,0,1,2,0.577,0.5336,0.6144,0.4254,180
3,0,9,20,0,0,1,1,0.6962,0.6315,0.7011,0.1251,140
3,0,9,21,1,0,0,2,0.6778,0.6287,0.6263,0.475,51
3,0,9,22,0,0,1,1,0.5506,0.5074,0.5479,0.7671,75
3,0,9,23,0,0,1,2,0.5115,0.4825,0.7957,0.4264,60
3,0,9,0,0,1,1,2,0.5097,0.464,0.7296,0.3721,24
3,0,9,1,0,1,1,1,0.5443,0.4956,0.5447,0.2668,15
3,0,9,2,0,1,1,1,0.6561,0.6392,0.5936,0.0643,10
3,0,9,3,0,1,1,1,0.594,0.5642,0.7496,0.1463,10
3,0,9,4,0,1,1,1,0.6012,0.5713,0.5638,0.1413,14
3,0,9,5,0,1,1,1,0.6217,0.5892,0.644,0.2747,40
3,0,9,6,0,1,1,1,0.4953,0.4437,0.6295,0.1914,100
3,0,9,7,0,1,1,1,0.5153,0.5326,0.5776,0.3642,197
3,0,9,8,0,1,1,2,0.6013,0.6323,0.537,0.1111,244
3,0,9,9,0,1,1,2,0.5104,0.522,0.6578,0.3645,151
3,0,9,10,0,1,1,1,0.4581,0.3823,0.5528,0.4617,105
3,0,9,11,0,1,1,1,0.4892,0.4448,0.5928,0.1864,145
3,0,9,12,0,1,1,2,0.6387,0.628,0.7663,0.2458,163
3,0,9,13,0,1,1,1,0.5387,0.4893,0.5784,0.1425,141
3,0,9,14,0,1,1,1,0.5807,0.5307,0.7193,0.2327,101
3,0,9,15,0,1,1,2,0.4927,0.4269,0.7793,0.4181,114
3,0,9,16,0,1,1,3,0.5915,0.551,0.6515,0.079,142
3,0,9,17,1,1,0,1,0.5461,0.4941,0.7256,0.1825,150
3,0,9,18,0,1,1,3,0.5962,0.4946,0.5616,0.1078,194
3,0,9,19,0,1,1,1,0.5315,0.5395,0.7533,0.6249,176
3,0,9,20,0,1,1,1,0.6002,0.5827,0.7418,0.4483,139
3,0,9,21,0,1,1,1,0.528,0.4616,0.839,0.4231,101
3,0,9,22,0,1,1,2,0.5593,0.5574,0.805,0.1461,74
3,0,9,23,0,1,1,2,0.5459,0.5224,0.6961,0.2812,51
3,0,9,0,0,2,1,2,0.5629,0.5696,0.996,0.3388,27
3,0,9,1,0,2,1,3,0.5806,0.5736,0.7708,0.0686,10
3,0,9,2,0,2,1,2,0.5265,0.4769,0.8175,0.1783,8
3,0,9,3,0,2,1,1,0.5527,0.5452,0.6095,0.0998,10
3,0,9,4,0,2,1,2,0.5741,0.5668,0.6205,0.3327,12
3,0,9,5,0,2,1,1,0.5966,0.5985,0.6735,0.028,42
3,0,9,6,0,2,1,2,0.5558,0.5579,0.5445,0.5788,88
3,0,9,7,0,2,1,3,0.499,0.5364,0.6693,0.4565,170
3,0,9,8,0,2,1,2,0.5671,0.5674,0.6601,0.1425,242
3,0,9,9,0,2,1,1,0.608,0.5541,0.7961,0.6482,141
3,0,9,10,0,2,1,2,0.4678,0.4497,0.8049,0.3349,91
3,0,9,11,0,2,1,1,0.4686,0.4137,0.6793,0.1598,161
3,0,9,12,0,2,1,1,0.5147,0.5253,0.6201,0.1924,183
3,0,9,13,0,2,1,2,0.5476,0.4946,0.8797,0.0965,161
3,0,9,14,0,2,1,1,0.4073,0.4539,0.4823,0.1263,132
3,0,9,15,0,2,1,1,0.6013,0.5624,0.4786,0.3602,201
3,0,9,16,0,2,1,2,0.5483,0.5196,0.7225,0.2455,205
3,0,9,17,0,2,1,1,0.3965,0.3628,0.6565,0.2148,260
3,0,9,18,0,2,1,1,0.4832,0.4375,0.6279,0.5932,236
3,0,9,19,0,2,1,4,0.5401,0.4971,0.4453,0.1419,128
3,0,9,20,0,2,1,1,0.437,0.4221,0.5594,0.4282,160
3,0,9,21,0,2,1,1,0.629,0.5981,0.8421,0.3241,112
3,0,9,22,0,2,1,3,0.5742,0.5327,0.8217,0.3171,52
3,0,9,23,0,2,1,1,0.6086,0.5873,0.7597,0.2396,59
3,0,9,0,0,3,1,3,0.4852,0.4446,0.5672,0.091,28
3,0,9,1,0,3,1,2,0.586,0.5566,0.6252,0.1563,13
3,0,9,2,0,3,1,2,0.511,0.5384,0.6169,0.2468,9
3,0,9,3,0,3,1,1,0.5438,0.4994,0.5839,0.5023,8
3,0,9,4,0,3,1,1,0.5819,0.5437,0.5999,0.2029,15
3,0,9,5,0,3,1,2,0.5523,0.4901,0.6531,0.3865,38
3,0,9,6,0,3,1,1,0.6138,0.573,0.4881,0.1239,98
3,0,9,7,0,3,1,2,0.567,0.5498,0.8069,0.1126,224
3,0,9,8,1,3,0,2,0.5248,0.4827,0.6489,0.2268,99
3,0,9,9,0,3,1,2,0.6162,0.5514,0.6049,0.0916,178
3,0,9,10,0,3,1,1,0.631,0.6103,0.476,0.3725,148
3,0,9,11,0,3,1,2,0.5634,0.5492,0.7591,0.1822,166
3,0,9,12,0,3,1,2,0.6508,0.6366,0.5401,0.2802,159
3,0,9,13,0,3,1,1,0.5407,0.4765,0.723,0.4566,178
3,0,9,14,0,3,1,3,0.5483,0.562,0.5595,0.2193,88
3,0,9,15,0,3,1,1,0.5575,0.515,0.6789,0.5196,175
3,0,9,16,0,3,1,3,0.5481,0.4905,0.5113,0.3361,162
3,0,9,17,0,3,1,1,0.5355,0.5394,0.6447,0.1135,295
3,0,9,18,0,3,1,1,0.5072,0.5219,0.6558,0.2023,290
3,0,9,19,0,3,1,2,0.4876,0.4538,0.6846,0.1036,151
3,0,9,20,0,3,1,1,0.565,0.5117,0.7712,0.425,145
3,0,9,21,0,3,1,1,0.6411,0.6223,0.7271,0.3754,128
3,0,9,22,0,3,1,1,0.6142,0.5435,0.8527,0.0749,75
3,0,9,23,0,3,1,2,0.5844,0.6317,0.4935,0.1801,48
3,0,9,0,0,4,1,1,0.6408,0.5778,0.9165,0.2701,28
3,0,9,1,0,4,1,2,0.5547,0.5376,0.7784,0.1892,11
3,0,9,2,0,4,1,2,0.4841,0.4551,0.6124,0.1861,7
3,0,9,3,0,4,1,2,0.5289,0.4748,0.7842,0.3281,9
3,0,9,4,0,4,1,1,0.5491,0.4935,0.8775,0.1891,16
3,0,9,5,0,4,1,1,0.5175,0.5254,0.799,0.5265,39
3,0,9,6,0,4,1,3,0.596,0.5772,0.547,0.4381,77
3,0,9,7,0,4,1,2,0.6188,0.567,0.6705,0.5816,216
3,0,9,8,0,4,1,3,0.4321,0.3937,0.7561,0.3132,180
3,0,9,9,0,4,1,2,0.5431,0.4916,0.6617,0.2733,156
3,0,9,10,0,4,1,2,0.3501,0.359,0.7183,0.5948,105
3,0,9,11,0,4,1,3,0.5469,0.5472,0.7267,0.5329,107
3,0,9,12,0,4,1,1,0.5461,0.5346,0.5471,0.1684,200
3,0,9,13,0,4,1,3,0.6777,0.6514,0.8166,0.164,127
3,0,9,14,0,4,1,1,0.6567,0.6426,0.6765,0.3558,124
3,0,9,15,0,4,1,1,0.6186,0.5382,0.6602,0.4193,162
3,0,9,16,0,4,1,2,0.4861,0.4701,0.5576,0.4691,136
3,0,9,17,0,4,1,1,0.4821,0.49,0.6365,0.3219,261
3,0,9,18,0,4,1,1,0.4766,0.4597,0.7779,0.1835,197
3,0,9,19,0,4,1,2,0.6602,0.6288,0.6943,0.1987,161
3,0,9,20,0,4,1,2,0.4896,0.446,0.7504,0.2532,108
3,0,9,21,0,4,1,3,0.5263,0.4829,0.6615,0.4351,80
3,0,9,22,0,4,1,1,0.4903,0.4501,0.6761,0.4508,77
3,0,9,23,0,4,1,1,0.4652,0.4487,0.4685,0.3243,53
3,0,9,0,0,5,0,2,0.5727,0.5295,0.7128,0.1575,18
3,0,9,1,0,5,0,2,0.5601,0.4774,0.6425,0.1103,9
3,0,9,2,0,5,0,2,0.3937,0.3979,0.704,0.0692,6
3,0,9,3,0,5,0,1,0.4583,0.451,0.4078,0.2535,5
3,0,9,4,0,5,0,1,0.5672,0.5495,0.9699,0.4261,10
3,0,9,5,0,5,0,3,0.5443,0.489,0.6747,0.327,23
3,0,9,6,0,5,0,1,0.5213,0.4805,0.7213,0.6846,68
3,0,9,7,0,5,0,2,0.5918,0.5778,0.7124,0.3877,135
3,0,9,8,0,5,0,1,0.4484,0.4267,0.628,0.3216,176
3,0,9,9,0,5,0,1,0.5077,0.4614,0.7165,0.1966,108
3,0,9,10,0,5,0,2,0.5856,0.5954,0.8083,0.316,73
3,0,9,11,0,5,0,1,0.5039,0.4533,0.6873,0.2393,101
3,0,9,12,1,5,0,1,0.5713,0.4531,0.7689,0.5499,70
3,0,9,13,0,5,0,2,0.4691,0.4483,0.7582,0.1778,91
3,0,9,14,0,5,0,1,0.4917,0.471,0.7506,0.181,90
3,0,9,15,0,5,0,1,0.4246,0.4051,0.888,0.3962,112
3,0,9,16,0,5,0,2,0.4054,0.3972,0.7082,0.0335,121
3,0,9,17,0,5,0,1,0.5161,0.4736,0.6567,0.4921,170
3,0,9,18,0,5,0,2,0.5809,0.5826,0.6608,0.4873,120
3,0,9,19,0,5,0,1,0.5413,0.4733,0.7149,0.3706,132
3,0,9,20,0,5,0,1,0.6306,0.5984,0.5036,0.2677,116
3,0,9,21,0,5,0,1,0.5219,0.477,0.8338,0.1405,88
3,0,9,22,0,5,0,3,0.401,0.4111,0.6366,0.2642,35
3,0,9,23,0,5,0,1,0.5735,0.521,0.6548,0.4837,31
3,0,9,0,0,6,0,3,0.4699,0.4486,0.5098,0.2814,19
3,0,9,1,0,6,0,1,0.5542,0.5291,0.6794,0.3707,11
3,0,9,2,0,6,0,1,0.3854,0.372,0.5036,0.3573,6
3,0,9,3,0,6,0,2,0.5262,0.478,0.4643,0.3602,6
3,0,9,4,0,6,0,1,0.5946,0.5759,0.5786,0.1894,10
3,0,9,5,0,6,0,2,0.5861,0.5576,0.6366,0.2063,27
3,0,9,6,0,6,0,3,0.5279,0.5118,0.5633,0.2114,46
3,0,9,7,0,6,0,2,0.5418,0.562,0.7005,0.3463,135
3,0,9,8,0,6,0,2,0.5106,0.4886,0.8134,0.6115,166
3,0,9,9,1,6,0,2,0.5245,0.4685,0.6924,0.2583,62
3,0,9,10,0,6,0,1,0.5893,0.6187,0.4002,0.58,85
3,0,9,11,0,6,0,2,0.4929,0.4977,0.664,0.0924,80
3,0,9,12,0,6,0,1,0.4998,0.4944,0.7359,0.1437,152
3,0,9,13,0,6,0,1,0.4349,0.4076,0.6218,0.477,115
3,0,9,14,0,6,0,2,0.5907,0.5833,0.7041,0.0287,68
3,0,9,15,0,6,0,1,0.523,0.4352,0.698,0.2309,106
3,0,9,16,0,6,0,2,0.457,0.4806,0.5342,0.4797,102
3,0,9,17,1,6,0,1,0.603,0.5997,0.8108,0.1469,141
3,0,9,18,0,6,0,1,0.5383,0.5061,0.6315,0.1287,213
3,0,9,19,0,6,0,2,0.4896,0.4913,0.6268,0.1871,118
3,0,9,20,0,6,0,2,0.6041,0.5925,0.7205,0.2367,89
3,0,9,21,0,6,0,3,0.5177,0.4615,0.4736,0.3803,61
3,0,9,22,0,6,0,1,0.4318,0.4155,0.8181,0.1336,70
3,0,9,23,0,6,0,1,0.6087,0.5895,0.5483,0.1807,50
3,0,9,0,0,0,1,1,0.4788,0.4509,0.8836,0.365,33
3,0,9,1,0,0,1,1,0.749,0.705,0.8017,0.1328,16
3,0,9,2,0,0,1,1,0.5064,0.5081,0.5453,0.3308,9
3,0,9,3,0,0,1,2,0.3965,0.382,0.7065,0.6937,6
3,0,9,4,0,0,1,1,0.6604,0.6837,0.5518,0.093,17
3,0,9,5,0,0,1,3,0.5337,0.4874,0.5353,0.5253,27
3,0,9,6,1,0,0,2,0.5555,0.54,0.3668,0.4873,36
3,0,9,7,0,0,1,2,0.5643,0.5085,0.7427,0.0354,195
3,0,9,8,0,0,1,1,0.4424,0.4406,0.6118,0.4372,234
3,0,9,9,0,0,1,1,0.386,0.3332,0.7607,0.1048,187
3,0,9,10,0,0,1,1,0.6744,0.6493,0.6936,0.4663,143
3,0,9,11,0,0,1,2,0.4282,0.4422,0.5204,0.2126,122
3,0,9,12,0,0,1,2,0.6523,0.6212,0.7675,0.3262,148
3,0,9,13,0,0,1,1,0.5745,0.516,0.7288,0.1339,176
3,0,9,14,0,0,1,1,0.5499,0.5507,0.609,0.2833,127
3,0,9,15,0,0,1,3,0.5049,0.4904,0.7836,0.1156,120
3,0,9,16,0,0,1,1,0.6993,0.6617,0.6341,0.6386,215
3,0,9,17,0,0,1,1,0.4891,0.4357,0.5722,0.3339,329
3,0,9,18,0,0,1,1,0.4911,0.4182,0.6437,0.042,298
3,0,9,19,0,0,1,1,0.5847,0.6231,0.6222,0.4003,212
3,0,9,20,0,0,1,1,0.4905,0.4488,0.4885,0.3255,164
3,0,9,21,0,0,1,2,0.4668,0.4137,0.3502,0.4078,102
3,0,9,22,0,0,1,2,0.5336,0.5164,0.8642,0.3839,82
3,0,9,23,0,0,1,2,0.5858,0.526,0.8024,0.1197,58
3,0,9,0,1,1,0,1,0.6653,0.6469,0.8442,0.7753,9
3,0,9,1,0,1,1,1,0.6795,0.6861,0.7751,0.258,16
3,0,9,2,0,1,1,2,0.4084,0.3562,0.6172,0.2425,9
3,0,9,3,0,1,1,1,0.6067,0.5674,0.6457,0.1467,10
3,0,9,4,0,1,1,1,0.4648,0.4545,0.5929,0.2984,13
3,0,9,5,0,1,1,1,0.4683,0.4084,0.7318,0.4441,47
3,0,9,6,0,1,1,2,0.496,0.4438,0.7236,0.2884,75
3,0,9,7,0,1,1,1,0.4915,0.4634,0.6257,0.4667,231
3,0,9,8,0,1,1,3,0.4589,0.4947,0.7194,0.2018,223
3,0,9,9,0,1,1,1,0.371,0.3268,0.8061,0.2362,221
3,0,9,10,0,1,1,3,0.635,0.5948,0.6665,0.1687,109
3,0,9,11,0,1,1,1,0.5967,0.6412,0.5272,0.2542,166
3,0,9,12,0,1,1,2,0.5327,0.5299,0.7216,0.6731,158
3,0,9,13,0,1,1,1,0.4661,0.392,0.5201,0.0772,139
3,0,9,14,0,1,1,2,0.6203,0.5823,0.5698,0.2167,113
3,0,9,15,0,1,1,1,0.5294,0.5205,0.7,0.1956,142
3,0,9,16,0,1,1,3,0.4936,0.5123,0.7411,0.2229,198
3,0,9,17,0,1,1,2,0.4187,0.4396,0.6783,0.0906,231
3,0,9,18,0,1,1,2,0.5715,0.5597,0.5453,0.0632,202
3,0,9,19,0,1,1,1,0.5104,0.5064,1.0,0.1063,194
3,0,9,20,0,1,1,1,0.5521,0.4855,0.6042,0.1836,171
3,0,9,21,0,1,1,4,0.5456,0.4976,0.7214,0.2695,64
3,0,9,22,0,1,1,3,0.5783,0.5105,0.5967,0.2466,60
3,0,9,23,0,1,1,1,0.5491,0.5525,0.5541,0.1986,60
3,0,9,0,0,2,1,1,0.5085,0.4944,0.6734,0.3285,31
3,0,9,1,0,2,1,1,0.5687,0.5434,0.6141,0.1685,13
3,0,9,2,0,2,1,1,0.5964,0.6129,0.6786,0.3077,10
3,0,9,3,0,2,1,1,0.6381,0.6223,0.5884,0.3634,10
3,0,9,4,0,2,1,2,0.4514,0.463,0.6833,0.1857,14
3,0,9,5,0,2,1,1,0.6077,0.6,0.5771,0.6403,38
3,0,9,6,0,2,1,3,0.4187,0.4234,0.7963,0.2409,72
3,0,9,7,0,2,1,3,0.6009,0.5395,0.7029,0.1076,189
3,0,9,8,0,2,1,1,0.4885,0.4933,0.6521,0.0943,353
3,0,9,9,0,2,1,1,0.5888,0.5735,0.6652,0.2127,213
3,0,9,10,0,2,1,2,0.6344,0.5904,0.6219,0.1354,108
3,0,9,11,0,2,1,1,0.5459,0.5392,0.6815,0.5593,152
3,0,9,12,0,2,1,2,0.5301,0.5421,0.8469,0.0809,165
3,0,9,13,0,2,1,2,0.5265,0.4972,0.5986,0.3847,153
3,0,9,14,0,2,1,1,0.5004,0.4529,0.6864,0.1322,135
3,0,9,15,0,2,1,3,0.6121,0.5604,0.575,0.2749,126
3,0,9,16,0,2,1,1,0.5258,0.4577,0.3693,0.1866,211
3,0,9,17,0,2,1,1,0.3811,0.357,0.7407,0.189,228
3,0,9,18,0,2,1,3,0.5953,0.5832,0.7965,0.5904,160
3,0,9,19,0,2,1,1,0.5916,0.614,0.7194,0.203,185
3,0,9,20,0,2,1,1,0.5364,0.4854,0.9473,0.2474,135
3,0,9,21,0,2,1,1,0.4782,0.4651,0.624,0.1486,109
3,0,9,22,0,2,1,1,0.4522,0.4302,0.5597,0.1253,75
3,0,9,23,1,2,0,1,0.4784,0.4542,0.8092,0.135,24
3,0,9,0,0,3,1,2,0.5432,0.4702,0.8169,0.2094,23
3,0,9,1,0,3,1,1,0.4002,0.3499,0.7992,0.3594,16
3,0,9,2,0,3,1,2,0.559,0.5855,0.5377,0.3733,7
3,0,9,3,0,3,1,1,0.5344,0.5379,0.5836,0.2411,9
3,0,9,4,0,3,1,1,0.6194,0.5969,0.4703,0.2659,15
3,0,9,5,0,3,1,3,0.5784,0.5633,0.9042,0.4737,27
3,0,9,6,0,3,1,2,0.4787,0.4771,0.557,0.1572,114
3,0,9,7,1,3,0,2,0.4109,0.3769,0.5226,0.0561,94
3,0,9,8,0,3,1,1,0.4718,0.436,0.6549,0.6509,280
3,0,9,9,0,3,1,2,0.626,0.5762,0.6815,0.5228,150
3,0,9,10,0,3,1,2,0.5499,0.5275,0.7474,0.5142,106
3,0,9,11,0,3,1,3,0.5711,0.508,0.6518,0.4123,101
3,0,9,12,0,3,1,2,0.4853,0.4411,0.5859,0.5848,144
3,0,9,13,0,3,1,1,0.5632,0.5503,0.6199,0.3909,147
3,0,9,14,0,3,1,1,0.4229,0.3912,0.595,0.4295,119
3,0,9,15,0,3,1,1,0.5948,0.5125,0.8346,0.6009,155
3,0,9,16,0,3,1,1,0.4484,0.4146,0.6667,0.026,178
3,0,9,17,0,3,1,1,0.3911,0.3879,0.7436,0.4869,267
3,0,9,18,0,3,1,1,0.6877,0.6568,0.6423,0.2025,250
3,0,9,19,0,3,1,1,0.5387,0.4611,0.4482,0.3824,194
3,0,9,20,0,3,1,2,0.5368,0.5409,0.8646,0.2058,162
3,0,9,21,0,3,1,2,0.3984,0.3711,0.7371,0.1448,85
3,0,9,22,0,3,1,2,0.5729,0.5544,0.714,0.5092,61
3,0,9,23,0,3,1,1,0.5913,0.5931,0.413,0.2902,58
3,0,9,0,0,4,1,2,0.5113,0.482,0.651,0.1331,32
3,0,9,1,0,4,1,3,0.5875,0.5009,0.8528,0.4221,8
3,0,9,2,0,4,1,1,0.6071,0.6294,0.8232,0.1832,9
3,0,9,3,0,4,1,3,0.562,0.4677,0.6416,0.3355,6
3,0,9,4,0,4,1,1,0.3736,0.3449,0.814,0.3175,14
3,0,9,5,0,4,1,2,0.4446,0.4612,0.8561,0.2177,32
3,0,9,6,0,4,1,2,0.6433,0.5902,0.6491,0.544,80
3,0,9,7,0,4,1,2,0.531,0.4853,0.8258,0.2891,212
3,0,9,8,0,4,1,3,0.5313,0.4982,0.8205,0.3196,191
3,0,9,9,0,4,1,1,0.467,0.4382,0.7683,0.3516,188
3,0,9,10,0,4,1,2,0.4806,0.4307,0.78,0.3141,137
3,0,9,11,0,4,1,3,0.6087,0.5592,0.5629,0.0676,129
3,0,9,12,0,4,1,2,0.6301,0.6308,0.7619,0.4584,180
3,0,9,13,0,4,1,1,0.581,0.536,0.6526,0.095,185
3,0,9,14,1,4,0,1,0.5638,0.5507,0.5592,0.2731,54
3,0,9,15,0,4,1,3,0.5691,0.5132,0.8502,0.4078,84
3,0,9,16,0,4,1,2,0.5203,0.5358,0.6535,0.2052,171
3,0,9,17,0,4,1,3,0.4409,0.447,0.6958,0.3799,214
3,0,9,18,0,4,1,1,0.4258,0.4018,0.6846,0.0287,225
3,0,9,19,0,4,1,2,0.6172,0.6056,0.4809,0.1202,167
3,0,9,20,0,4,1,2,0.5229,0.5424,0.6322,0.1271,130
3,0,9,21,0,4,1,3,0.5586,0.5006,0.7605,0.2445,73
3,0,9,22,0,4,1,2,0.54,0.4813,0.6694,0.1229,93
3,0,9,23,0,4,1,1,0.5435,0.5276,0.6253,0.195,64
3,0,9,0,0,5,0,2,0.5452,0.4792,0.708,0.0884,22
3,0,9,1,0,5,0,2,0.5699,0.4948,0.7968,0.4546,10
3,0,9,2,0,5,0,1,0.4674,0.3959,0.4718,0.5916,6
3,0,9,3,0,5,0,1,0.6039,0.5781,0.6554,0.496,5
3,0,9,4,0,5,0,3,0.4694,0.3849,0.6702,0.3234,6
3,0,9,5,0,5,0,1,0.5379,0.4989,0.8803,0.1655,32
3,0,9,6,0,5,0,1,0.4383,0.3135,0.8127,0.0509,74
3,0,9,7,0,5,0,2,0.5094,0.4971,0.5023,0.1563,135
3,0,9,8,0,5,0,3,0.4749,0.4663,0.8287,0.3038,142
3,0,9,9,0,5,0,2,0.5228,0.4903,0.6498,0.2848,139
3,0,9,10,0,5,0,1,0.5726,0.5794,0.4748,0.2176,94
3,0,9,11,0,5,0,1,0.5264,0.524,0.5067,0.3559,108
3,0,9,12,0,5,0,1,0.6583,0.6017,0.8318,0.2384,137
3,0,9,13,0,5,0,1,0.5768,0.5216,0.7225,0.2858,121
3,0,9,14,0,5,0,2,0.5051,0.5064,0.55,0.3046,83
3,0,9,15,0,5,0,1,0.5151,0.5099,0.8579,0.6603,106
3,0,9,16,0,5,0,1,0.5475,0.5121,0.7531,0.4686,137
3,0,9,17,0,5,0,3,0.5704,0.4891,0.6372,0.1953,128
3,0,9,18,0,5,0,1,0.4347,0.4408,0.7038,0.0292,181
3,0,9,19,0,5,0,1,0.5657,0.5394,0.5627,0.5576,120
3,0,9,20,0,5,0,2,0.4365,0.413,0.9078,0.3724,74
3,0,9,21,0,5,0,1,0.5589,0.4458,0.5256,0.3783,68
3,0,9,22,0,5,0,1,0.5981,0.5842,0.5133,0.3234,67
3,0,9,23,0,5,0,3,0.5421,0.5131,0.6913,0.0659,26
3,0,9,0,0,6,0,2,0.3542,0.3202,1.0,0.132,18
3,0,9,1,0,6,0,2,0.3922,0.3475,0.4995,0.2445,11
3,0,9,2,0,6,0,2,0.5563,0.5319,0.766,0.1987,4
3,0,9,3,0,6,0,1,0.3452,0.342,0.6765,0.4132,6
3,0,9,4,0,6,0,2,0.5596,0.5202,0.7161,0.4484,8
3,0,9,5,0,6,0,2,0.5859,0.5734,0.8052,0.5004,25
3,0,9,6,0,6,0,1,0.5964,0.532,0.5859,0.1391,64
3,0,9,7,0,6,0,1,0.5001,0.4555,0.6373,0.0996,155
3,0,9,8,0,6,0,2,0.5476,0.5409,0.5855,0.2071,200
3,0,9,9,0,6,0,1,0.5316,0.4929,0.8364,0.1523,143
3,0,9,10,0,6,0,1,0.4139,0.4447,0.8208,0.3272,93
3,0,9,11,0,6,0,1,0.5691,0.549,0.5333,0.4343,96
3,0,9,12,0,6,0,1,0.6143,0.5485,0.7139,0.3413,129
3,0,9,13,0,6,0,1,0.5652,0.4899,0.794,0.0497,146
3,0,9,14,0,6,0,2,0.4818,0.4812,0.4773,0.1293,76
3,0,9,15,0,6,0,1,0.5688,0.5221,0.8348,0.3468,147
3,0,9,16,0,6,0,2,0.6078,0.6049,0.6604,0.4247,133
3,0,9,17,0,6,0,1,0.5986,0.5525,0.6138,0.2374,197
3,0,9,18,0,6,0,1,0.5888,0.5667,0.8358,0.1431,180
3,0,9,19,0,6,0,2,0.4055,0.3752,0.8039,0.129,110
3,0,9,20,0,6,0,2,0.5448,0.5253,0.5039,0.044,89
3,0,9,21,0,6,0,1,0.5621,0.5559,0.7547,0.1223,96
3,0,9,22,0,6,0,2,0.5897,0.5608,0.7499,0.3316,62
3,0,9,23,0,6,0,2,0.553,0.5452,0.4065,0.4448,30
3,0,9,0,0,0,1,1,0.6214,0.5394,0.7357,0.1555,31
3,0,9,1,0,0,1,2,0.3848,0.3781,0.6189,0.5483,9
3,0,9,2,0,0,1,1,0.5519,0.525,0.8039,0.1432,8
3,0,9,3,0,0,1,2,0.5463,0.5111,0.5658,0.4113,8
3,0,9,4,0,0,1,1,0.576,0.4755,0.6831,0.0914,16
3,0,9,5,0,0,1,3,0.6207,0.5397,0.6042,0.3673,34
3,0,9,6,0,0,1,2,0.4506,0.4349,0.5921,0.5302,84
3,0,9,7,0,0,1,2,0.6184,0.5981,0.4058,0.1,206
3,0,9,8,0,0,1,1,0.5698,0.5536,0.7963,0.271,224
3,0,9,9,0,0,1,2,0.4997,0.4745,0.8077,0.0882,158
3,0,9,10,0,0,1,1,0.4492,0.3908,0.677,0.3513,130
3,0,9,11,0,0,1,1,0.5265,0.4694,0.7129,0.5645,128
3,0,9,12,0,0,1,1,0.5328,0.4429,0.5804,0.1543,194
3,0,9,13,0,0,1,2,0.5367,0.5136,0.7974,0.377,138
3,0,9,14,0,0,1,2,0.4689,0.5026,0.698,0.0698,130
3,0,9,15,0,0,1,3,0.5555,0.5249,0.6759,0.1777,142
3,0,9,16,0,0,1,1,0.4844,0.4374,0.845,0.4729,174
3,0,9,17,0,0,1,3,0.598,0.5688,0.5123,0.1893,167
3,0,9,18,0,0,1,2,0.6325,0.5968,0.4354,0.1259,185
3,0,9,19,0,0,1,3,0.4559,0.381,0.7218,0.5105,131
3,0,9,20,0,0,1,2,0.517,0.4988,0.6433,0.1012,110
3,0,9,21,0,0,1,1,0.5808,0.5485,0.5322,0.4125,114
3,0,9,22,0,0,1,3,0.5321,0.5004,0.689,0.2626,66
3,0,9,23,0,0,1,2,0.4181,0.4569,0.712,0.4428,40
3,0,9,0,0,1,1,2,0.5692,0.5377,0.7741,0.0895,27
3,0,9,1,0,1,1,1,0.4662,0.4976,0.5363,0.3655,15
3,0,9,2,0,1,1,1,0.5227,0.4717,0.6195,0.3108,7
3,0,9,3,0,1,1,1,0.439,0.3718,0.7045,0.302,8
3,0,9,4,0,1,1,2,0.5642,0.5117,0.8016,0.3087,11
3,0,9,5,0,1,1,1,0.4791,0.4904,0.7778,0.1562,45
3,0,9,6,0,1,1,3,0.5717,0.5203,0.6095,0.119,66
3,0,9,7,0,1,1,1,0.4936,0.4261,0.7309,0.1037,338
3,0,9,8,0,1,1,1,0.4749,0.4614,0.6061,0.4666,298
3,0,9,9,0,1,1,1,0.5375,0.4991,0.6191,0.2423,173
3,0,9,10,0,1,1,1,0.4334,0.429,0.6312,0.1436,137
3,0,9,11,0,1,1,1,0.6345,0.5826,0.5915,0.4701,150
3,0,9,12,0,1,1,2,0.5216,0.4678,0.7568,0.2577,155
3,0,9,13,0,1,1,4,0.469,0.4953,0.7803,0.2114,85
3,0,9,14,0,1,1,1,0.4807,0.4317,0.6206,0.3594,126
3,0,9,15,0,1,1,1,0.5099,0.4593,0.6895,0.44,162
3,0,9,16,0,1,1,2,0.5783,0.5633,0.6225,0.1859,168
3,0,9,17,0,1,1,1,0.446,0.3401,0.5561,0.1397,237
3,0,9,18,0,1,1,2,0.4828,0.4807,0.5377,0.2499,234
3,0,9,19,0,1,1,2,0.5052,0.5336,0.8784,0.2426,194
3,0,9,20,0,1,1,3,0.6166,0.6117,0.5793,0.4645,98
3,0,9,21,0,1,1,1,0.5786,0.5184,0.7448,0.0914,124
3,0,9,22,0,1,1,3,0.6199,0.5672,0.7154,0.2446,62
3,0,9,23,0,1,1,3,0.5108,0.4872,0.5257,0.0697,42
3,0,9,0,0,2,1,1,0.6047,0.5854,0.7197,0.4034,32
3,0,9,1,0,2,1,2,0.5931,0.6119,0.7042,0.0362,12
3,0,9,2,0,2,1,1,0.5532,0.5726,0.6659,0.1847,10
3,0,9,3,0,2,1,1,0.5588,0.5244,0.6165,0.2106,8
3,0,9,4,0,2,1,3,0.4628,0.4237,0.6685,0.6951,9
3,0,9,5,0,2,1,1,0.6324,0.5773,0.7255,0.5113,40
3,0,9,6,0,2,1,1,0.4873,0.4822,0.5655,0.3539,85
3,0,9,7,0,2,1,1,0.5436,0.5488,0.8413,0.228,247
3,0,9,8,0,2,1,2,0.5518,0.5263,0.7513,0.4404,258
3,0,9,9,1,2,0,3,0.4084,0.388,0.3801,0.4855,43
3,0,9,10,0,2,1,2,0.5009,0.5392,0.6419,0.3801,113
3,0,9,11,0,2,1,2,0.5187,0.5131,0.9244,0.4721,127
3,0,9,12,0,2,1,1,0.4965,0.4101,0.7117,0.294,186
3,0,9,13,0,2,1,2,0.5017,0.4756,0.5818,0.1898,134
3,0,9,14,0,2,1,1,0.6089,0.5845,0.7456,0.1977,138
3,0,9,15,0,2,1,2,0.4465,0.4161,0.4146,0.2209,137
3,0,9,16,0,2,1,2,0.4156,0.4327,0.7011,0.1243,192
3,0,9,17,0,2,1,3,0.4634,0.4303,0.6086,0.6207,192
3,0,9,18,0,2,1,2,0.5565,0.4992,0.6739,0.0609,237
3,0,9,19,0,2,1,2,0.5633,0.5139,0.5092,0.1992,147
3,0,9,20,0,2,1,1,0.5469,0.5397,0.6172,0.1576,167
3,0,9,21,0,2,1,1,0.5683,0.4992,0.3554,0.1848,136
3,0,9,22,0,2,1,2,0.5224,0.4814,0.5945,0.0554,74
3,0,9,23,0,2,1,2,0.4682,0.4702,0.6833,0.2769,39
3,0,9,0,0,3,1,2,0.4341,0.3715,0.8026,0.3663,21
3,0,9,1,0,3,1,2,0.4119,0.3602,0.9647,0.3407,13
3,0,9,2,0,3,1,1,0.4843,0.4093,0.5707,0.4477,8
3,0,9,3,0,3,1,1,0.5554,0.5008,0.7297,0.4971,9
3,0,9,4,0,3,1,1,0.5168,0.4753,0.6287,0.2527,18
3,0,9,5,0,3,1,2,0.5018,0.4696,0.6331,0.2804,33
3,0,9,6,0,3,1,3,0.4263,0.3775,0.6796,0.206,71
3,0,9,7,0,3,1,2,0.6808,0.6353,0.6499,0.2515,237
3,0,9,8,0,3,1,2,0.4424,0.4497,0.8931,0.3046,233
3,0,9,9,0,3,1,2,0.5087,0.4932,0.6332,0.2111,125
3,0,9,10,0,3,1,1,0.5704,0.6059,0.5317,0.4721,128
3,0,9,11,0,3,1,1,0.5032,0.4578,0.691,0.5405,182
3,0,9,12,0,3,1,1,0.4437,0.4081,0.5401,0.3686,205
3,0,9,13,0,3,1,3,0.5568,0.5336,0.6247,0.1649,101
3,0,9,14,0,3,1,1,0.4065,0.3707,0.7962,0.194,121
3,0,9,15,0,3,1,2,0.6222,0.5903,0.6392,0.6314,100
3,0,9,16,0,3,1,1,0.52,0.4364,0.7314,0.2336,236
3,0,9,17,0,3,1,2,0.4825,0.4472,0.6438,0.2438,262
3,0,9,18,0,3,1,1,0.4011,0.4074,0.7003,0.4036,246
3,0,9,19,0,3,1,3,0.4196,0.4557,0.5854,0.4913,118
3,0,9,20,0,3,1,1,0.4966,0.5152,0.7663,0.1776,153
3,0,9,21,0,3,1,3,0.6327,0.6049,0.5108,0.5617,64
3,0,9,22,0,3,1,2,0.5165,0.5051,0.5729,0.0508,75
3,0,9,23,0,3,1,1,0.5245,0.5082,0.6787,0.0838,66
3,0,9,0,0,4,1,2,0.523,0.4802,0.7681,0.5719,25
3,0,9,1,0,4,1,2,0.6615,0.5996,0.6945,0.6276,12
3,0,9,2,0,4,1,1,0.4651,0.4493,0.7306,0.2457,7
3,0,9,3,0,4,1,2,0.6056,0.572,0.5229,0.1999,7
3,0,9,4,0,4,1,2,0.4681,0.4699,0.6312,0.2809,12
3,0,9,5,0,4,1,2,0.4467,0.353,0.6978,0.2574,42
3,0,9,6,0,4,1,2,0.4904,0.4607,0.6759,0.1747,85
3,0,9,7,0,4,1,2,0.4901,0.5019,0.5394,0.4056,190
3,0,9,8,0,4,1,1,0.5353,0.5259,0.568,0.2212,311
3,0,9,9,0,4,1,1,0.3333,0.2872,0.6534,0.2742,173
3,0,9,10,0,4,1,1,0.5063,0.4418,0.7587,0.452,127
3,0,9,11,0,4,1,2,0.4541,0.43,0.9212,0.2399,123
3,0,9,12,0,4,1,1,0.4453,0.4466,0.5383,0.3281,173
3,0,9,13,0,4,1,1,0.4053,0.4005,0.6752,0.4351,158
3,0,9,14,0,4,1,2,0.4705,0.4504,0.5468,0.3933,130
3,0,9,15,0,4,1,1,0.4598,0.4561,0.6662,0.1729,148
3,0,9,16,0,4,1,1,0.4661,0.4506,0.6229,0.2898,211
3,0,9,17,0,4,1,2,0.3813,0.3802,0.7181,0.5345,230
3,0,9,18,0,4,1,2,0.5029,0.5058,0.4306,0.275,254
3,0,9,19,0,4,1,2,0.4406,0.4052,0.6293,0.4074,174
3,0,9,20,0,4,1,1,0.3815,0.3359,0.6822,0.129,127
3,0,9,21,0,4,1,2,0.4576,0.4566,0.6937,0.1865,96
3,0,9,22,0,4,1,3,0.4418,0.4044,0.7085,0.1394,59
3,0,9,23,0,4,1,1,0.4989,0.4155,0.6881,0.261,51
3,0,9,0,0,5,0,1,0.4525,0.4727,0.8201,0.1102,21
3,0,9,1,0,5,0,1,0.3903,0.3784,0.8289,0.1304,12
3,0,9,2,0,5,0,3,0.4296,0.4144,0.6442,0.2005,4
3,0,9,3,0,5,0,1,0.3709,0.3468,0.6068,0.5026,6
3,0,9,4,0,5,0,2,0.5714,0.5679,0.6934,0.5922,7
3,0,9,5,0,5,0,2,0.5826,0.515,0.7662,0.4017,29
3,0,9,6,0,5,0,3,0.5911,0.5616,0.6743,0.3618,52
3,0,9,7,0,5,0,1,0.4505,0.4364,0.5387,0.263,171
3,0,9,8,0,5,0,2,0.5826,0.57,0.7844,0.3656,191
3,0,9,9,0,5,0,3,0.5203,0.443,0.7167,0.5457,76
3,0,9,10,0,5,0,1,0.4342,0.4303,0.8804,0.2236,77
3,0,9,11,0,5,0,2,0.4478,0.4128,0.5796,0.1913,101
3,0,9,12,0,5,0,1,0.4797,0.4362,0.6978,0.5919,121
3,0,9,13,0,5,0,1,0.4989,0.4271,0.7212,0.4271,105
3,0,9,14,0,5,0,1,0.5172,0.5583,0.6425,0.0647,115
3,0,9,15,0,5,0,1,0.4916,0.4632,0.5556,0.7293,116
3,0,9,16,0,5,0,1,0.4674,0.4514,0.703,0.0582,166
3,0,9,17,0,5,0,2,0.5864,0.5255,0.6177,0.4709,141
3,0,9,18,0,5,0,1,0.4838,0.4137,0.6726,0.3224,252
3,0,9,19,0,5,0,1,0.4798,0.4802,0.6743,0.1331,146
3,0,9,20,0,5,0,2,0.4766,0.4122,0.5424,0.0303,92
3,0,9,21,0,5,0,3,0.4838,0.4988,0.6172,0.3462,53
3,0,9,22,0,5,0,1,0.3964,0.4306,0.6202,0.2921,59
3,0,9,23,0,5,0,1,0.4215,0.3772,0.6774,0.2331,37
3,0,9,0,0,6,0,1,0.6587,0.612,0.7264,0.4887,17
3,0,9,1,0,6,0,3,0.372,0.2771,0.708,0.5825,7
3,0,9,2,0,6,0,2,0.5065,0.4289,0.774,0.4363,6
3,0,9,3,0,6,0,2,0.5115,0.5049,0.6882,0.1974,5
3,0,9,4,0,6,0,1,0.5584,0.5681,0.9091,0.365,7
3,0,9,5,0,6,0,2,0.5132,0.4641,0.7163,0.0527,33
3,0,9,6,0,6,0,2,0.6199,0.57,0.5094,0.0574,54
3,0,9,7,0,6,0,1,0.5043,0.4316,0.6229,0.1144,152
3,0,9,8,0,6,0,1,0.5819,0.5189,1.0,0.329,229
3,0,9,9,0,6,0,1,0.5603,0.5722,0.5086,0.2977,133
3,0,9,10,0,6,0,2,0.5955,0.575,0.7268,0.137,95
3,0,9,11,0,6,0,3,0.4893,0.4109,0.9406,0.7013,79
3,0,9,12,0,6,0,1,0.5154,0.5066,0.5223,0.354,146
3,0,9,13,0,6,0,3,0.4617,0.5097,0.86,0.1092,75
3,0,9,14,0,6,0,1,0.4987,0.4619,0.8598,0.227,87
3,0,9,15,0,6,0,2,0.5026,0.4574,0.6377,0.5237,95
3,0,9,16,0,6,0,3,0.3421,0.3424,0.4455,0.1236,105
3,0,9,17,0,6,0,2,0.4775,0.4838,0.7449,0.1888,173
3,0,9,18,0,6,0,1,0.5498,0.547,0.6613,0.2927,202
3,0,9,19,0,6,0,1,0.393,0.3638,0.6495,0.296,145
3,0,9,20,0,6,0,2,0.4185,0.3849,0.7526,0.0495,106
3,0,9,21,0,6,0,2,0.5684,0.4883,0.6735,0.2056,70
3,0,9,22,0,6,0,1,0.5815,0.5156,0.4819,0.3111,61
3,0,9,23,0,6,0,2,0.4441,0.4327,0.6582,0.1248,40
3,0,9,0,0,0,1,1,0.4954,0.4546,0.7157,0.2281,21
3,0,9,1,0,0,1,1,0.4778,0.4613,0.7314,0.1327,17
3,0,9,2,0,0,1,2,0.5656,0.5302,0.8255,0.0857,8
3,0,9,3,0,0,1,1,0.4459,0.4255,0.4393,0.2244,8
3,0,9,4,0,0,1,1,0.4567,0.4345,0.7933,0.3647,13
3,0,9,5,0,0,1,1,0.5771,0.5706,0.6262,0.1928,47
3,0,9,6,0,0,1,3,0.413,0.4178,0.6944,0.1347,81
3,0,9,7,0,0,1,1,0.4484,0.4255,0.7762,0.2355,243
3,0,9,8,0,0,1,1,0.4926,0.4618,0.5808,0.0421,256
3,0,9,9,0,0,1,1,0.5899,0.5593,0.6259,0.2411,208
3,0,9,10,0,0,1,1,0.3997,0.3562,0.7396,0.4753,99
3,0,9,11,0,0,1,1,0.4335,0.4444,0.6009,0.1241,176
3,0,9,12,0,0,1,1,0.5247,0.4816,0.7116,0.348,171
3,0,9,13,0,0,1,1,0.5355,0.504,0.5426,0.2524,149
3,0,9,14,0,0,1,2,0.4981,0.4784,0.8171,0.0845,91
3,0,9,15,0,0,1,1,0.4751,0.4606,0.7621,0.3269,132
3,0,9,16,0,0,1,1,0.4923,0.4758,0.58,0.2153,263
3,0,9,17,0,0,1,2,0.3777,0.3548,0.8026,0.0471,247
3,0,9,18,1,0,0,1,0.4904,0.5152,0.7223,0.2378,105
3,0,9,19,0,0,1,1,0.587,0.5599,0.5571,0.455,186
3,0,9,20,0,0,1,4,0.3908,0.3638,0.7539,0.1068,92
3,0,9,21,0,0,1,2,0.4284,0.4609,0.7571,0.4657,96
3,0,9,22,0,0,1,2,0.4555,0.4094,0.4813,0.2792,77
3,0,9,23,0,0,1,2,0.4599,0.4907,0.3797,0.3131,51
3,0,9,0,0,1,1,3,0.6079,0.5176,0.6229,0.5986,19
3,0,9,1,0,1,1,1,0.4138,0.381,0.5829,0.4145,13
3,0,9,2,1,1,0,1,0.3998,0.3297,0.7476,0.1749,4
3,0,9,3,0,1,1,2,0.533,0.4654,0.5914,0.3287,7
3,0,9,4,0,1,1,1,0.4337,0.4256,0.5991,0.1754,17
3,0,9,5,0,1,1,2,0.5341,0.516,0.8889,0.2078,43
3,0,9,6,0,1,1,1,0.4652,0.4237,0.8226,0.0409,121
3,0,9,7,0,1,1,1,0.5111,0.5346,0.4887,0.4613,200
3,0,9,8,0,1,1,2,0.3692,0.3848,0.8337,0.7354,255
3,0,9,9,0,1,1,2,0.5109,0.4838,0.8599,0.279,166
3,0,9,10,0,1,1,2,0.4942,0.4153,0.6552,0.1117,95
3,0,9,11,0,1,1,1,0.4611,0.4668,0.6251,0.4433,147
3,0,9,12,0,1,1,1,0.3927,0.3586,0.4452,0.3226,232
3,0,9,13,0,1,1,2,0.4942,0.4782,0.5109,0.1781,137
3,0,9,14,0,1,1,1,0.5297,0.5271,0.6588,0.2829,157
3,0,9,15,0,1,1,2,0.4418,0.4077,0.6157,0.1429,159
3,0,9,16,0,1,1,2,0.4432,0.4594,0.631,0.3886,166
3,0,9,17,1,1,0,1,0.5346,0.4964,0.7151,0.2034,127
3,0,9,18,0,1,1,1,0.5987,0.5849,0.8853,0.0971,259
3,0,9,19,0,1,1,2,0.5448,0.5402,0.6015,0.384,128
3,0,9,20,0,1,1,1,0.495,0.4977,0.6017,0.2264,141
3,0,9,21,0,1,1,1,0.462,0.4912,0.6563,0.5043,125
3,0,9,22,0,1,1,3,0.4771,0.4285,0.6409,0.1486,62
3,0,9,23,0,1,1,1,0.3862,0.3329,0.8756,0.3302,51
3,0,9,0,0,2,1,2,0.4639,0.4311,0.6488,0.3038,28
3,0,9,1,0,2,1,1,0.5531,0.6168,0.7816,0.134,15
3,0,9,2,0,2,1,1,0.4775,0.4941,0.983,0.2069,10
3,0,9,3,0,2,1,2,0.4309,0.3929,0.8809,0.2251,7
3,0,9,4,0,2,1,1,0.4244,0.3928,0.6506,0.2473,18
3,0,9,5,0,2,1,2,0.4725,0.4484,0.6164,0.2149,40
3,0,9,6,0,2,1,1,0.3883,0.3771,0.5577,0.2513,112
3,0,9,7,0,2,1,2,0.4111,0.4098,0.6849,0.4031,208
3,0,9,8,0,2,1,2,0.582,0.5734,0.4831,0.6491,228
3,0,9,9,0,2,1,2,0.4022,0.418,0.9412,0.1747,129
3,0,9,10,0,2,1,1,0.4186,0.4578,0.607,0.2779,114
3,0,9,11,0,2,1,1,0.4951,0.4663,0.6771,0.4557,174
3,0,9,12,0,2,1,1,0.4438,0.4152,0.7052,0.4015,184
3,0,9,13,0,2,1,3,0.4809,0.4459,0.5286,0.1331,127
3,0,9,14,0,2,1,2,0.5351,0.5,0.7927,0.0835,122
3,0,9,15,0,2,1,2,0.3664,0.3592,0.7294,0.2432,138
3,0,9,16,0,2,1,1,0.5275,0.5202,0.6398,0.1785,230
3,0,9,17,0,2,1,1,0.4339,0.464,0.7183,0.3287,313
3,0,9,18,0,2,1,1,0.4547,0.4107,0.6628,0.2415,226
3,0,9,19,0,2,1,1,0.6093,0.5895,0.6711,0.2478,190
3,0,9,20,0,2,1,1,0.3765,0.3325,0.5925,0.2316,161
3,0,9,21,0,2,1,1,0.5161,0.5024,0.6873,0.2074,84
3,0,9,22,0,2,1,1,0.5537,0.6062,0.7233,0.4849,88
3,0,9,23,0,2,1,2,0.4269,0.4014,0.5739,0.3354,45
3,0,9,0,0,3,1,1,0.4237,0.4761,0.7074,0.0965,32
3,0,9,1,0,3,1,1,0.4446,0.3973,0.4417,0.1755,12
3,0,9,2,0,3,1,2,0.4222,0.3872,0.822,0.3273,8
3,0,9,3,0,3,1,2,0.4751,0.441,0.5261,0.161,6
3,0,9,4,0,3,1,1,0.5329,0.5115,0.466,0.238,13
3,0,9,5,0,3,1,2,0.445,0.4181,0.6129,0.1863,39
3,0,9,6,0,3,1,2,0.5354,0.5316,0.7006,0.1813,80
3,0,9,7,0,3,1,2,0.5685,0.4576,0.6377,0.3226,198
3,0,9,8,0,3,1,3,0.5006,0.4462,0.7711,0.1444,184
3,0,9,9,0,3,1,1,0.5072,0.5387,0.6451,0.2762,167
3,0,9,10,0,3,1,2,0.4288,0.3652,0.65,0.0497,128
3,0,9,11,0,3,1,1,0.2868,0.2618,0.6584,0.0693,172
3,0,9,12,0,3,1,1,0.5114,0.5042,0.88,0.4682,215
3,0,9,13,0,3,1,1,0.5262,0.4985,0.6258,0.334,154
3,0,9,14,0,3,1,1,0.4874,0.4375,0.9776,0.2732,146
3,0,9,15,0,3,1,1,0.5341,0.5208,0.9146,0.2082,176
3,0,9,16,0,3,1,2,0.432,0.4355,0.5344,0.4214,226
3,0,9,17,0,3,1,1,0.5067,0.4635,0.7883,0.279,376
3,0,9,18,0,3,1,1,0.5735,0.557,0.6032,0.3066,266
3,0,9,19,0,3,1,1,0.517,0.517,0.6949,0.4825,169
3,0,9,20,0,3,1,1,0.5644,0.5686,0.4853,0.6471,126
3,0,9,21,0,3,1,2,0.5649,0.5477,0.6673,0.0754,116
3,0,9,22,0,3,1,1,0.3849,0.417,1.0,0.0888,86
3,0,9,23,0,3,1,2,0.5208,0.4961,0.5846,0.2498,52
4,0,10,0,0,4,1,4,0.4219,0.3713,0.7701,0.2825,14
4,0,10,1,0,4,1,1,0.3886,0.3626,0.6962,0.4495,14
4,0,10,2,0,4,1,1,0.4461,0.4602,0.6177,0.1468,9
4,0,10,3,0,4,1,3,0.5889,0.5327,0.8275,0.3616,6
4,0,10,4,0,4,1,2,0.4281,0.3394,0.6266,0.2246,14
4,0,10,5,0,4,1,3,0.3431,0.3397,0.6773,0.3467,32
4,0,10,6,0,4,1,2,0.365,0.3334,0.7104,0.1771,97
4,0,10,7,0,4,1,2,0.4996,0.5421,0.8283,0.2125,213
4,0,10,8,1,4,0,1,0.413,0.4004,0.6352,0.0615,108
4,0,10,9,0,4,1,1,0.3231,0.3441,0.9532,0.4819,179
4,0,10,10,0,4,1,2,0.3678,0.3347,0.4667,0.4125,97
4,0,10,11,0,4,1,2,0.4778,0.4717,0.6098,0.0871,132
4,0,10,12,0,4,1,2,0.5207,0.5058,0.8302,0.5096,144
4,0,10,13,0,4,1,4,0.4349,0.4546,0.6135,0.2368,108
4,0,10,14,0,4,1,1,0.5116,0.4917,0.7024,0.1846,139
4,0,10,15,1,4,0,1,0.5302,0.488,0.5661,0.1298,73
4,0,10,16,0,4,1,3,0.4113,0.4219,0.5112,0.329,178
4,0,10,17,0,4,1,2,0.4576,0.4133,0.6196,0.2379,223
4,0,10,18,0,4,1,2,0.4241,0.3784,0.7723,0.1169,256
4,0,10,19,0,4,1,2,0.5038,0.4773,0.6091,0.0734,160
4,0,10,20,0,4,1,4,0.4233,0.3923,0.6707,0.2586,79
4,0,10,21,0,4,1,1,0.3812,0.3626,0.6213,0.2564,110
4,0,10,22,0,4,1,1,0.4698,0.4263,0.7632,0.0969,84
4,0,10,23,0,4,1,1,0.5439,0.5503,0.4892,0.306,58
4,0,10,0,0,5,0,1,0.4976,0.5059,0.6681,0.2707,23
4,0,10,1,0,5,0,2,0.5323,0.5306,0.6397,0.4711,11
4,0,10,2,0,5,0,1,0.5262,0.5218,0.5723,0.3346,5
4,0,10,3,0,5,0,2,0.4648,0.3861,0.8275,0.0729,6
4,0,10,4,0,5,0,1,0.42,0.4025,0.4734,0.3644,10
4,0,10,5,0,5,0,2,0.4009,0.4066,0.725,0.0656,27
4,0,10,6,0,5,0,1,0.3508,0.3735,0.736,0.0716,74
4,0,10,7,0,5,0,2,0.5451,0.5117,0.6343,0.171,167
4,0,10,8,0,5,0,1,0.4387,0.4559,0.915,0.2478,224
4,0,10,9,0,5,0,1,0.3425,0.3346,0.7332,0.2325,114
4,0,10,10,0,5,0,1,0.5482,0.4433,0.5954,0.4774,97
4,0,10,11,0,5,0,2,0.4684,0.442,0.7552,0.4971,90
4,0,10,12,0,5,0,2,0.5296,0.4779,0.6249,0.611,98
4,0,10,13,0,5,0,3,0.4435,0.403,0.6329,0.1659,69
4,0,10,14,0,5,0,3,0.4063,0.4175,0.8167,0.0942,60
4,0,10,15,0,5,0,1,0.493,0.4773,0.7466,0.3235,117
4,0,10,16,0,5,0,1,0.4988,0.4583,0.8104,0.2583,145
4,0,10,17,0,5,0,1,0.4422,0.3998,0.3835,0.4251,199
4,0,10,18,0,5,0,1,0.5538,0.5392,0.7245,0.0906,206
4,0,10,19,0,5,0,1,0.528,0.4961,0.8644,0.2101,131
4,0,10,20,0,5,0,3,0.5014,0.4972,0.5477,0.1724,72
4,0,10,21,0,5,0,3,0.3841,0.3401,0.703,0.5701,44
4,0,10,22,0,5,0,1,0.3743,0.3441,0.6557,0.2935,70
4,0,10,23,1,5,0,2,0.5458,0.4849,0.7691,0.2183,24
4,0,10,0,0,6,0,2,0.3043,0.2725,0.6175,0.8073,15
4,0,10,1,0,6,0,1,0.4512,0.4939,0.7784,0.1403,10
4,0,10,2,0,6,0,3,0.4678,0.4223,0.6485,0.2441,4
4,0,10,3,0,6,0,3,0.4233,0.3879,1.0,0.2848,4
4,0,10,4,0,6,0,3,0.4551,0.4076,0.727,0.1932,8
4,0,10,5,0,6,0,2,0.487,0.4571,0.9582,0.225,26
4,0,10,6,0,6,0,1,0.4164,0.3934,0.7613,0.0418,75
4,0,10,7,0,6,0,1,0.5192,0.5298,0.638,0.4815,173
4,0,10,8,0,6,0,4,0.4983,0.4612,0.6886,0.075,126
4,0,10,9,0,6,0,1,0.4449,0.4261,0.7302,0.2297,151
4,0,10,10,0,6,0,1,0.3997,0.3235,0.4082,0.4355,100
4,0,10,11,0,6,0,1,0.4512,0.4027,0.7991,0.0413,101
4,0,10,12,0,6,0,2,0.6053,0.6076,0.704,0.4896,108
4,0,10,13,0,6,0,1,0.4045,0.3586,0.7491,0.4574,104
4,0,10,14,0,6,0,2,0.5647,0.5595,0.7579,0.3821,69
4,0,10,15,0,6,0,2,0.3347,0.2902,0.5283,0.1127,99
4,0,10,16,0,6,0,1,0.3973,0.3722,0.6941,0.3351,166
4,0,10,17,0,6,0,1,0.4195,0.45,0.6844,0.391,184
4,0,10,18,0,6,0,2,0.524,0.5201,0.5341,0.5011,146
4,0,10,19,0,6,0,2,0.4614,0.3798,0.8576,0.0717,119
4,0,10,20,0,6,0,3,0.5492,0.6184,0.9081,0.1042,78
4,0,10,21,0,6,0,2,0.4342,0.3814,0.6368,0.1299,63
4,0,10,22,0,6,0,1,0.4538,0.4871,0.7444,0.098,76
4,0,10,23,0,6,0,2,0.4345,0.3994,0.6758,0.1493,38
4,0,10,0,0,0,1,2,0.5951,0.5285,0.6394,0.2714,24
4,0,10,1,0,0,1,2,0.3748,0.3425,0.6289,0.517,15
4,0,10,2,0,0,1,2,0.4177,0.3772,0.531,0.1718,7
4,0,10,3,0,0,1,1,0.3848,0.3491,0.7258,0.4722,8
4,0,10,4,0,0,1,2,0.4934,0.4705,0.6054,0.2413,13
4,0,10,5,0,0,1,2,0.3734,0.369,0.7537,0.2292,39
4,0,10,6,0,0,1,1,0.5808,0.5944,0.6276,0.2296,118
4,0,10,7,0,0,1,2,0.4589,0.4424,0.5397,0.2794,229
4,0,10,8,0,0,1,1,0.4821,0.4603,0.598,0.5738,283
4,0,10,9,0,0,1,2,0.4856,0.4397,0.7226,0.0854,163
4,0,10,10,0,0,1,2,0.4518,0.4208,0.6379,0.2334,97
4,0,10,11,0,0,1,1,0.4617,0.4235,0.5682,0.4791,186
4,0,10,12,0,0,1,1,0.4592,0.395,0.8719,0.1379,177
4,0,10,13,0,0,1,2,0.4896,0.5416,0.5158,0.4862,135
4,0,10,14,0,0,1,1,0.3957,0.3832,0.8351,0.3905,145
4,0,10,15,0,0,1,1,0.3838,0.3722,0.8139,0.1526,153
4,0,10,16,0,0,1,2,0.5107,0.5217,0.7848,0.251,214
4,0,10,17,0,0,1,1,0.4531,0.353,0.7703,0.3379,256
4,0,10,18,0,0,1,2,0.3128,0.3643,0.586,0.0711,230
4,0,10,19,0,0,1,1,0.42,0.3732,0.6124,0.3921,193
4,0,10,20,0,0,1,1,0.5603,0.5058,0.9095,0.4806,113
4,0,10,21,0,0,1,1,0.442,0.4036,0.8056,0.4393,115
4,0,10,22,0,0,1,3,0.4161,0.4248,0.7391,0.2777,58
4,0,10,23,0,0,1,2,0.3486,0.3955,0.6109,0.3032,59
4,0,10,0,0,1,1,1,0.4092,0.4379,0.573,0.1545,30
4,0,10,1,0,1,1,1,0.3675,0.3346,0.5401,0.3558,14
4,0,10,2,0,1,1,2,0.479,0.4011,0.5963,0.5176,7
4,0,10,3,0,1,1,2,0.4524,0.4173,0.6476,0.3235,7
4,0,10,4,0,1,1,1,0.4235,0.3831,0.7,0.2484,17
4,0,10,5,0,1,1,1,0.3956,0.3264,0.8245,0.2248,29
4,0,10,6,0,1,1,2,0.5558,0.5455,0.9367,0.4332,91
4,0,10,7,0,1,1,2,0.3996,0.3797,0.8609,0.0901,220
4,0,10,8,0,1,1,2,0.3998,0.3948,0.5288,0.0867,214
4,0,10,9,0,1,1,2,0.4319,0.4323,0.5894,0.4721,142
4,0,10,10,1,1,0,2,0.4417,0.4402,0.5659,0.1322,49
4,0,10,11,0,1,1,2,0.4827,0.4566,0.8126,0.4462,130
4,0,10,12,0,1,1,2,0.5141,0.5376,0.7762,0.2938,159
4,0,10,13,0,1,1,2,0.5088,0.4687,0.6237,0.2071,115
4,0,10,14,0,1,1,1,0.619,0.5689,0.67,0.6397,116
4,0,10,15,0,1,1,3,0.3304,0.3069,0.7105,0.2153,123
4,0,10,16,0,1,1,1,0.4651,0.458,0.7505,0.358,221
4,0,10,17,0,1,1,2,0.4125,0.4123,0.8337,0.1754,222
4,0,10,18,0,1,1,2,0.5896,0.5499,0.7098,0.2075,215
4,0,10,19,0,1,1,3,0.4612,0.4286,0.6601,0.3462,133
4,0,10,20,0,1,1,1,0.3068,0.3306,0.7345,0.2029,141
4,0,10,21,0,1,1,3,0.4793,0.4161,0.66,0.1102,85
4,0,10,22,0,1,1,1,0.4676,0.5266,0.7332,0.2356,87
4,0,10,23,0,1,1,1,0.502,0.4678,0.6628,0.1482,59
4,0,10,0,1,2,0,3,0.394,0.3681,0.8282,0.2276,7
4,0,10,1,0,2,1,1,0.4676,0.4553,0.8385,0.3645,16
4,0,10,2,0,2,1,2,0.4257,0.4204,0.6615,0.3257,8
4,0,10,3,0,2,1,1,0.3976,0.3581,0.9345,0.2994,8
4,0,10,4,0,2,1,3,0.4686,0.4553,0.7094,0.5403,10
4,0,10,5,0,2,1,2,0.4553,0.4045,0.7355,0.5947,39
4,0,10,6,0,2,1,1,0.5181,0.4743,0.8575,0.2188,103
4,0,10,7,0,2,1,2,0.4465,0.376,0.9277,0.1667,219
4,0,10,8,0,2,1,1,0.4869,0.4668,0.8262,0.172,287
4,0,10,9,1,2,0,2,0.3601,0.3368,0.7244,0.0792,72
4,0,10,10,0,2,1,2,0.5422,0.4547,0.6394,0.0854,112
4,0,10,11,0,2,1,2,0.3902,0.3503,0.7227,0.104,126
4,0,10,12,0,2,1,2,0.5078,0.4816,0.7567,0.1663,140
4,0,10,13,0,2,1,2,0.463,0.4657,0.7348,0.2361,110
4,0,10,14,0,2,1,2,0.4542,0.393,0.6573,0.1004,152
4,0,10,15,0,2,1,3,0.4978,0.4639,0.5937,0.4445,95
4,0,10,16,0,2,1,1,0.2948,0.2471,0.7085,0.8163,198
4,0,10,17,0,2,1,1,0.4045,0.406,0.6043,0.145,271
4,0,10,18,0,2,1,2,0.4969,0.452,0.4808,0.4047,216
4,0,10,19,0,2,1,1,0.5792,0.5658,0.5752,0.3178,238
4,0,10,20,0,2,1,1,0.4429,0.41,0.6271,0.4142,138
4,0,10,21,0,2,1,2,0.274,0.2092,0.5858,0.655,80
4,0,10,22,1,2,0,2,0.4224,0.3992,0.7057,0.1633,31
4,0,10,23,0,2,1,1,0.4404,0.3829,0.5274,0.3919,59
4,0,10,0,1,3,0,1,0.518,0.5257,0.54,0.2534,13
4,0,10,1,0,3,1,1,0.4437,0.4761,0.8286,0.1909,14
4,0,10,2,0,3,1,1,0.3509,0.3525,0.7892,0.5752,9
4,0,10,3,0,3,1,1,0.5078,0.4632,0.7137,0.4859,8
4,0,10,4,0,3,1,2,0.4801,0.4568,0.8447,0.0428,13
4,0,10,5,0,3,1,1,0.3914,0.3805,0.5908,0.5096,37
4,0,10,6,0,3,1,2,0.4907,0.4987,0.7646,0.2556,106
4,0,10,7,0,3,1,3,0.4021,0.3763,0.6526,0.1424,157
4,0,10,8,0,3,1,1,0.4194,0.4107,0.8538,0.3027,345
4,0,10,9,0,3,1,3,0.4032,0.3327,0.7028,0.2568,109
4,0,10,10,0,3,1,1,0.4186,0.4049,0.5691,0.4443,116
4,0,10,11,0,3,1,2,0.5038,0.4528,0.8384,0.1815,143
4,0,10,12,0,3,1,4,0.3153,0.3008,0.627,0.264,98
4,0,10,13,0,3,1,2,0.5176,0.4606,0.5331,0.3933,131
4,0,10,14,0,3,1,1,0.4527,0.4424,0.8571,0.2061,104
4,0,10,15,0,3,1,1,0.413,0.4115,0.7509,0.2525,140
4,0,10,16,1,3,0,1,0.4418,0.4127,0.5704,0.2024,99
4,0,10,17,0,3,1,3,0.3767,0.3319,0.6616,0.0958,212
4,0,10,18,0,3,1,1,0.3261,0.327,0.6581,0.1846,223
4,0,10,19,0,3,1,2,0.3787,0.4064,0.5668,0.146,163
4,0,10,20,0,3,1,1,0.3076,0.3499,0.5711,0.3772,119
4,0,10,21,0,3,1,1,0.3456,0.3402,0.662,0.1813,126
4,0,10,22,0,3,1,1,0.3267,0.3187,0.7919,0.1265,104
4,0,10,23,1,3,0,1,0.526,0.4602,0.774,0.2691,20
4,0,10,0,0,4,1,2,0.3461,0.3682,0.6079,0.2025,26
4,0,10,1,0,4,1,1,0.4331,0.3418,0.7738,0.249,12
4,0,10,2,0,4,1,1,0.5142,0.5242,0.8527,0.6412,9
4,0,10,3,0,4,1,2,0.4955,0.4715,0.5708,0.1052,10
4,0,10,4,0,4,1,1,0.4154,0.3216,0.762,0.2264,15
4,0,10,5,0,4,1,2,0.4157,0.405,0.6756,0.0867,34
4,0,10,6,0,4,1,2,0.4486,0.4215,0.6411,0.1533,88
4,0,10,7,0,4,1,2,0.5839,0.5412,0.6757,0.3612,204
4,0,10,8,0,4,1,1,0.4649,0.4336,0.7712,0.255,317
4,0,10,9,0,4,1,1,0.4828,0.4581,0.5224,0.364,153
4,0,10,10,0,4,1,2,0.5947,0.5643,0.6739,0.1089,111
4,0,10,11,0,4,1,3,0.4555,0.3884,0.6299,0.4877,120
4,0,10,12,0,4,1,1,0.5164,0.5026,0.6763,0.2318,204
4,0,10,13,0,4,1,1,0.4695,0.4346,0.6516,0.7429,135
4,0,10,14,0,4,1,1,0.4684,0.4926,0.5836,0.2233,162
4,0,10,15,0,4,1,2,0.3686,0.376,0.9,0.1118,134
4,0,10,16,0,4,1,1,0.357,0.3683,0.3597,0.6493,161
4,0,10,17,0,4,1,3,0.4002,0.436,0.7422,0.797,155
4,0,10,18,0,4,1,1,0.4978,0.4949,0.7432,0.2051,305
4,0,10,19,0,4,1,3,0.4944,0.4653,0.6832,0.5218,143
4,0,10,20,0,4,1,1,0.5293,0.4261,0.7071,0.3935,154
4,0,10,21,0,4,1,1,0.4352,0.4207,0.7501,0.3342,129
4,0,10,22,0,4,1,1,0.4737,0.5019,0.6106,0.3895,93
4,0,10,23,0,4,1,1,0.474,0.4771,0.6299,0.0388,56
4,0,10,0,0,5,0,4,0.4242,0.3878,0.6359,0.2434,10
4,0,10,1,0,5,0,1,0.4092,0.3906,0.7312,0.4524,9
4,0,10,2,0,5,0,1,0.3278,0.2947,0.7356,0.5522,6
4,0,10,3,0,5,0,3,0.421,0.4092,0.548,0.3739,5
4,0,10,4,0,5,0,1,0.4244,0.3879,0.6669,0.4057,11
4,0,10,5,0,5,0,1,0.5111,0.5288,0.6009,0.2181,38
4,0,10,6,0,5,0,1,0.518,0.4957,0.5623,0.2107,85
4,0,10,7,0,5,0,1,0.4419,0.4276,0.6181,0.1165,195
4,0,10,8,0,5,0,3,0.5762,0.5225,0.5407,0.4518,147
4,0,10,9,0,5,0,1,0.445,0.4102,0.4585,0.2249,122
4,0,10,10,0,5,0,2,0.504,0.4442,0.6851,0.2059,82
4,0,10,11,0,5,0,1,0.4247,0.446,0.788,0.2271,104
4,0,10,12,0,5,0,1,0.3519,0.3189,0.6381,0.0316,109
4,0,10,13,0,5,0,2,0.402,0.3867,0.7857,0.2621,116
4,0,10,14,0,5,0,2,0.5349,0.4617,0.7675,0.0892,78
4,0,10,15,0,5,0,2,0.4132,0.3556,0.5706,0.1561,98
4,0,10,16,0,5,0,1,0.3991,0.3716,0.5758,0.5737,146
4,0,10,17,0,5,0,1,0.4314,0.4005,0.5028,0.3016,194
4,0,10,18,0,5,0,2,0.4045,0.3916,0.7032,0.2804,136
4,0,10,19,0,5,0,2,0.5153,0.5499,0.7358,0.401,99
4,0,10,20,0,5,0,1,0.5637,0.475,0.6739,0.3516,78
4,0,10,21,0,5,0,1,0.4321,0.4399,0.5815,0.1514,87
4,0,10,22,0,5,0,2,0.4696,0.461,0.6645,0.1048,64
4,0,10,23,0,5,0,1,0.4998,0.4562,0.7572,0.004,45
4,0,10,0,0,6,0,2,0.435,0.4003,0.7447,0.213,16
4,0,10,1,0,6,0,2,0.366,0.3813,0.7354,0.4612,8
4,0,10,2,0,6,0,1,0.3988,0.377,0.7113,0.1269,7
4,0,10,3,0,6,0,2,0.4563,0.4238,0.8109,0.1335,6
4,0,10,4,0,6,0,2,0.455,0.4008,0.556,0.019,8
4,0,10,5,0,6,0,2,0.302,0.2618,0.6005,0.3583,22
4,0,10,6,0,6,0,3,0.3969,0.3405,0.5609,0.2071,45
4,0,10,7,0,6,0,2,0.3758,0.3836,0.6242,0.529,139
4,0,10,8,0,6,0,1,0.4892,0.4412,0.8486,0.3123,170
4,0,10,9,0,6,0,1,0.3786,0.3238,0.5816,0.1414,113
4,0,10,10,0,6,0,2,0.3952,0.3806,0.5837,0.1149,80
4,0,10,11,0,6,0,1,0.3927,0.3486,0.4682,0.4083,132
4,0,10,12,0,6,0,2,0.4828,0.5051,0.7488,0.245,107
4,0,10,13,0,6,0,1,0.4953,0.4717,0.6678,0.2851,124
4,0,10,14,0,6,0,1,0.462,0.445,0.8385,0.1072,81
4,0,10,15,0,6,0,1,0.5049,0.4859,0.8393,0.1014,114
4,0,10,16,0,6,0,3,0.5139,0.5053,0.5374,0.497,82
4,0,10,17,0,6,0,2,0.3007,0.307,0.6626,0.231,170
4,0,10,18,0,6,0,2,0.4689,0.4463,0.8233,0.0541,142
4,0,10,19,0,6,0,1,0.4016,0.351,0.5826,0.5702,128
4,0,10,20,0,6,0,3,0.3395,0.3179,0.7887,0.3072,65
4,0,10,21,0,6,0,3,0.4051,0.3866,0.3723,0.5356,63
4,0,10,22,0,6,0,1,0.4786,0.4057,0.6636,0.2384,60
4,0,10,23,0,6,0,2,0.5293,0.4397,0.5955,0.1063,35
4,0,10,0,0,0,1,3,0.329,0.2762,0.7982,0.0733,20
4,0,10,1,0,0,1,1,0.4664,0.3846,0.6251,0.1906,15
4,0,10,2,0,0,1,1,0.5607,0.5181,0.7689,0.1367,9
4,0,10,3,0,0,1,2,0.5513,0.5006,0.7334,0.0907,7
4,0,10,4,0,0,1,1,0.1814,0.175,0.58,0.1686,14
4,0,10,5,0,0,1,2,0.5757,0.5682,0.7772,0.087,41
4,0,10,6,0,0,1,2,0.4904,0.4746,0.7359,0.1576,105
4,0,10,7,0,0,1,1,0.2616,0.2616,0.4895,0.5474,243
4,0,10,8,0,0,1,1,0.3696,0.3795,0.7334,0.124,316
4,0,10,9,0,0,1,2,0.5112,0.4759,0.6141,0.3587,170
4,0,10,10,0,0,1,1,0.4484,0.3478,0.7266,0.2261,113
4,0,10,11,0,0,1,1,0.383,0.3115,0.7011,0.36,183
4,0,10,12,0,0,1,1,0.4278,0.4214,0.7921,0.2027,196
4,0,10,13,0,0,1,2,0.4614,0.4442,0.7846,0.1535,131
4,0,10,14,0,0,1,1,0.3826,0.3843,0.5768,0.5589,119
4,0,10,15,0,0,1,1,0.4143,0.4788,0.6089,0.2288,179
4,0,10,16,1,0,0,2,0.4859,0.4682,0.6405,0.2205,76
4,0,10,17,0,0,1,1,0.3741,0.3525,0.7988,0.2802,280
4,0,10,18,0,0,1,2,0.3282,0.3221,0.6223,0.2406,223
4,0,10,19,0,0,1,1,0.3785,0.3239,0.7092,0.0905,218
4,0,10,20,0,0,1,2,0.3609,0.3655,0.7792,0.0079,109
4,0,10,21,0,0,1,1,0.3808,0.3566,0.6763,0.2099,114
4,0,10,22,0,0,1,1,0.3022,0.3376,0.8783,0.4637,92
4,0,10,23,1,0,0,1,0.4396,0.3696,0.6054,0.1852,29
4,0,10,0,0,1,1,3,0.4796,0.4558,0.735,0.1884,19
4,0,10,1,0,1,1,2,0.3621,0.3251,0.7176,0.1669,15
4,0,10,2,0,1,1,1,0.3732,0.3226,0.6853,0.112,9
4,0,10,3,0,1,1,1,0.4058,0.4042,0.414,0.3832,7
4,0,10,4,0,1,1,1,0.3551,0.3278,0.637,0.0868,16
4,0,10,5,0,1,1,1,0.4877,0.5033,0.4609,0.1706,44
4,0,10,6,1,1,0,1,0.3567,0.3229,0.6104,0.7232,35
4,0,10,7,0,1,1,3,0.3821,0.3512,0.6608,0.0721,139
4,0,10,8,0,1,1,1,0.3655,0.4076,0.9461,0.4488,278
4,0,10,9,0,1,1,3,0.4894,0.4244,0.7604,0.282,130
4,0,10,10,0,1,1,1,0.4027,0.3591,0.5461,0.1711,139
4,0,10,11,0,1,1,2,0.5584,0.4378,0.6937,0.4172,129
4,0,10,12,0,1,1,1,0.4436,0.4081,0.7202,0.0645,168
4,0,10,13,0,1,1,1,0.5,0.4957,0.6817,0.3021,184
4,0,10,14,0,1,1,2,0.3962,0.3887,0.6718,0.3895,114
4,0,10,15,0,1,1,1,0.3529,0.3396,0.6031,0.4712,89
4,0,10,16,0,1,1,3,0.4166,0.3694,0.7129,0.2865,141
4,0,10,17,0,1,1,2,0.3713,0.3471,0.701,0.1976,259
4,0,10,18,0,1,1,3,0.279,0.2531,0.7512,0.0845,206
4,0,10,19,0,1,1,2,0.4898,0.4652,0.7703,0.0394,190
4,0,10,20,0,1,1,1,0.4212,0.4053,0.7664,0.123,158
4,0,10,21,0,1,1,1,0.3699,0.3408,0.6825,0.299,105
4,0,10,22,0,1,1,2,0.4452,0.4237,0.6502,0.2441,87
4,0,10,23,0,1,1,1,0.4222,0.3981,0.7586,0.1296,67
4,0,10,0,0,2,1,2,0.5133,0.4674,0.5709,0.3571,24
4,0,10,1,0,2,1,1,0.4449,0.4251,0.3728,0.369,15
4,0,10,2,0,2,1,2,0.4036,0.3451,0.461,0.3757,7
4,0,10,3,0,2,1,1,0.4632,0.4454,0.4446,0.1833,8
4,0,10,4,0,2,1,1,0.4121,0.3582,0.737,0.1918,15
4,0,10,5,0,2,1,3,0.4275,0.4053,0.6854,0.0441,35
4,0,10,6,0,2,1,2,0.5004,0.4894,0.764,0.0954,91
4,0,10,7,0,2,1,1,0.3328,0.2884,0.7316,0.0143,248
4,0,10,8,0,2,1,1,0.3542,0.3675,0.794,0.5052,249
4,0,10,9,0,2,1,2,0.3853,0.4196,0.8051,0.2326,167
4,0,10,10,0,2,1,1,0.3955,0.3562,0.7829,0.6586,128
4,0,10,11,0,2,1,2,0.4956,0.4665,0.7855,0.2965,116
4,0,10,12,0,2,1,2,0.3156,0.3362,0.8661,0.5069,156
4,0,10,13,0,2,1,1,0.4125,0.338,0.9193,0.5767,148
4,0,10,14,0,2,1,1,0.3761,0.3583,0.6785,0.2853,159
4,0,10,15,0,2,1,1,0.5336,0.4979,0.8539,0.0288,157
4,0,10,16,0,2,1,1,0.4765,0.4797,0.5995,0.3328,203
4,0,10,17,0,2,1,2,0.4313,0.4024,0.6061,0.1832,215
4,0,10,18,0,2,1,1,0.4824,0.4719,0.8685,0.2749,309
4,0,10,19,0,2,1,3,0.3223,0.2814,0.6817,0.1876,161
4,0,10,20,0,2,1,2,0.5565,0.5573,0.4696,0.2855,135
4,0,10,21,0,2,1,1,0.3557,0.3043,0.5257,0.1121,113
4,0,10,22,0,2,1,2,0.5026,0.5036,0.5767,0.5628,55
4,0,10,23,0,2,1,1,0.4532,0.4329,0.5285,0.3646,52
4,0,10,0,0,3,1,1,0.4289,0.3368,0.7337,0.3331,21
4,0,10,1,0,3,1,2,0.4954,0.4725,0.5658,0.1314,11
4,0,10,2,0,3,1,1,0.4801,0.4743,0.6358,0.2341,8
4,0,10,3,0,3,1,1,0.4179,0.3601,0.5965,0.165,9
4,0,10,4,0,3,1,1,0.3808,0.3364,0.5055,0.4033,15
4,0,10,5,0,3,1,1,0.419,0.4007,0.5113,0.5714,43
4,0,10,6,0,3,1,2,0.4032,0.3677,0.7787,0.3857,97
4,0,10,7,0,3,1,4,0.4351,0.4233,0.7086,0.0961,127
4,0,10,8,0,3,1,2,0.4818,0.4514,0.2856,0.096,213
4,0,10,9,0,3,1,3,0.4432,0.3814,0.5932,0.1692,104
4,0,10,10,0,3,1,2,0.4233,0.472,0.7765,0.22,92
4,0,10,11,0,3,1,1,0.3646,0.3362,0.7371,0.2152,177
4,0,10,12,0,3,1,3,0.4331,0.4152,0.9244,0.128,119
4,0,10,13,0,3,1,1,0.2916,0.3302,0.6384,0.1385,123
4,0,10,14,0,3,1,1,0.3545,0.3627,0.7144,0.2764,136
4,0,10,15,0,3,1,3,0.4528,0.4466,0.5634,0.2923,105
4,0,10,16,0,3,1,2,0.4723,0.4804,0.4838,0.3811,182
4,0,10,17,0,3,1,3,0.4089,0.405,0.7131,0.4686,188
4,0,10,18,0,3,1,1,0.4244,0.4198,0.6222,0.1587,218
4,0,10,19,0,3,1,2,0.4363,0.4315,0.9892,0.1363,203
4,0,10,20,0,3,1,1,0.4581,0.4301,0.5988,0.069,140
4,0,10,21,0,3,1,1,0.3963,0.4087,0.6188,0.0844,90
4,0,10,22,0,3,1,3,0.3416,0.3447,0.6791,0.3202,71
4,0,10,23,0,3,1,1,0.4375,0.3466,0.7822,0.0898,65
4,0,10,0,0,4,1,2,0.5432,0.5416,0.7719,0.3753,19
4,0,10,1,0,4,1,3,0.3415,0.3007,0.4699,0.4553,8
4,0,10,2,0,4,1,3,0.3972,0.3847,0.8261,0.3014,7
4,0,10,3,0,4,1,1,0.3791,0.31,0.6496,0.1629,8
4,0,10,4,0,4,1,1,0.575,0.5288,0.3478,0.3138,12
4,0,10,5,0,4,1,3,0.3389,0.311,0.6695,0.3768,34
4,0,10,6,0,4,1,2,0.3949,0.3912,0.547,0.2542,106
4,0,10,7,0,4,1,2,0.3806,0.3439,0.8112,0.1628,167
4,0,10,8,0,4,1,1,0.3183,0.2374,0.7106,0.2139,308
4,0,10,9,0,4,1,1,0.3145,0.2841,0.7983,0.3514,191
4,0,10,10,1,4,0,3,0.4459,0.4122,0.8125,0.4799,32
4,0,10,11,0,4,1,2,0.4557,0.4519,0.6144,0.6173,123
4,0,10,12,0,4,1,2,0.367,0.353,0.6992,0.2251,134
4,0,10,13,0,4,1,1,0.5047,0.4565,0.8056,0.1024,160
4,0,10,14,0,4,1,1,0.2486,0.2444,0.6959,0.2509,144
4,0,10,15,0,4,1,2,0.318,0.3571,0.5704,0.3003,139
4,0,10,16,0,4,1,3,0.3484,0.3661,0.8425,0.0896,144
4,0,10,17,0,4,1,1,0.4055,0.3279,0.6723,0.2819,277
4,0,10,18,0,4,1,1,0.3746,0.4301,0.5748,0.364,177
4,0,10,19,0,4,1,2,0.392,0.408,0.8991,0.5833,135
4,0,10,20,0,4,1,1,0.4401,0.4656,0.4406,0.2386,186
4,0,10,21,0,4,1,1,0.5081,0.4371,0.5892,0.3753,122
4,0,10,22,0,4,1,2,0.4623,0.4267,0.6004,0.3823,83
4,0,10,23,0,4,1,1,0.41,0.4072,0.7745,0.0842,54
4,0,10,0,0,5,0,2,0.3963,0.3428,0.627,0.4629,14
4,0,10,1,0,5,0,1,0.479,0.4709,0.5869,0.0662,10
4,0,10,2,0,5,0,2,0.5338,0.5561,0.7943,0.077,6
4,0,10,3,0,5,0,2,0.4466,0.4142,0.7629,0.3284,6
4,0,10,4,0,5,0,2,0.3676,0.4003,0.6345,0.5988,9
4,0,10,5,0,5,0,2,0.42,0.4201,0.6971,0.1325,27
4,0,10,6,0,5,0,2,0.4425,0.3646,0.5338,0.2184,65
4,0,10,7,0,5,0,1,0.363,0.3188,0.6416,0.4434,190
4,0,10,8,0,5,0,1,0.4625,0.4726,0.6607,0.2835,181
4,0,10,9,0,5,0,1,0.4204,0.3684,0.5137,0.4758,143
4,0,10,10,0,5,0,2,0.4834,0.4916,0.4706,0.0818,87
4,0,10,11,0,5,0,1,0.3335,0.3352,0.6212,0.044,140
4,0,10,12,0,5,0,1,0.28,0.2754,0.7957,0.0679,144
4,0,10,13,0,5,0,2,0.3744,0.3384,0.7387,0.3152,113
4,0,10,14,0,5,0,2,0.4035,0.3924,0.5971,0.2039,83
4,0,10,15,0,5,0,1,0.2758,0.3125,0.9804,0.7507,111
4,0,10,16,0,5,0,1,0.3593,0.3296,0.5404,0.1358,167
4,0,10,17,0,5,0,2,0.4917,0.4855,0.735,0.0751,181
4,0,10,18,0,5,0,3,0.4392,0.4774,0.6056,0.2302,109
4,0,10,19,0,5,0,2,0.4116,0.3989,0.8147,0.4924,103
4,0,10,20,0,5,0,1,0.328,0.2969,0.6554,0.269,113
4,0,10,21,0,5,0,2,0.4894,0.4499,0.6404,0.3779,63
4,0,10,22,0,5,0,1,0.3727,0.2915,0.7847,0.0265,67
4,0,10,23,0,5,0,1,0.4085,0.3518,0.6492,0.2884,43
4,0,10,0,0,6,0,1,0.4262,0.415,0.7575,0.207,15
4,0,10,1,0,6,0,1,0.4097,0.4183,0.6557,0.216,8
4,0,10,2,0,6,0,2,0.5021,0.4642,0.3537,0.3485,6
4,0,10,3,0,6,0,2,0.4379,0.4447,0.9276,0.211,6
4,0,10,4,0,6,0,2,0.4214,0.4271,0.7311,0.3926,9
4,0,10,5,0,6,0,2,0.3916,0.3489,0.6318,0.7033,23
4,0,10,6,0,6,0,1,0.4279,0.3886,0.8326,0.6197,63
4,0,10,7,0,6,0,2,0.383,0.3234,0.5529,0.2444,129
4,0,10,8,0,6,0,2,0.4109,0.4127,0.5595,0.2938,160
4,0,10,9,0,6,0,2,0.3738,0.3552,0.4991,0.4117,97
4,0,10,10,0,6,0,1,0.3627,0.3712,0.6449,0.2614,110
4,0,10,11,0,6,0,2,0.3335,0.3151,0.5895,0.0921,94
4,0,10,12,1,6,0,2,0.3787,0.3315,0.634,0.1432,70
4,0,10,13,0,6,0,1,0.3741,0.3788,0.4926,0.3924,85
4,0,10,14,0,6,0,3,0.5257,0.44,0.5866,0.0177,62
4,0,10,15,0,6,0,1,0.4671,0.4336,0.7235,0.5329,102
4,0,10,16,0,6,0,1,0.3883,0.3456,0.8328,0.2375,155
4,0,10,17,0,6,0,2,0.368,0.3954,0.6742,0.1532,164
4,0,10,18,0,6,0,2,0.4407,0.4712,0.6091,0.5175,110
4,0,10,19,0,6,0,2,0.5336,0.5196,0.7445,0.3014,117
4,0,10,20,0,6,0,1,0.4534,0.4134,0.8102,0.4573,105
4,0,10,21,0,6,0,3,0.2773,0.315,0.8036,0.4676,66
4,0,10,22,0,6,0,1,0.4581,0.4142,0.7303,0.1305,61
4,0,10,23,0,6,0,1,0.4705,0.4054,0.5784,0.4774,40
4,0,10,0,0,0,1,2,0.5474,0.4604,0.6621,0.5987,23
4,0,10,1,0,0,1,1,0.3761,0.3604,0.6978,0.2798,15
4,0,10,2,0,0,1,2,0.4032,0.3316,0.3742,0.3478,8
4,0,10,3,0,0,1,3,0.425,0.4463,0.672,0.0378,7
4,0,10,4,0,0,1,1,0.34,0.3056,0.8757,0.4066,15
4,0,10,5,0,0,1,1,0.3337,0.2784,0.5919,0.1577,40
4,0,10,6,0,0,1,1,0.4214,0.4338,0.4509,0.3418,88
4,0,10,7,0,0,1,2,0.2855,0.2975,0.5888,0.0928,190
4,0,10,8,0,0,1,2,0.3013,0.3361,0.5845,0.0506,231
4,0,10,9,1,0,0,3,0.4506,0.3771,0.8009,0.0418,50
4,0,10,10,0,0,1,2,0.4283,0.3496,0.9847,0.2059,96
4,0,10,11,0,0,1,3,0.481,0.5037,0.6874,0.3519,123
4,0,10,12,0,0,1,1,0.4259,0.3204,0.5664,0.3712,173
4,0,10,13,0,0,1,1,0.3942,0.338,0.5235,0.2716,154
4,0,10,14,0,0,1,1,0.4837,0.4612,0.7924,0.4083,146
4,0,10,15,0,0,1,2,0.3639,0.3058,0.7555,0.186,127
4,0,10,16,0,0,1,1,0.3701,0.358,0.8093,0.5586,213
4,0,10,17,0,0,1,1,0.389,0.335,0.6053,0.1148,336
4,0,10,18,0,0,1,1,0.425,0.4425,0.8645,0.2646,204
4,0,10,19,0,0,1,1,0.3888,0.3909,0.6896,0.4868,187
4,0,10,20,0,0,1,2,0.2895,0.2833,0.5832,0.1377,139
4,0,10,21,0,0,1,3,0.3748,0.3454,0.4224,0.4697,76
4,0,10,22,0,0,1,1,0.3913,0.3407,0.607,0.2097,76
4,0,10,23,0,0,1,2,0.4015,0.3774,0.6056,0.5434,46
4,0,10,0,0,1,1,1,0.3578,0.303,0.54,0.6287,31
4,0,10,1,0,1,1,1,0.4247,0.461,0.7222,0.0807,14
4,0,10,2,0,1,1,1,0.2766,0.2723,0.5854,0.169,9
4,0,10,3,0,1,1,2,0.4184,0.3714,0.5543,0.044,7
4,0,10,4,0,1,1,2,0.5148,0.536,0.5585,0.4322,14
4,0,10,5,0,1,1,2,0.3468,0.3281,0.4982,0.1474,38
4,0,10,6,0,1,1,2,0.3933,0.4156,0.6,0.02,78
4,0,10,7,0,1,1,1,0.372,0.3945,0.6031,0.2498,236
4,0,10,8,0,1,1,2,0.3732,0.3676,0.6391,0.3556,212
4,0,10,9,0,1,1,2,0.3173,0.2633,0.7143,0.0708,151
4,0,10,10,0,1,1,1,0.5287,0.4848,0.8522,0.3106,139
4,0,10,11,0,1,1,1,0.4163,0.5032,0.7897,0.3022,160
4,0,10,12,0,1,1,1,0.3423,0.3087,0.4809,0.1786,205
4,0,10,13,0,1,1,1,0.3344,0.3099,0.7757,0.496,182
4,0,10,14,0,1,1,1,0.3936,0.3598,0.7984,0.0379,129
4,0,10,15,0,1,1,1,0.2376,0.1975,0.7594,0.1733,162
4,0,10,16,0,1,1,3,0.463,0.461,0.6143,0.0312,166
4,0,10,17,0,1,1,3,0.3533,0.2955,0.8442,0.3005,206
4,0,10,18,0,1,1,2,0.4165,0.3708,0.5608,0.5919,218
4,0,10,19,0,1,1,2,0.4198,0.4081,0.7965,0.1818,159
4,0,10,20,0,1,1,4,0.4569,0.4265,0.7929,0.3568,66
4,0,10,21,0,1,1,1,0.4238,0.4075,0.7284,0.1298,127
4,0,10,22,0,1,1,2,0.4413,0.4183,0.4527,0.3723,73
4,0,10,23,0,1,1,2,0.4606,0.4024,0.6928,0.0929,62
4,0,10,0,0,2,1,3,0.362,0.3878,0.7682,0.6671,19
4,0,10,1,0,2,1,2,0.5357,0.5432,0.6741,0.2954,12
4,0,10,2,0,2,1,1,0.4098,0.3607,0.6584,0.3695,8
4,0,10,3,0,2,1,2,0.3832,0.3783,0.6234,0.2822,6
4,0,10,4,0,2,1,1,0.3262,0.2952,0.605,0.184,14
4,0,10,5,0,2,1,1,0.3706,0.3846,0.6569,0.3233,40
4,0,10,6,0,2,1,2,0.4133,0.4184,0.8121,0.2755,61
4,0,10,7,0,2,1,2,0.3918,0.4099,0.5839,0.1732,206
4,0,10,8,0,2,1,1,0.513,0.459,0.7154,0.2563,289
4,0,10,9,0,2,1,1,0.3578,0.2993,0.3456,0.1998,132
4,0,10,10,0,2,1,2,0.4327,0.3553,0.6052,0.2456,104
4,0,10,11,0,2,1,1,0.3063,0.3713,0.7539,0.4354,169
4,0,10,12,0,2,1,2,0.5379,0.5382,0.789,0.591,142
4,0,10,13,0,2,1,1,0.3016,0.3238,0.5348,0.3062,147
4,0,10,14,0,2,1,2,0.5303,0.4608,0.7023,0.3511,104
4,0,10,15,0,2,1,1,0.3756,0.3759,0.7617,0.1473,183
4,0,10,16,0,2,1,3,0.2287,0.1656,0.5711,0.3968,174
4,0,10,17,0,2,1,3,0.4798,0.4694,0.4671,0.3015,218
4,0,10,18,0,2,1,1,0.3909,0.372,0.5058,0.2041,266
4,0,10,19,0,2,1,2,0.3534,0.3268,0.4761,0.4447,181
4,0,10,20,0,2,1,2,0.43,0.3923,0.7526,0.3641,110
4,0,10,21,0,2,1,1,0.4316,0.4453,0.6795,0.1475,135
4,0,10,22,0,2,1,2,0.4141,0.3777,0.6155,0.0347,88
4,0,10,23,0,2,1,3,0.4646,0.4819,0.5601,0.1424,31
4,0,10,0,0,3,1,2,0.3987,0.3773,0.799,0.3977,26
4,0,10,1,0,3,1,3,0.4265,0.4163,0.6412,0.1291,13
4,0,10,2,0,3,1,1,0.3445,0.3437,0.7048,0.133,10
4,0,10,3,0,3,1,3,0.4346,0.4266,0.5573,0.4396,7
4,0,10,4,0,3,1,3,0.3448,0.3344,0.525,0.339,10
4,0,10,5,0,3,1,1,0.3023,0.3517,0.7881,0.1452,43
4,0,10,6,0,3,1,1,0.3665,0.3821,0.6764,0.3089,101
4,0,10,7,0,3,1,2,0.3617,0.2669,0.6869,0.2607,202
4,0,10,8,0,3,1,3,0.4459,0.4174,0.7055,0.3051,189
4,0,10,9,0,3,1,1,0.2793,0.3099,0.785,0.0264,186
4,0,10,10,0,3,1,1,0.4575,0.4103,0.8062,0.2238,138
4,0,10,11,0,3,1,2,0.3374,0.3206,0.5323,0.2923,142
4,0,10,12,0,3,1,1,0.2084,0.2004,0.6352,0.1282,239
4,0,10,13,0,3,1,2,0.2965,0.3294,0.5428,0.2239,152
4,0,10,14,0,3,1,2,0.3594,0.3101,0.6878,0.3038,110
4,0,10,15,1,3,0,3,0.4121,0.3644,0.6198,0.121,49
4,0,10,16,0,3,1,1,0.3716,0.3682,0.6291,0.2095,257
4,0,10,17,0,3,1,3,0.2963,0.2918,0.6396,0.0566,199
4,0,10,18,0,3,1,2,0.3265,0.3258,0.6333,0.1586,182
4,0,10,19,0,3,1,3,0.2975,0.2923,0.9694,0.5198,118
4,0,10,20,0,3,1,1,0.3991,0.3756,0.4346,0.2686,155
4,0,10,21,0,3,1,2,0.3746,0.3727,0.6484,0.1417,94
4,0,10,22,0,3,1,2,0.4239,0.4089,0.487,0.7354,67
4,0,10,23,0,3,1,2,0.2571,0.2367,0.6864,0.2271,52
4,0,10,0,0,4,1,1,0.3395,0.3206,0.4965,0.3997,28
4,0,10,1,0,4,1,1,0.5189,0.4767,0.6587,0.2552,12
4,0,10,2,0,4,1,1,0.4217,0.3794,0.5787,0.2505,9
4,0,10,3,0,4,1,1,0.3561,0.355,0.7957,0.4919,8
4,0,10,4,1,4,0,2,0.3077,0.2531,0.4881,0.1734,5
4,0,10,5,0,4,1,3,0.4544,0.4523,0.5038,0.1982,32
4,0,10,6,0,4,1,2,0.4841,0.452,0.5291,0.3683,83
4,0,10,7,0,4,1,1,0.2964,0.2785,0.7114,0.4185,209
4,0,10,8,0,4,1,1,0.3031,0.2826,0.6912,0.2731,276
4,0,10,9,0,4,1,1,0.3964,0.3916,0.6305,0.2908,155
4,0,10,10,0,4,1,1,0.4029,0.4272,0.7427,0.6944,122
4,0,10,11,0,4,1,2,0.4106,0.4442,0.3939,0.2538,124
4,0,10,12,0,4,1,1,0.5059,0.512,0.6366,0.1981,180
4,0,10,13,0,4,1,1,0.3088,0.2958,0.6635,0.0339,155
4,0,10,14,0,4,1,2,0.3796,0.3846,0.6871,0.4528,84
4,0,10,15,0,4,1,1,0.4273,0.3453,0.6736,0.203,150
4,0,10,16,0,4,1,1,0.4266,0.4235,0.696,0.3431,209
4,0,10,17,0,4,1,2,0.3315,0.3266,0.7197,0.153,235
4,0,10,18,0,4,1,1,0.3343,0.2712,0.8996,0.2671,285
4,0,10,19,0,4,1,2,0.3447,0.31,0.7518,0.1351,171
4,0,10,20,0,4,1,2,0.4961,0.4796,0.4853,0.52,117
4,0,10,21,0,4,1,2,0.3084,0.3044,0.7667,0.4302,99
4,0,10,22,0,4,1,1,0.3541,0.3652,0.6482,0.3426,86
4,0,10,23,0,4,1,1,0.4311,0.4597,0.5975,0.1719,63
4,0,10,0,1,5,0,2,0.2965,0.2772,0.4921,0.3629,9
4,0,10,1,0,5,0,1,0.3908,0.3371,0.6305,0.1661,10
4,0,10,2,0,5,0,1,0.2398,0.2524,0.6896,0.425,5
4,0,10,3,0,5,0,1,0.3862,0.4056,0.7558,0.1969,6
4,0,10,4,1,5,0,1,0.3764,0.3956,0.5337,0.3386,6
4,0,10,5,0,5,0,1,0.3842,0.3791,0.6159,0.215,35
4,0,10,6,0,5,0,3,0.3119,0.3563,0.6064,0.3933,50
4,0,10,7,0,5,0,1,0.3887,0.361,0.5975,0.3431,195
4,0,10,8,0,5,0,2,0.37,0.3995,0.4832,0.4826,176
4,0,10,9,1,5,0,1,0.4637,0.4057,0.5384,0.1983,91
4,0,10,10,1,5,0,1,0.4174,0.3285,0.6297,0.601,61
4,0,10,11,0,5,0,2,0.2713,0.2224,0.7413,0.2554,89
4,0,10,12,0,5,0,2,0.3145,0.2815,0.6381,0.3413,126
4,0,10,13,0,5,0,3,0.3296,0.3131,0.5224,0.166,87
4,0,10,14,0,5,0,1,0.3854,0.3381,0.6346,0.2978,72
4,0,10,15,0,5,0,1,0.3609,0.3467,0.517,0.0914,102
4,0,10,16,0,5,0,2,0.3606,0.362,0.7552,0.3928,116
4,0,10,17,0,5,0,1,0.57,0.5521,0.8457,0.5255,172
4,0,10,18,0,5,0,1,0.3368,0.3159,0.6773,0.1897,177
4,0,10,19,0,5,0,1,0.4701,0.4827,0.7468,0.1822,139
4,0,10,20,0,5,0,1,0.3624,0.3203,0.5803,0.1927,98
4,0,10,21,0,5,0,2,0.2202,0.202,0.6935,0.4603,55
4,0,10,22,1,5,0,3,0.3861,0.3503,0.6584,0.3412,27
4,0,10,23,0,5,0,2,0.4511,0.4481,0.7816,0.2243,27
4,0,10,0,0,6,0,1,0.413,0.3796,0.5903,0.5037,17
4,0,10,1,0,6,0,2,0.3866,0.3793,0.6516,0.3697,8
4,0,10,2,0,6,0,2,0.3703,0.3763,0.5289,0.4169,4
4,0,10,3,0,6,0,2,0.334,0.3021,0.7379,0.1541,5
4,0,10,4,0,6,0,2,0.4314,0.3619,0.5844,0.3957,8
4,0,10,5,0,6,0,3,0.3383,0.3146,0.6221,0.4328,23
4,0,10,6,0,6,0,1,0.3238,0.2838,0.5531,0.1406,62
4,0,10,7,0,6,0,2,0.3974,0.3583,0.6372,0.1823,151
4,0,10,8,0,6,0,2,0.3477,0.2561,0.7458,0.2257,189
4,0,10,9,0,6,0,3,0.4583,0.3868,0.7026,0.3711,91
4,0,10,10,0,6,0,3,0.4014,0.4053,0.8131,0.2351,68
4,0,10,11,0,6,0,1,0.3142,0.2704,0.5812,0.0292,131
4,0,10,12,0,6,0,2,0.2885,0.3088,0.6607,0.046,118
4,0,10,13,0,6,0,1,0.3285,0.2906,0.7977,0.5351,95
4,0,10,14,0,6,0,2,0.5323,0.5203,0.5473,0.3354,94
4,0,10,15,0,6,0,1,0.352,0.3268,0.8043,0.1186,125
4,0,10,16,0,6,0,1,0.4217,0.4201,0.8435,0.5493,148
4,0,10,17,0,6,0,3,0.2773,0.2558,0.5284,0.3403,137
4,0,10,18,0,6,0,2,0.2928,0.2846,0.9533,0.2322,147
4,0,10,19,0,6,0,2,0.3555,0.3746,0.628,0.4077,112
4,0,10,20,0,6,0,1,0.4877,0.4775,0.4584,0.1218,123
4,0,10,21,0,6,0,1,0.2783,0.2438,0.5292,0.0843,74
4,0,10,22,0,6,0,1,0.3246,0.2522,0.6422,0.4721,63
4,0,10,23,0,6,0,1,0.4318,0.4069,0.6117,0.3005,38
4,0,10,0,0,0,1,3,0.4761,0.4652,0.5661,0.2959,16
4,0,10,1,0,0,1,2,0.3952,0.3801,0.5119,0.4379,9
4,0,10,2,0,0,1,1,0.4119,0.365,0.4921,0.2834,7
4,0,10,3,0,0,1,2,0.3018,0.2913,0.8591,0.5744,6
4,0,10,4,0,0,1,1,0.272,0.2782,0.7034,0.0878,12
4,0,10,5,1,0,0,1,0.2844,0.312,0.7811,0.234,19
4,0,10,6,0,0,1,1,0.3035,0.2815,0.5486,0.1913,92
4,0,10,7,0,0,1,1,0.3804,0.4351,0.6136,0.2971,263
4,0,10,8,0,0,1,2,0.2792,0.3089,0.5393,0.1947,292
4,0,10,9,0,0,1,2,0.3821,0.3681,0.6014,0.2312,167
4,0,10,10,0,0,1,2,0.3425,0.3333,0.7891,0.4013,120
4,0,10,11,0,0,1,2,0.3252,0.3506,0.6094,0.0569,176
4,0,10,12,0,0,1,3,0.4266,0.3763,0.6492,0.2172,135
4,0,10,13,0,0,1,2,0.2975,0.2585,0.5812,0.5633,131
4,0,10,14,0,0,1,3,0.4651,0.4032,0.7544,0.3071,97
4,0,10,15,0,0,1,3,0.4228,0.394,0.5938,0.3327,126
4,0,10,16,0,0,1,2,0.2953,0.2547,0.8142,0.1014,171
4,0,10,17,0,0,1,1,0.4488,0.4157,0.6202,0.1408,304
4,0,10,18,0,0,1,1,0.287,0.2716,0.9578,0.4439,209
4,0,10,19,0,0,1,2,0.4551,0.391,0.8107,0.3598,195
4,0,10,20,0,0,1,2,0.3879,0.4095,0.6607,0.0342,133
4,0,10,21,0,0,1,2,0.2541,0.2771,0.6752,0.5387,95
4,0,10,22,0,0,1,2,0.2739,0.2464,0.8315,0.1978,68
4,0,10,23,0,0,1,2,0.3363,0.3639,0.7061,0.1509,46
4,0,10,0,0,1,1,2,0.4213,0.4119,0.7387,0.3254,24
4,0,10,1,0,1,1,2,0.3486,0.3642,0.9204,0.179,14
4,0,10,2,0,1,1,1,0.3469,0.2888,0.6915,0.2129,11
4,0,10,3,0,1,1,1,0.3634,0.3351,0.4146,0.2336,8
4,0,10,4,0,1,1,1,0.2209,0.2287,0.6874,0.2181,15
4,0,10,5,0,1,1,1,0.4183,0.3924,0.8074,0.3685,32
4,0,10,6,0,1,1,2,0.4544,0.4264,0.7044,0.3609,105
4,0,10,7,0,1,1,1,0.4158,0.3917,0.5277,0.3179,203
4,0,10,8,0,1,1,3,0.3309,0.3256,0.6565,0.3541,210
4,0,10,9,0,1,1,1,0.2986,0.287,0.8448,0.0894,215
4,0,10,10,0,1,1,2,0.2848,0.3173,0.4965,0.4243,91
4,0,10,11,0,1,1,1,0.2813,0.2375,0.4602,0.3075,150
4,0,10,12,0,1,1,2,0.5191,0.496,0.5662,0.2471,182
4,0,10,13,0,1,1,2,0.3551,0.3584,0.8043,0.2331,123
4,0,10,14,0,1,1,2,0.4239,0.3654,0.421,0.2556,99
4,0,10,15,0,1,1,2,0.4201,0.3887,0.6812,0.1982,155
4,0,10,16,0,1,1,2,0.3706,0.3572,0.7262,0.4632,188
4,0,10,17,0,1,1,2,0.2954,0.3257,0.6669,0.4572,209
4,0,10,18,0,1,1,2,0.3969,0.3811,0.489,0.5976,248
4,0,10,19,1,1,0,2,0.2848,0.2933,0.6824,0.4237,49
4,0,10,20,0,1,1,1,0.4027,0.4073,0.5359,0.1143,124
4,0,10,21,0,1,1,3,0.288,0.1909,0.6842,0.401,88
4,0,10,22,0,1,1,1,0.33,0.316,0.5598,0.476,69
4,0,10,23,0,1,1,1,0.3299,0.3004,0.7065,0.3073,55
4,0,10,0,0,2,1,1,0.4545,0.4769,0.6604,0.2284,33
4,0,10,1,0,2,1,1,0.1862,0.1978,0.5147,0.0818,12
4,0,10,2,0,2,1,1,0.5197,0.52,0.7327,0.4461,9
4,0,10,3,0,2,1,2,0.3002,0.3007,0.6488,0.1878,8
4,0,10,4,0,2,1,2,0.3479,0.3337,0.7045,0.5743,12
4,0,10,5,0,2,1,3,0.3855,0.3913,0.6899,0.1068,43
4,0,10,6,0,2,1,1,0.3795,0.3599,0.7866,0.2932,109
4,0,10,7,0,2,1,2,0.4156,0.4334,0.7354,0.0975,220
4,0,10,8,0,2,1,1,0.3993,0.3473,0.7149,0.1363,319
4,0,10,9,0,2,1,1,0.4992,0.5053,0.438,0.0996,166
4,0,10,10,0,2,1,1,0.4078,0.3765,0.6138,0.4697,140
4,0,10,11,0,2,1,2,0.3484,0.3513,0.3497,0.7243,129
4,0,10,12,0,2,1,2,0.3179,0.2548,0.4862,0.1106,153
4,0,10,13,0,2,1,1,0.3161,0.3083,0.7917,0.4575,151
4,0,10,14,0,2,1,1,0.4471,0.4202,0.5962,0.3699,123
4,0,10,15,0,2,1,1,0.4794,0.4541,0.7888,0.1639,154
4,0,10,16,0,2,1,1,0.4269,0.3525,0.5571,0.2033,227
4,0,10,17,1,2,0,2,0.1351,0.1293,0.6348,0.5262,85
4,0,10,18,0,2,1,2,0.1993,0.1932,0.6692,0.2346,201
4,0,10,19,0,2,1,2,0.356,0.2848,0.837,0.247,160
4,0,10,20,0,2,1,3,0.3449,0.2931,0.7717,0.1241,100
4,0,10,21,0,2,1,1,0.358,0.3448,0.592,0.3098,109
4,0,10,22,0,2,1,3,0.4442,0.4342,0.5927,0.2146,65
4,0,10,23,0,2,1,2,0.4407,0.4171,0.6748,0.2658,53
4,0,10,0,0,3,1,1,0.3648,0.3479,0.9385,0.3954,25
4,0,10,1,0,3,1,2,0.2459,0.2344,0.6622,0.2675,9
4,0,10,2,0,3,1,2,0.2665,0.2369,0.5547,0.2117,8
4,0,10,3,0,3,1,2,0.3573,0.3341,0.5605,0.6083,6
4,0,10,4,0,3,1,2,0.3818,0.3206,0.6317,0.0989,13
4,0,10,5,0,3,1,3,0.2674,0.2365,0.6921,0.27,33
4,0,10,6,0,3,1,2,0.3988,0.3776,0.5453,0.3208,96
4,0,10,7,0,3,1,2,0.2299,0.2555,0.768,0.1299,115
4,0,10,8,0,3,1,1,0.1662,0.1542,0.5755,0.4876,326
4,0,10,9,0,3,1,3,0.2913,0.3386,0.81,0.253,111
4,0,10,10,0,3,1,2,0.4487,0.4842,0.6854,0.0644,96
4,0,10,11,0,3,1,2,0.4592,0.4383,0.6143,0.2148,124
4,0,10,12,0,3,1,3,0.2409,0.2165,0.3168,0.3111,100
4,0,10,13,0,3,1,1,0.2463,0.302,0.612,0.4682,163
4,0,10,14,0,3,1,1,0.4059,0.4079,0.6568,0.3364,148
4,0,10,15,0,3,1,2,0.3217,0.3188,0.6622,0.1267,129
4,0,10,16,0,3,1,3,0.4482,0.4042,0.7272,0.3171,167
4,0,10,17,0,3,1,2,0.4047,0.3717,0.6101,0.2944,245
4,0,10,18,0,3,1,2,0.4167,0.3659,0.7288,0.2482,221
4,0,10,19,0,3,1,1,0.2951,0.3249,0.5478,0.6331,138
4,0,10,20,0,3,1,2,0.3837,0.3795,0.7776,0.039,137
4,0,10,21,0,3,1,1,0.4937,0.4597,0.7793,0.1436,136
4,0,10,22,0,3,1,3,0.3625,0.3303,0.6976,0.2009,57
4,0,10,23,0,3,1,2,0.3494,0.3022,0.7507,0.4021,56
4,0,10,0,0,4,1,1,0.3181,0.3001,0.6226,0.0655,33
4,0,10,1,0,4,1,2,0.2365,0.2298,0.6375,0.3036,15
4,0,10,2,0,4,1,3,0.2717,0.1899,0.6303,0.3427,6
4,0,10,3,0,4,1,2,0.2862,0.243,0.815,0.1777,8
4,0,10,4,0,4,1,1,0.2335,0.2016,0.6831,0.362,16
4,0,10,5,0,4,1,2,0.2406,0.2611,0.5673,0.4175,33
4,0,10,6,0,4,1,1,0.1773,0.1518,0.6521,0.492,74
4,0,10,7,0,4,1,1,0.2939,0.2253,0.6022,0.3691,210
4,0,10,8,0,4,1,2,0.3959,0.3431,0.6807,0.3802,273
4,0,10,9,0,4,1,1,0.3265,0.3619,0.6395,0.3744,187
4,0,10,10,0,4,1,2,0.3268,0.2993,0.4969,0.1212,122
4,0,10,11,0,4,1,1,0.4023,0.351,0.5306,0.0988,179
4,0,10,12,0,4,1,1,0.4669,0.3933,0.6148,0.1779,209
4,0,10,13,0,4,1,2,0.5078,0.4831,0.8249,0.1563,132
4,0,10,14,0,4,1,2,0.3588,0.3447,0.4399,0.1959,125
4,0,10,15,0,4,1,1,0.3289,0.3257,0.7074,0.4723,139
4,0,10,16,0,4,1,1,0.3197,0.3855,0.8527,0.2006,216
4,0,10,17,1,4,0,2,0.39,0.3334,0.7816,0.0779,99
4,0,10,18,0,4,1,3,0.3377,0.3097,0.6627,0.5466,190
4,0,10,19,0,4,1,1,0.338,0.3298,0.6384,0.2679,178
4,0,10,20,0,4,1,1,0.3426,0.3123,0.7426,0.3097,138
4,0,10,21,0,4,1,3,0.2827,0.2066,0.8467,0.1596,85
4,0,10,22,0,4,1,1,0.1854,0.1915,0.7519,0.1968,86
4,0,10,23,1,4,0,3,0.3018,0.2678,0.688,0.1497,15
4,0,10,0,0,5,0,2,0.4467,0.3925,0.8106,0.2893,19
4,0,10,1,0,5,0,1,0.4435,0.3945,0.6867,0.1782,8
4,0,10,2,0,5,0,1,0.4105,0.4365,0.6764,0.6017,6
4,0,10,3,0,5,0,3,0.3102,0.3336,0.7415,0.4534,5
4,0,10,4,0,5,0,1,0.2894,0.2422,0.5888,0.3735,9
4,0,10,5,0,5,0,2,0.4584,0.3836,1.0,0.3713,23
4,0,10,6,0,5,0,1,0.2689,0.2824,0.6843,0.1692,62
4,0,10,7,0,5,0,2,0.3475,0.3919,0.6432,0.2457,126
4,0,10,8,0,5,0,2,0.463,0.5098,0.7667,0.1443,149
4,0,10,9,0,5,0,2,0.3534,0.2933,0.7969,0.142,130
4,0,10,10,0,5,0,1,0.3242,0.3487,0.5832,0.5612,75
4,0,10,11,0,5,0,2,0.4259,0.4045,0.4603,0.4355,99
4,0,10,12,0,5,0,2,0.3498,0.2744,0.6256,0.1034,142
4,0,10,13,0,5,0,1,0.3585,0.3147,0.6995,0.3578,79
4,0,10,14,0,5,0,2,0.4508,0.4046,0.5764,0.1038,91
4,0,10,15,0,5,0,2,0.1666,0.1725,0.6623,0.2545,85
4,0,10,16,0,5,0,1,0.3698,0.3103,0.65,0.1339,163
4,0,10,17,0,5,0,3,0.2911,0.3048,0.4691,0.2204,132
4,0,10,18,0,5,0,1,0.3302,0.328,0.7447,0.38,153
4,0,10,19,0,5,0,1,0.3526,0.3656,0.7731,0.1224,134
4,0,10,20,0,5,0,1,0.2974,0.2628,0.689,0.3055,96
4,0,10,21,0,5,0,1,0.3607,0.3546,0.7119,0.2351,94
4,0,10,22,0,5,0,1,0.3717,0.322,0.587,0.1194,60
4,0,10,23,0,5,0,1,0.359,0.3613,0.651,0.218,42
4,0,11,0,0,6,0,2,0.3486,0.3241,0.7457,0.3142,17
4,0,11,1,0,6,0,2,0.3326,0.3118,0.501,0.3963,8
4,0,11,2,1,6,0,1,0.334,0.3163,0.5423,0.1059,4
4,0,11,3,0,6,0,2,0.3464,0.2768,0.4939,0.3545,5
4,0,11,4,0,6,0,2,0.2749,0.2968,0.8671,0.3169,8
4,0,11,5,0,6,0,2,0.4297,0.4107,0.6317,0.1064,34
4,0,11,6,0,6,0,4,0.3345,0.3536,0.8374,0.346,42
4,0,11,7,0,6,0,1,0.3126,0.3306,0.6561,0.2106,182
4,0,11,8,0,6,0,1,0.3685,0.3257,0.8802,0.4855,212
4,0,11,9,0,6,0,1,0.3328,0.3081,0.8129,0.0703,160
4,0,11,10,0,6,0,1,0.4278,0.3599,0.5828,0.0886,106
4,0,11,11,0,6,0,2,0.4035,0.4201,0.6786,0.6281,108
4,0,11,12,0,6,0,1,0.3473,0.3397,0.5445,0.1828,148
4,0,11,13,0,6,0,2,0.4066,0.3923,0.7444,0.3075,93
4,0,11,14,0,6,0,3,0.3573,0.3312,0.7943,0.222,53
4,0,11,15,0,6,0,2,0.26,0.218,0.8905,0.5046,97
4,0,11,16,0,6,0,2,0.4031,0.4215,0.8303,0.3164,110
4,0,11,17,0,6,0,2,0.2078,0.2576,0.7169,0.176,169
4,0,11,18,0,6,0,2,0.0947,0.1296,0.7074,0.4057,141
4,0,11,19,0,6,0,2,0.3897,0.3652,0.6354,0.1974,114
4,0,11,20,0,6,0,1,0.3719,0.365,0.8838,0.5943,106
4,0,11,21,0,6,0,1,0.3672,0.3809,0.5613,0.2272,72
4,0,11,22,0,6,0,1,0.4381,0.419,0.5404,0.066,72
4,0,11,23,0,6,0,2,0.3391,0.3805,0.5333,0.3159,30
4,0,11,0,0,0,1,2,0.3105,0.3324,0.7936,0.3882,27
4,0,11,1,0,0,1,1,0.3927,0.4567,0.7802,0.3305,15
4,0,11,2,1,0,0,1,0.287,0.2785,0.718,0.3048,4
4,0,11,3,0,0,1,2,0.3203,0.2319,0.7022,0.183,9
4,0,11,4,0,0,1,1,0.3547,0.3391,0.5226,0.4435,12
4,0,11,5,0,0,1,1,0.3603,0.3309,0.6972,0.5807,33
4,0,11,6,0,0,1,1,0.3137,0.3032,0.8126,0.1383,111
4,0,11,7,0,0,1,1,0.3026,0.341,0.5348,0.0873,223
4,0,11,8,0,0,1,2,0.2586,0.2294,0.5181,0.6548,257
4,0,11,9,0,0,1,1,0.2819,0.2428,0.702,0.1969,159
4,0,11,10,0,0,1,1,0.4643,0.4217,0.7565,0.0942,152
4,0,11,11,0,0,1,3,0.3184,0.3671,0.7625,0.2522,117
4,0,11,12,0,0,1,2,0.3502,0.3189,0.8099,0.0271,156
4,0,11,13,0,0,1,2,0.2326,0.2287,0.6839,0.3184,153
4,0,11,14,0,0,1,2,0.5164,0.546,0.4658,0.0906,104
4,0,11,15,0,0,1,1,0.2767,0.2828,0.7265,0.3484,160
4,0,11,16,0,0,1,1,0.2547,0.1744,0.8072,0.6575,184
4,0,11,17,0,0,1,1,0.3327,0.3016,0.59,0.037,311
4,0,11,18,0,0,1,1,0.2745,0.2412,0.6481,0.2593,260
4,0,11,19,0,0,1,1,0.3625,0.2921,0.4034,0.1672,194
4,0,11,20,0,0,1,2,0.2312,0.2053,0.631,0.1342,106
4,0,11,21,0,0,1,1,0.4166,0.3141,0.8563,0.1925,116
4,0,11,22,0,0,1,1,0.4028,0.3924,0.6113,0.2037,81
4,0,11,23,0,0,1,2,0.3287,0.3125,0.5379,0.2243,48
4,0,11,0,0,1,1,1,0.2173,0.1852,0.8994,0.4126,26
4,0,11,1,0,1,1,2,0.2763,0.2082,0.738,0.2466,14
4,0,11,2,0,1,1,1,0.3375,0.3625,0.7213,0.2439,9
4,0,11,3,0,1,1,2,0.2484,0.219,0.6829,0.0728,8
4,0,11,4,0,1,1,2,0.2598,0.2797,0.5833,0.4284,13
4,0,11,5,0,1,1,2,0.4066,0.3825,0.6326,0.0522,34
4,0,11,6,0,1,1,2,0.344,0.3706,0.8636,0.266,111
4,0,11,7,0,1,1,1,0.3418,0.3422,0.5818,0.5199,221
4,0,11,8,0,1,1,1,0.3701,0.3549,0.828,0.409,229
4,0,11,9,0,1,1,1,0.3217,0.2804,0.7061,0.2028,184
4,0,11,10,0,1,1,1,0.329,0.3515,0.7067,0.1521,140
4,0,11,11,0,1,1,3,0.3651,0.3407,0.4638,0.2548,102
4,0,11,12,0,1,1,1,0.3898,0.3459,0.7152,0.5833,232
4,0,11,13,0,1,1,1,0.368,0.3449,0.6565,0.1804,131
4,0,11,14,0,1,1,3,0.4354,0.4122,0.4706,0.2178,97
4,0,11,15,1,1,0,1,0.3349,0.3444,0.6692,0.2324,71
4,0,11,16,0,1,1,2,0.2389,0.1705,0.6131,0.0188,222
4,0,11,17,0,1,1,1,0.4093,0.4604,0.696,0.4822,294
4,0,11,18,0,1,1,3,0.316,0.3141,0.5617,0.2963,167
4,0,11,19,0,1,1,1,0.2794,0.2649,0.5424,0.2881,168
4,0,11,20,0,1,1,2,0.383,0.3772,0.6756,0.2464,137
4,0,11,21,0,1,1,2,0.3591,0.2952,0.6168,0.2026,96
4,0,11,22,0,1,1,3,0.2436,0.2352,0.6237,0.3211,65
4,0,11,23,0,1,1,4,0.3801,0.3806,0.5178,0.243,31
4,0,11,0,1,2,0,2,0.4606,0.4287,0.6569,0.1247,11
4,0,11,1,0,2,1,1,0.352,0.3501,0.7407,0.0931,18
4,0,11,2,0,2,1,1,0.3114,0.3197,0.6967,0.317,7
4,0,11,3,0,2,1,3,0.2125,0.18,0.6196,0.1018,6
4,0,11,4,0,2,1,2,0.473,0.4868,0.4668,0.2048,14
4,0,11,5,0,2,1,3,0.2932,0.2767,0.5616,0.2325,28
4,0,11,6,0,2,1,2,0.2308,0.2765,0.5745,0.5111,97
4,0,11,7,0,2,1,1,0.3371,0.3596,0.7645,0.225,146
4,0,11,8,0,2,1,1,0.4,0.3921,0.7601,0.1553,251
4,0,11,9,0,2,1,1,0.4159,0.3707,0.7012,0.3086,172
4,0,11,10,0,2,1,2,0.2823,0.2649,0.6222,0.5579,113
4,0,11,11,0,2,1,2,0.3225,0.3366,0.8202,0.1754,132
4,0,11,12,0,2,1,1,0.3294,0.2961,0.7393,0.0798,201
4,0,11,13,0,2,1,2,0.3977,0.3908,0.4147,0.2272,162
4,0,11,14,0,2,1,1,0.3709,0.3687,0.8536,0.1159,152
4,0,11,15,0,2,1,1,0.3483,0.3275,0.6443,0.073,163
4,0,11,16,0,2,1,1,0.3934,0.3491,0.7767,0.0506,236
4,0,11,17,0,2,1,2,0.234,0.2703,0.7203,0.231,224
4,0,11,18,0,2,1,1,0.3588,0.3551,0.509,0.2317,327
4,0,11,19,0,2,1,2,0.3449,0.3186,0.6077,0.3345,136
4,0,11,20,0,2,1,2,0.3259,0.2859,0.4326,0.2879,116
4,0,11,21,0,2,1,2,0.3119,0.3233,0.5709,0.1528,114
4,0,11,22,0,2,1,3,0.3388,0.3197,0.6808,0.5616,58
4,0,11,23,0,2,1,1,0.2895,0.3043,0.672,0.261,69
4,0,11,0,0,3,1,1,0.5165,0.463,0.583,0.4472,36
4,0,11,1,0,3,1,1,0.4207,0.4088,0.633,0.3487,15
4,0,11,2,0,3,1,2,0.4021,0.3676,0.6766,0.1369,7
4,0,11,3,0,3,1,1,0.2885,0.3264,0.7439,0.1899,7
4,0,11,4,0,3,1,3,0.2586,0.2567,0.5882,0.2019,9
4,0,11,5,0,3,1,2,0.3108,0.2654,0.6453,0.3294,26
4,0,11,6,0,3,1,2,0.3336,0.345,0.5129,0.3192,86
4,0,11,7,0,3,1,1,0.2242,0.2501,0.5171,0.3637,270
4,0,11,8,0,3,1,2,0.3592,0.3311,0.799,0.2196,221
4,0,11,9,0,3,1,1,0.4014,0.357,0.8469,0.3733,187
4,0,11,10,0,3,1,2,0.1691,0.0946,0.688,0.2829,118
4,0,11,11,0,3,1,2,0.2626,0.2825,0.6243,0.1351,119
4,0,11,12,0,3,1,1,0.4116,0.3384,0.6069,0.1834,216
4,0,11,13,0,3,1,3,0.3518,0.3328,0.8099,0.3505,110
4,0,11,14,0,3,1,2,0.265,0.2,0.1968,0.1152,140
4,0,11,15,0,3,1,2,0.3771,0.4123,0.9362,0.2525,132
4,0,11,16,0,3,1,1,0.284,0.3099,0.6731,0.2741,260
4,0,11,17,0,3,1,1,0.3091,0.3026,0.3581,0.0289,203
4,0,11,18,0,3,1,1,0.2459,0.265,0.9586,0.3428,251
4,0,11,19,0,3,1,2,0.3268,0.3065,0.3749,0.1467,121
4,0,11,20,0,3,1,1,0.3969,0.3523,0.3925,0.5547,104
4,0,11,21,0,3,1,4,0.2922,0.2273,0.5558,0.1185,69
4,0,11,22,0,3,1,3,0.3708,0.376,0.6444,0.427,47
4,0,11,23,0,3,1,1,0.3221,0.2757,0.8075,0.1404,48
4,0,11,0,0,4,1,2,0.3974,0.4534,0.6216,0.2128,23
4,0,11,1,0,4,1,1,0.2895,0.2416,0.5663,0.4703,15
4,0,11,2,0,4,1,1,0.4308,0.4396,0.626,0.4897,9
4,0,11,3,0,4,1,1,0.3696,0.3894,0.6253,0.3132,9
4,0,11,4,0,4,1,2,0.339,0.2818,0.8356,0.0707,13
4,0,11,5,0,4,1,3,0.3415,0.311,0.7896,0.1512,27
4,0,11,6,0,4,1,1,0.2894,0.268,0.5905,0.1252,88
4,0,11,7,0,4,1,1,0.2849,0.3751,0.6216,0.1518,271
4,0,11,8,0,4,1,1,0.3403,0.3159,0.4398,0.113,301
4,0,11,9,0,4,1,2,0.238,0.192,0.7388,0.6097,146
4,0,11,10,0,4,1,1,0.2798,0.2806,0.6567,0.3487,123
4,0,11,11,0,4,1,2,0.2563,0.2121,0.7095,0.2638,135
4,0,11,12,0,4,1,3,0.3619,0.342,0.7388,0.3631,139
4,0,11,13,0,4,1,1,0.363,0.3312,0.8497,0.0243,170
4,0,11,14,0,4,1,3,0.4107,0.4057,0.6162,0.1851,82
4,0,11,15,0,4,1,2,0.2985,0.2667,0.6694,0.2747,126
4,0,11,16,0,4,1,2,0.2654,0.2312,0.8509,0.4179,137
4,0,11,17,0,4,1,2,0.2191,0.2405,0.6421,0.0772,257
4,0,11,18,0,4,1,2,0.3409,0.3325,0.6521,0.2856,191
4,0,11,19,0,4,1,2,0.4197,0.3995,0.9797,0.2705,164
4,0,11,20,0,4,1,1,0.3167,0.2431,0.6575,0.1447,133
4,0,11,21,0,4,1,2,0.3238,0.3262,0.8712,0.2171,99
4,0,11,22,0,4,1,1,0.3215,0.2913,0.5959,0.3485,103
4,0,11,23,0,4,1,1,0.3397,0.3311,0.6084,0.2886,55
4,0,11,0,0,5,0,2,0.388,0.3133,0.4218,0.2393,18
4,0,11,1,0,5,0,1,0.4526,0.4383,0.7359,0.1898,12
4,0,11,2,0,5,0,1,0.3531,0.3412,0.7486,0.2611,7
4,0,11,3,0,5,0,1,0.3577,0.333,0.6732,0.2688,6
4,0,11,4,0,5,0,3,0.3015,0.2598,0.7175,0.4327,8
4,0,11,5,0,5,0,2,0.3107,0.3301,0.7675,0.2079,29
4,0,11,6,0,5,0,1,0.3097,0.2719,0.4847,0.539,70
4,0,11,7,0,5,0,2,0.2926,0.3053,0.6709,0.1022,104
4,0,11,8,0,5,0,2,0.3272,0.3422,0.8615,0.2752,190
4,0,11,9,0,5,0,1,0.362,0.3189,0.6285,0.2723,129
4,0,11,10,0,5,0,2,0.3227,0.329,0.4974,0.1062,93
4,0,11,11,0,5,0,1,0.2986,0.2708,0.7923,0.3588,123
4,0,11,12,0,5,0,2,0.3271,0.3299,0.6803,0.3446,118
4,0,11,13,0,5,0,2,0.251,0.2104,0.6592,0.4896,76
4,0,11,14,0,5,0,1,0.3745,0.3523,0.6136,0.291,68
4,0,11,15,0,5,0,2,0.2893,0.2772,0.7729,0.0425,110
4,0,11,16,0,5,0,1,0.2374,0.2246,0.5965,0.2015,171
4,0,11,17,0,5,0,2,0.3506,0.3445,0.836,0.481,146
4,0,11,18,0,5,0,1,0.354,0.3121,0.6727,0.3678,156
4,0,11,19,0,5,0,2,0.258,0.2286,0.7841,0.3518,100
4,0,11,20,0,5,0,2,0.3619,0.3652,0.77,0.2292,83
4,0,11,21,0,5,0,1,0.3626,0.3321,0.5208,0.2143,78
4,0,11,22,0,5,0,2,0.4565,0.4187,0.7198,0.1034,57
4,0,11,23,0,5,0,1,0.3018,0.2614,0.6303,0.3316,38
4,0,11,0,0,6,0,2,0.3108,0.2814,0.7408,0.4252,14
4,0,11,1,0,6,0,2,0.2721,0.2277,0.6548,0.2815,9
4,0,11,2,0,6,0,1,0.3492,0.3536,0.4361,0.4403,6
4,0,11,3,0,6,0,1,0.3143,0.2851,0.7569,0.1183,7
4,0,11,4,0,6,0,1,0.3837,0.3321,0.3942,0.5661,10
4,0,11,5,0,6,0,2,0.2842,0.2639,0.679,0.0219,26
4,0,11,6,0,6,0,2,0.3476,0.2883,0.8894,0.2323,55
4,0,11,7,0,6,0,1,0.2979,0.2574,0.8302,0.1043,206
4,0,11,8,0,6,0,1,0.1856,0.217,0.7103,0.4767,199
4,0,11,9,0,6,0,3,0.3586,0.308,0.6007,0.1472,86
4,0,11,10,0,6,0,1,0.1922,0.1783,0.6545,0.0834,83
4,0,11,11,0,6,0,1,0.3034,0.3544,0.7882,0.0292,97
4,0,11,12,0,6,0,2,0.3045,0.2968,0.5673,0.1224,110
4,0,11,13,0,6,0,1,0.314,0.283,0.7122,0.1754,136
4,0,11,14,0,6,0,3,0.3179,0.2424,0.5599,0.0942,75
4,0,11,15,0,6,0,1,0.3172,0.3064,0.6282,0.0915,89
4,0,11,16,0,6,0,2,0.34,0.3,0.6054,0.017,122
4,0,11,17,0,6,0,1,0.307,0.3084,0.7117,0.3968,176
4,0,11,18,0,6,0,1,0.4977,0.4525,0.7279,0.3015,171
4,0,11,19,0,6,0,1,0.2906,0.2844,0.9205,0.1353,144
4,0,11,20,0,6,0,3,0.229,0.261,0.6437,0.2323,59
4,0,11,21,0,6,0,2,0.2159,0.2252,0.7008,0.348,74
4,0,11,22,0,6,0,1,0.3607,0.3031,0.803,0.0885,61
4,0,11,23,1,6,0,3,0.2032,0.1957,0.659,0.2832,17
4,0,11,0,0,0,1,1,0.2263,0.2439,0.6732,0.2981,30
4,0,11,1,0,0,1,1,0.2162,0.1598,0.7347,0.0907,14
4,0,11,2,0,0,1,1,0.343,0.3765,0.5804,0.5689,8
4,0,11,3,0,0,1,2,0.4041,0.3882,0.6857,0.2919,7
4,0,11,4,0,0,1,1,0.2449,0.25,0.5642,0.4766,15
4,0,11,5,0,0,1,1,0.3405,0.3132,0.6233,0.3616,45
4,0,11,6,0,0,1,3,0.1264,0.1215,0.9192,0.2876,76
4,0,11,7,0,0,1,2,0.2589,0.2191,0.6442,0.1211,241
4,0,11,8,0,0,1,1,0.3532,0.3819,0.6882,0.2685,274
4,0,11,9,0,0,1,2,0.2891,0.3285,0.344,0.1419,161
4,0,11,10,0,0,1,1,0.3806,0.4259,0.7144,0.0301,133
4,0,11,11,0,0,1,2,0.1547,0.094,0.8987,0.2157,139
4,0,11,12,0,0,1,1,0.2595,0.2565,0.5597,0.28,181
4,0,11,13,1,0,0,2,0.3427,0.3385,0.7916,0.1096,59
4,0,11,14,0,0,1,2,0.3418,0.3036,0.5872,0.1282,99
4,0,11,15,0,0,1,1,0.3472,0.341,0.4629,0.1773,149
4,0,11,16,0,0,1,1,0.3255,0.2661,0.6091,0.1836,271
4,0,11,17,0,0,1,1,0.2309,0.2635,0.5796,0.4702,341
4,0,11,18,0,0,1,2,0.2565,0.1976,0.6754,0.0429,234
4,0,11,19,0,0,1,2,0.4731,0.457,0.6252,0.0882,154
4,0,11,20,0,0,1,2,0.2228,0.2354,0.5417,0.3913,132
4,0,11,21,0,0,1,3,0.2119,0.1833,0.7255,0.608,93
4,0,11,22,0,0,1,2,0.3586,0.3818,0.8024,0.5888,65
4,0,11,23,0,0,1,3,0.2368,0.1703,0.7395,0.2632,40
4,0,11,0,0,1,1,2,0.4329,0.4103,0.6824,0.1801,25
4,0,11,1,0,1,1,1,0.4989,0.4233,0.6518,0.1012,16
4,0,11,2,0,1,1,2,0.2906,0.2528,0.7313,0.465,7
4,0,11,3,0,1,1,1,0.3291,0.2978,0.595,0.2089,9
4,0,11,4,0,1,1,1,0.1797,0.1541,0.762,0.2763,15
4,0,11,5,0,1,1,1,0.3797,0.3988,0.5073,0.1513,35
4,0,11,6,0,1,1,1,0.1507,0.108,0.4517,0.2321,92
4,0,11,7,0,1,1,2,0.2137,0.1564,0.7347,0.3745,160
4,0,11,8,0,1,1,1,0.3157,0.287,0.5323,0.2974,301
4,0,11,9,0,1,1,1,0.3458,0.3319,0.5704,0.2434,162
4,0,11,10,0,1,1,3,0.2036,0.2085,0.5365,0.1499,84
4,0,11,11,0,1,1,2,0.2695,0.2906,0.7327,0.1973,126
4,0,11,12,0,1,1,1,0.1911,0.1171,0.5654,0.1659,182
4,0,11,13,0,1,1,1,0.2852,0.3216,0.8279,0.2715,163
4,0,11,14,0,1,1,1,0.2514,0.2143,0.7532,0.2384,131
4,0,11,15,0,1,1,3,0.2629,0.2414,0.6928,0.3822,116
4,0,11,16,0,1,1,1,0.353,0.3361,0.853,0.2521,243
4,0,11,17,0,1,1,3,0.3271,0.2457,0.549,0.1527,151
4,0,11,18,1,1,0,1,0.3467,0.3164,0.6767,0.1536,119
4,0,11,19,0,1,1,2,0.2984,0.3132,0.3863,0.1729,149
4,0,11,20,0,1,1,1,0.3576,0.3587,0.5977,0.3421,137
4,0,11,21,0,1,1,2,0.305,0.2747,0.503,0.4211,115
4,0,11,22,0,1,1,1,0.273,0.2658,0.7703,0.3874,80
4,0,11,23,0,1,1,1,0.3474,0.3439,0.8123,0.4886,57
4,0,11,0,0,2,1,4,0.2743,0.2528,0.628,0.0897,16
4,0,11,1,0,2,1,2,0.2809,0.2816,0.9348,0.0976,13
4,0,11,2,0,2,1,1,0.3787,0.3358,0.5592,0.1369,11
4,0,11,3,0,2,1,2,0.3721,0.3251,0.5181,0.1905,7
4,0,11,4,0,2,1,1,0.2831,0.2601,0.5957,0.5693,13
4,0,11,5,0,2,1,3,0.365,0.2743,0.7064,0.0844,37
4,0,11,6,0,2,1,1,0.2145,0.2245,0.7741,0.1393,96
4,0,11,7,0,2,1,1,0.2835,0.2718,0.7557,0.198,263
4,0,11,8,0,2,1,1,0.2513,0.2321,0.6199,0.3836,279
4,0,11,9,0,2,1,1,0.3038,0.3125,0.7954,0.177,174
4,0,11,10,0,2,1,3,0.3553,0.3492,0.5983,0.327,101
4,0,11,11,0,2,1,1,0.3428,0.3576,1.0,0.4317,148
4,0,11,12,0,2,1,1,0.3333,0.364,0.7895,0.4595,199
4,0,11,13,0,2,1,2,0.3135,0.3078,0.4188,0.2329,140
4,0,11,14,0,2,1,1,0.2928,0.2565,0.6021,0.0859,114
4,0,11,15,0,2,1,1,0.388,0.3904,0.5699,0.3458,165
4,0,11,16,0,2,1,2,0.1957,0.1644,0.9149,0.1097,191
4,0,11,17,0,2,1,1,0.2573,0.2215,0.5487,0.3112,224
4,0,11,18,0,2,1,2,0.3327,0.3073,0.3904,0.4935,184
4,0,11,19,0,2,1,2,0.4109,0.4251,0.7827,0.1243,179
4,0,11,20,0,2,1,1,0.2797,0.2882,0.3157,0.4056,140
4,0,11,21,0,2,1,2,0.2857,0.298,0.6187,0.2399,80
4,0,11,22,0,2,1,1,0.2136,0.2066,0.7583,0.2953,106
4,0,11,23,0,2,1,2,0.266,0.2698,0.6153,0.7057,48
4,0,11,0,0,3,1,2,0.35,0.3506,0.8323,0.2453,20
4,0,11,1,1,3,0,2,0.411,0.3698,0.7087,0.2933,5
4,0,11,2,0,3,1,1,0.2799,0.2836,0.5521,0.564,9
4,0,11,3,0,3,1,2,0.2445,0.2322,0.6877,0.2293,8
4,0,11,4,0,3,1,1,0.3053,0.2779,0.8711,0.5043,15
4,0,11,5,0,3,1,3,0.1874,0.1673,0.6911,0.4873,20
4,0,11,6,0,3,1,1,0.3869,0.351,0.725,0.1986,118
4,0,11,7,0,3,1,2,0.2143,0.1952,0.7176,0.6411,196
4,0,11,8,0,3,1,2,0.3224,0.3061,0.5752,0.3352,303
4,0,11,9,0,3,1,1,0.3214,0.3253,0.4624,0.3707,165
4,0,11,10,0,3,1,1,0.3444,0.3725,0.7082,0.4181,129
4,0,11,11,0,3,1,3,0.3183,0.3195,0.8363,0.7199,122
4,0,11,12,0,3,1,2,0.3006,0.2891,0.7335,0.1742,175
4,0,11,13,0,3,1,2,0.3305,0.2539,0.5006,0.5745,100
4,0,11,14,0,3,1,1,0.3589,0.4135,0.7128,0.5795,134
4,0,11,15,0,3,1,2,0.4262,0.3837,0.7753,0.2263,124
4,0,11,16,0,3,1,1,0.2233,0.1918,0.8053,0.1633,218
4,0,11,17,0,3,1,2,0.1717,0.2011,0.7365,0.0818,257
4,0,11,18,0,3,1,1,0.1922,0.1495,0.6932,0.0786,248
4,0,11,19,0,3,1,2,0.1735,0.176,0.5858,0.1657,161
4,0,11,20,0,3,1,2,0.2165,0.1918,0.6403,0.0711,140
4,0,11,21,0,3,1,1,0.2076,0.1896,0.7822,0.4389,105
4,0,11,22,0,3,1,2,0.2713,0.2592,0.561,0.394,81
4,0,11,23,1,3,0,1,0.3603,0.3065,0.5565,0.2401,28
4,0,11,0,0,4,1,1,0.3409,0.3201,0.7478,0.093,34
4,0,11,1,1,4,0,1,0.2535,0.2716,0.7072,0.2527,7
4,0,11,2,0,4,1,1,0.2595,0.2443,0.8375,0.5974,10
4,0,11,3,0,4,1,1,0.4378,0.5209,0.771,0.1345,11
4,0,11,4,0,4,1,2,0.3387,0.3245,0.5955,0.2634,11
4,0,11,5,0,4,1,2,0.3091,0.2578,0.8476,0.3358,25
4,0,11,6,0,4,1,1,0.3055,0.2746,0.6985,0.3178,96
4,0,11,7,0,4,1,3,0.2768,0.2049,0.7467,0.4774,189
4,0,11,8,0,4,1,3,0.4372,0.4477,0.6199,0.6034,189
4,0,11,9,0,4,1,1,0.2837,0.3177,0.7237,0.2711,191
4,0,11,10,0,4,1,1,0.3075,0.3174,0.5999,0.8115,119
4,0,11,11,1,4,0,3,0.1816,0.1473,0.4076,0.1129,45
4,0,11,12,0,4,1,1,0.2525,0.2137,0.8807,0.2548,215
4,0,11,13,0,4,1,1,0.2585,0.2677,0.5588,0.2493,171
4,0,11,14,0,4,1,3,0.3311,0.2989,0.5958,0.3909,98
4,0,11,15,0,4,1,2,0.2428,0.2048,0.5881,0.4984,162
4,0,11,16,0,4,1,2,0.3004,0.2562,0.8814,0.0196,179
4,0,11,17,0,4,1,3,0.2546,0.2979,0.7215,0.1499,203
4,0,11,18,0,4,1,1,0.22,0.1951,0.7396,0.3266,218
4,0,11,19,0,4,1,2,0.2171,0.2312,0.7796,0.3135,161
4,0,11,20,0,4,1,2,0.2849,0.2871,0.7544,0.084,114
4,0,11,21,0,4,1,1,0.3042,0.2636,0.6902,0.2323,110
4,0,11,22,0,4,1,1,0.2835,0.2705,0.6863,0.2243,92
4,0,11,23,0,4,1,1,0.2387,0.1968,0.8435,0.1151,68
4,0,11,0,0,5,0,2,0.284,0.3132,0.5178,0.3769,17
4,0,11,1,0,5,0,2,0.2711,0.2302,0.5571,0.0913,9
4,0,11,2,0,5,0,3,0.2207,0.2206,0.741,0.3138,4
4,0,11,3,0,5,0,1,0.2995,0.2697,0.7028,0.5386,6
4,0,11,4,0,5,0,2,0.4204,0.3716,0.6215,0.2325,8
4,0,11,5,0,5,0,1,0.2832,0.3013,0.9483,0.7031,30
4,0,11,6,0,5,0,3,0.1914,0.1662,0.5206,0.6023,46
4,0,11,7,1,5,0,2,0.3964,0.3217,0.6686,0.0388,81
4,0,11,8,0,5,0,2,0.3816,0.3753,0.6964,0.5978,169
4,0,11,9,0,5,0,1,0.3939,0.353,0.6137,0.103,97
4,0,11,10,0,5,0,1,0.2907,0.2809,0.5823,0.5333,69
4,0,11,11,0,5,0,1,0.2388,0.2525,0.6254,0.4415,115
4,0,11,12,0,5,0,2,0.2311,0.2303,0.8529,0.2929,88
4,0,11,13,0,5,0,1,0.3735,0.3815,0.6161,0.1131,151
4,0,11,14,0,5,0,2,0.4061,0.3468,0.7089,0.4369,77
4,0,11,15,0,5,0,1,0.2292,0.2537,0.589,0.3709,93
4,0,11,16,0,5,0,2,0.1172,0.1025,0.7471,0.2048,120
4,0,11,17,0,5,0,1,0.2924,0.235,0.7909,0.0914,204
4,0,11,18,0,5,0,1,0.2303,0.1452,0.6387,0.1416,177
4,0,11,19,0,5,0,2,0.2441,0.2227,0.7439,0.0874,97
4,0,11,20,0,5,0,1,0.277,0.2395,0.6458,0.3528,103
4,0,11,21,0,5,0,1,0.3223,0.2831,0.6647,0.3219,63
4,0,11,22,0,5,0,2,0.239,0.2371,0.7135,0.1394,62
4,0,11,23,0,5,0,1,0.3032,0.3396,0.6971,0.253,37
4,0,11,0,0,6,0,2,0.2815,0.2404,0.6872,0.2292,16
4,0,11,1,0,6,0,2,0.1289,0.1253,0.4818,0.0408,10
4,0,11,2,0,6,0,1,0.3285,0.295,0.5103,0.3615,6
4,0,11,3,0,6,0,1,0.2587,0.2162,0.451,0.2099,7
4,0,11,4,0,6,0,1,0.2018,0.1613,0.4903,0.126,11
4,0,11,5,0,6,0,1,0.2395,0.2768,0.7137,0.3414,31
4,0,11,6,0,6,0,1,0.3045,0.2897,0.6161,0.343,60
4,0,11,7,0,6,0,2,0.2935,0.2732,0.5827,0.095,114
4,0,11,8,0,6,0,1,0.3354,0.2981,0.8748,0.098,212
4,0,11,9,0,6,0,3,0.3209,0.3068,0.8028,0.3388,83
4,0,11,10,0,6,0,2,0.2083,0.1787,0.4677,0.0566,87
4,0,11,11,0,6,0,1,0.0835,0.1372,0.5543,0.3072,99
4,0,11,12,0,6,0,2,0.2988,0.2914,0.5446,0.3167,98
4,0,11,13,1,6,0,1,0.3345,0.3219,0.666,0.2036,67
4,0,11,14,0,6,0,1,0.2761,0.2658,0.5035,0.2188,87
4,0,11,15,0,6,0,3,0.3366,0.359,0.5767,0.3057,63
4,0,11,16,0,6,0,1,0.2202,0.2085,0.7086,0.6993,138
4,0,11,17,0,6,0,1,0.2661,0.2385,0.6424,0.0752,255
4,0,11,18,0,6,0,3,0.2259,0.2194,0.5013,0.0984,126
4,0,11,19,0,6,0,3,0.3391,0.3459,0.6707,0.2639,105
4,0,11,20,0,6,0,2,0.2266,0.2507,0.674,0.3044,102
4,0,11,21,0,6,0,2,0.4345,0.4192,0.6842,0.4956,67
4,0,11,22,0,6,0,2,0.2552,0.2493,0.4896,0.1143,57
4,0,11,23,0,6,0,2,0.3462,0.3587,0.7762,0.1163,34
4,0,11,0,0,0,1,2,0.2528,0.1581,0.5982,0.518,20
4,0,11,1,0,0,1,2,0.3807,0.3643,0.5198,0.4052,11
4,0,11,2,0,0,1,2,0.378,0.3416,0.6663,0.1762,9
4,0,11,3,0,0,1,1,0.2644,0.2529,0.7374,0.1919,8
4,0,11,4,0,0,1,1,0.3063,0.3016,0.7295,0.4957,14
4,0,11,5,0,0,1,1,0.3762,0.3947,0.8124,0.136,41
4,0,11,6,0,0,1,1,0.3083,0.2514,0.5817,0.4229,100
4,0,11,7,0,0,1,1,0.2226,0.1899,0.4636,0.4243,247
4,0,11,8,0,0,1,1,0.2919,0.2506,0.6186,0.1676,363
4,0,11,9,0,0,1,3,0.2346,0.2047,0.3187,0.5955,87
4,0,11,10,0,0,1,1,0.2976,0.2416,0.5579,0.1649,129
4,0,11,11,0,0,1,1,0.2319,0.2844,0.6177,0.439,165
4,0,11,12,0,0,1,2,0.3131,0.3236,0.5987,0.4066,171
4,0,11,13,0,0,1,1,0.1618,0.1305,0.7191,0.0324,187
4,0,11,14,1,0,0,2,0.2085,0.1985,0.6554,0.1477,45
4,0,11,15,0,0,1,2,0.2315,0.2069,0.7116,0.4843,103
4,0,11,16,0,0,1,2,0.2758,0.2667,0.6916,0.3748,211
4,0,11,17,0,0,1,1,0.1812,0.1491,0.4798,0.0711,301
4,0,11,18,1,0,0,1,0.2252,0.1682,0.7301,0.2823,104
4,0,11,19,0,0,1,2,0.3415,0.3073,0.5932,0.364,171
4,0,11,20,0,0,1,1,0.3498,0.3738,0.6837,0.1292,150
4,0,11,21,0,0,1,1,0.1097,0.0596,0.7133,0.3961,120
4,0,11,22,0,0,1,1,0.246,0.2666,0.5625,0.3916,64
4,0,11,23,0,0,1,2,0.3763,0.3742,0.575,0.4306,52
4,0,11,0,0,1,1,2,0.3108,0.2833,0.6614,0.2649,27
4,0,11,1,0,1,1,2,0.3123,0.3192,0.5996,0.5037,12
4,0,11,2,0,1,1,2,0.3233,0.3134,0.8637,0.463,7
4,0,11,3,0,1,1,1,0.2167,0.1417,0.6586,0.2287,9
4,0,11,4,0,1,1,3,0.2988,0.2717,0.5179,0.0171,12
4,0,11,5,0,1,1,2,0.3168,0.2897,0.9075,0.3903,39
4,0,11,6,0,1,1,1,0.2913,0.3201,0.6995,0.2379,108
4,0,11,7,0,1,1,2,0.2562,0.2314,0.6529,0.4397,205
4,0,11,8,0,1,1,1,0.2804,0.2601,0.8395,0.4123,301
4,0,11,9,0,1,1,3,0.204,0.1589,0.6943,0.3607,111
4,0,11,10,0,1,1,1,0.3268,0.3085,0.6475,0.2924,130
4,0,11,11,0,1,1,1,0.1833,0.1385,0.4654,0.4676,172
4,0,11,12,0,1,1,3,0.2266,0.2479,0.3824,0.1075,137
4,0,11,13,0,1,1,2,0.3315,0.3023,0.8038,0.5894,110
4,0,11,14,0,1,1,1,0.3041,0.2532,0.6933,0.5761,111
4,0,11,15,0,1,1,2,0.2499,0.2742,0.6332,0.242,123
4,0,11,16,0,1,1,2,0.1639,0.1165,0.6404,0.2283,159
4,0,11,17,0,1,1,1,0.2806,0.2742,0.6941,0.1395,252
4,0,11,18,0,1,1,2,0.2397,0.1831,0.7335,0.1123,264
4,0,11,19,0,1,1,2,0.3174,0.3103,0.564,0.0648,165
4,0,11,20,0,1,1,2,0.2476,0.2673,0.6805,0.3472,144
4,0,11,21,0,1,1,4,0.1612,0.1337,0.7205,0.1588,73
4,0,11,22,0,1,1,2,0.1869,0.1422,0.5972,0.1058,65
4,0,11,23,0,1,1,2,0.2539,0.2067,0.3903,0.1251,48
4,0,11,0,0,2,1,2,0.2882,0.2721,0.5644,0.4649,21
4,0,11,1,0,2,1,1,0.1991,0.247,0.5004,0.0611,16
4,0,11,2,0,2,1,1,0.2275,0.2482,0.799,0.0606,9
4,0,11,3,0,2,1,3,0.3361,0.3544,0.5413,0.5181,5
4,0,11,4,0,2,1,2,0.3583,0.3083,0.5371,0.499,11
4,0,11,5,0,2,1,1,0.3,0.3179,0.579,0.5769,41
4,0,11,6,0,2,1,1,0.2606,0.2772,0.757,0.0927,109
4,0,11,7,0,2,1,1,0.2371,0.2344,0.7623,0.1653,206
4,0,11,8,0,2,1,1,0.3183,0.2835,0.5602,0.1015,281
4,0,11,9,0,2,1,1,0.2585,0.2747,0.6027,0.3175,174
4,0,11,10,0,2,1,2,0.345,0.3074,0.6356,0.4362,109
4,0,11,11,0,2,1,1,0.3487,0.351,0.8237,0.1585,145
4,0,11,12,0,2,1,2,0.3093,0.2824,0.4105,0.1628,162
4,0,11,13,0,2,1,3,0.2458,0.2039,0.4864,0.1508,108
4,0,11,14,0,2,1,4,0.2512,0.2265,0.9485,0.1337,81
4,0,11,15,0,2,1,2,0.1655,0.2163,0.7981,0.4135,126
4,0,11,16,0,2,1,1,0.2769,0.2281,0.4779,0.0528,242
4,0,11,17,0,2,1,2,0.2747,0.2907,1.0,0.0713,268
4,0,11,18,0,2,1,2,0.1842,0.2002,0.7333,0.6575,206
4,0,11,19,0,2,1,1,0.4461,0.4183,0.6703,0.4213,204
4,0,11,20,0,2,1,3,0.3195,0.287,0.8341,0.3331,98
4,0,11,21,0,2,1,2,0.2218,0.1732,0.5519,0.3118,83
4,0,11,22,0,2,1,2,0.4244,0.4418,0.5985,0.2704,64
4,0,11,23,0,2,1,1,0.2459,0.1979,0.666,0.2462,62
4,0,11,0,0,3,1,1,0.3356,0.2352,0.7168,0.0598,38
4,0,11,1,0,3,1,3,0.2836,0.2786,0.6967,0.3562,9
4,0,11,2,0,3,1,1,0.2451,0.1924,0.6808,0.5751,9
4,0,11,3,1,3,0,1,0.2539,0.2379,0.6087,0.2216,3
4,0,11,4,0,3,1,2,0.378,0.3188,0.6985,0.5003,12
4,0,11,5,0,3,1,2,0.3388,0.3044,0.6885,0.3715,30
4,0,11,6,0,3,1,1,0.2689,0.2575,0.655,0.4125,90
4,0,11,7,0,3,1,1,0.1339,0.1354,0.6244,0.0877,207
4,0,11,8,0,3,1,2,0.2988,0.324,0.5939,0.3249,275
4,0,11,9,0,3,1,3,0.1902,0.1807,0.4805,0.3919,144
4,0,11,10,0,3,1,2,0.3152,0.3026,0.827,0.1323,90
4,0,11,11,0,3,1,2,0.2275,0.2089,0.7462,0.3305,119
4,0,11,12,0,3,1,1,0.2348,0.2508,0.777,0.4944,228
4,0,11,13,0,3,1,2,0.2328,0.1872,0.5171,0.3799,160
4,0,11,14,0,3,1,2,0.3489,0.3183,0.5962,0.2103,120
4,0,11,15,0,3,1,2,0.1538,0.1461,0.6478,0.1418,133
4,0,11,16,0,3,1,2,0.3291,0.2855,0.6991,0.3662,161
4,0,11,17,0,3,1,1,0.3014,0.3282,0.5639,0.0436,273
4,0,11,18,0,3,1,1,0.2724,0.2683,0.8643,0.5298,214
4,0,11,19,0,3,1,2,0.2461,0.197,0.7618,0.6822,163
4,0,11,20,0,3,1,1,0.3115,0.3082,0.6779,0.1433,144
4,0,11,21,0,3,1,2,0.2467,0.2736,0.6926,0.0711,105
4,0,11,22,0,3,1,2,0.246,0.2121,0.6297,0.5726,90
4,0,11,23,0,3,1,1,0.2819,0.3087,0.5744,0.3261,57
4,0,11,0,0,4,1,2,0.3948,0.3827,0.3663,0.1096,25
4,0,11,1,0,4,1,2,0.1685,0.1661,0.7607,0.1652,14
4,0,11,2,0,4,1,3,0.3094,0.3299,0.6626,0.1858,7
4,0,11,3,0,4,1,1,0.2644,0.2572,0.7976,0.5136,9
4,0,11,4,0,4,1,1,0.2589,0.2577,0.7254,0.4486,11
4,0,11,5,0,4,1,1,0.1675,0.1619,0.6522,0.0261,57
4,0,11,6,0,4,1,1,0.1515,0.0913,0.6664,0.3491,108
4,0,11,7,0,4,1,2,0.2982,0.2956,0.5673,0.4456,207
4,0,11,8,0,4,1,1,0.1855,0.1838,0.5122,0.4021,323
4,0,11,9,0,4,1,1,0.3455,0.3168,0.5368,0.0908,206
4,0,11,10,0,4,1,3,0.2033,0.1166,0.5404,0.3197,88
4,0,11,11,0,4,1,1,0.3129,0.316,0.6323,0.131,204
4,0,11,12,0,4,1,1,0.234,0.1965,0.7495,0.263,175
4,0,11,13,0,4,1,3,0.2307,0.1854,0.7377,0.2223,85
4,0,11,14,0,4,1,2,0.2104,0.1632,0.4734,0.185,109
4,0,11,15,0,4,1,1,0.3049,0.2309,0.7588,0.094,140
4,0,11,16,0,4,1,3,0.3245,0.3221,0.6726,0.0738,166
4,0,11,17,0,4,1,2,0.2523,0.3103,0.7396,0.2863,213
4,0,11,18,0,4,1,1,0.3158,0.2826,0.7173,0.3479,249
4,0,11,19,0,4,1,1,0.2753,0.2861,0.4547,0.543,171
4,0,11,20,0,4,1,3,0.181,0.1691,0.6794,0.1237,107
4,0,11,21,0,4,1,1,0.3009,0.2941,0.8322,0.7578,94
4,0,11,22,0,4,1,2,0.2533,0.2387,0.5132,0.1905,70
4,0,11,23,0,4,1,1,0.0914,0.1103,0.5447,0.355,45
4,0,11,0,0,5,0,1,0.244,0.1955,0.4163,0.3378,21
4,0,11,1,0,5,0,3,0.1528,0.1481,0.6009,0.5046,7
4,0,11,2,0,5,0,4,0.1851,0.2099,0.4784,0.4114,3
4,0,11,3,0,5,0,1,0.2539,0.2622,0.5517,0.1904,6
4,0,11,4,1,5,0,1,0.2661,0.2626,0.6845,0.3841,6
4,0,11,5,0,5,0,2,0.2129,0.2052,0.7529,0.3968,23
4,0,11,6,0,5,0,2,0.3082,0.282,0.4222,0.3412,56
4,0,11,7,0,5,0,1,0.2633,0.2396,0.5998,0.2853,122
4,0,11,8,0,5,0,1,0.2417,0.183,0.627,0.1529,214
4,0,11,9,0,5,0,3,0.2744,0.2757,0.6394,0.0825,90
4,0,11,10,0,5,0,1,0.3557,0.3788,0.7509,0.4704,92
4,0,11,11,0,5,0,1,0.1208,0.1236,0.7512,0.6069,131
4,0,11,12,0,5,0,1,0.3623,0.3447,0.7613,0.3147,113
4,0,11,13,0,5,0,1,0.2282,0.2347,0.6841,0.0537,134
4,0,11,14,0,5,0,2,0.2168,0.1424,0.6248,0.3704,80
4,0,11,15,0,5,0,1,0.2432,0.2158,0.5938,0.3072,103
4,0,11,16,0,5,0,2,0.2093,0.1966,0.7274,0.1455,146
4,0,11,17,0,5,0,1,0.1985,0.1374,0.5539,0.1006,199
4,0,11,18,0,5,0,1,0.3306,0.3189,0.5547,0.2233,182
4,0,11,19,0,5,0,3,0.2825,0.2129,0.7148,0.1233,86
4,0,11,20,0,5,0,2,0.1371,0.151,0.7447,0.023,87
4,0,11,21,0,5,0,1,0.3185,0.3094,0.6552,0.038,73
4,0,11,22,0,5,0,1,0.3083,0.2872,0.7311,0.4373,64
4,0,11,23,0,5,0,2,0.1674,0.1819,0.6229,0.043,44
4,0,11,0,0,6,0,2,0.281,0.2713,0.6365,0.4219,16
4,0,11,1,0,6,0,2,0.3118,0.3105,0.6984,0.1016,9
4,0,11,2,0,6,0,2,0.156,0.1568,0.5602,0.4458,5
4,0,11,3,0,6,0,1,0.2883,0.2481,0.7405,0.1795,5
4,0,11,4,0,6,0,3,0.2211,0.2571,0.6253,0.2978,7
4,0,11,5,0,6,0,1,0.3063,0.3284,0.6331,0.3567,30
4,0,11,6,0,6,0,1,0.203,0.2057,0.6649,0.0704,83
4,0,11,7,0,6,0,2,0.3413,0.3288,0.7541,0.2099,153
4,0,11,8,0,6,0,1,0.2513,0.2612,0.3897,0.2428,211
4,0,11,9,0,6,0,1,0.2253,0.2518,0.5023,0.2803,128
4,0,11,10,0,6,0,1,0.2178,0.264,0.7775,0.2091,73
4,0,11,11,0,6,0,2,0.3295,0.2968,0.713,0.2029,131
4,0,11,12,0,6,0,2,0.2177,0.2382,0.6015,0.4402,85
4,0,11,13,0,6,0,2,0.3426,0.3228,0.6625,0.3201,111
4,0,11,14,0,6,0,1,0.2833,0.2208,0.726,0.2094,81
4,0,11,15,0,6,0,1,0.1714,0.1879,0.8407,0.2182,112
4,0,11,16,0,6,0,2,0.2702,0.3007,0.604,0.1092,155
4,0,11,17,0,6,0,2,0.2716,0.2872,0.8124,0.3019,196
4,0,11,18,0,6,0,2,0.1691,0.1556,0.7225,0.2597,145
4,0,11,19,0,6,0,1,0.2689,0.2671,0.5435,0.6466,112
4,0,11,20,0,6,0,1,0.3063,0.312,0.5814,0.0994,92
4,0,11,21,0,6,0,1,0.3473,0.3471,0.7995,0.2068,78
4,0,11,22,0,6,0,2,0.3443,0.3639,0.8241,0.18,48
4,0,11,23,0,6,0,2,0.4356,0.4421,0.6485,0.2812,41
4,0,11,0,0,0,1,4,0.2655,0.2348,0.7858,0.0931,15
4,0,11,1,0,0,1,1,0.3042,0.2898,0.6962,0.6055,11
4,0,11,2,0,0,1,1,0.223,0.1967,0.6457,0.2155,8
4,0,11,3,0,0,1,2,0.3973,0.3823,0.6765,0.1925,9
4,0,11,4,0,0,1,1,0.2031,0.1368,0.4864,0.2358,13
4,0,11,5,0,0,1,2,0.3942,0.4323,0.6212,0.0917,41
4,0,11,6,0,0,1,2,0.3852,0.3425,0.5906,0.3134,94
4,0,11,7,0,0,1,1,0.2105,0.1846,0.774,0.3987,193
4,0,11,8,0,0,1,1,0.338,0.3235,0.6836,0.7868,261
4,0,11,9,0,0,1,1,0.2974,0.2412,0.6253,0.2238,178
4,0,11,10,0,0,1,2,0.2366,0.2147,0.7873,0.4271,114
4,0,11,11,0,0,1,1,0.2559,0.2482,0.4723,0.4788,168
4,0,11,12,0,0,1,1,0.284,0.3193,0.5393,0.5444,164
4,0,11,13,0,0,1,1,0.2907,0.2804,0.8054,0.3847,150
4,0,11,14,0,0,1,2,0.37,0.3393,0.7307,0.0332,116
4,0,11,15,0,0,1,3,0.3054,0.2564,0.4637,0.5854,138
4,0,11,16,0,0,1,3,0.2115,0.2651,0.6799,0.1857,129
4,0,11,17,0,0,1,2,0.3175,0.3039,0.5017,0.1195,238
4,0,11,18,0,0,1,1,0.1431,0.1384,0.6026,0.2031,253
4,0,11,19,0,0,1,1,0.2384,0.1853,0.7087,0.2979,167
4,0,11,20,0,0,1,2,0.2451,0.2486,0.6496,0.2158,135
4,0,11,21,0,0,1,2,0.3115,0.2783,0.6454,0.121,91
4,0,11,22,0,0,1,2,0.3894,0.4141,0.5549,0.3813,72
4,0,11,23,0,0,1,1,0.2807,0.2806,0.7922,0.2159,51
4,0,11,0,0,1,1,3,0.2372,0.2291,0.7127,0.4275,17
4,0,11,1,0,1,1,1,0.2137,0.1633,0.5565,0.2841,14
4,0,11,2,0,1,1,2,0.321,0.302,0.6678,0.6096,6
4,0,11,3,0,1,1,3,0.2489,0.23,0.6159,0.194,6
4,0,11,4,0,1,1,2,0.2273,0.2196,0.5873,0.2522,13
4,0,11,5,1,1,0,2,0.3291,0.2536,0.6704,0.4115,18
4,0,11,6,0,1,1,2,0.3444,0.2999,0.8537,0.5449,75
4,0,11,7,0,1,1,2,0.1954,0.1707,0.549,0.2109,149
4,0,11,8,0,1,1,2,0.1578,0.1649,0.7206,0.4645,192
4,0,11,9,0,1,1,1,0.2557,0.185,0.7557,0.339,161
4,0,11,10,0,1,1,1,0.1827,0.215,0.7116,0.1657,113
4,0,11,11,0,1,1,2,0.1731,0.2018,0.7626,0.1239,145
4,0,11,12,0,1,1,2,0.1897,0.1504,0.6449,0.1061,126
4,0,11,13,1,1,0,2,0.3358,0.3931,0.7121,0.4199,47
4,0,11,14,0,1,1,1,0.3081,0.2998,0.6678,0.0497,117
4,0,11,15,0,1,1,1,0.4346,0.4096,0.4991,0.1468,151
4,0,11,16,0,1,1,1,0.2176,0.2245,0.5282,0.275,195
4,0,11,17,0,1,1,3,0.3556,0.3504,0.7797,0.3303,190
4,0,11,18,0,1,1,1,0.2971,0.2858,0.598,0.7024,231
4,0,11,19,0,1,1,1,0.2236,0.1799,0.6141,0.2975,183
4,0,11,20,0,1,1,1,0.2523,0.2265,0.7449,0.1386,148
4,0,11,21,0,1,1,2,0.2233,0.2228,0.6383,0.0841,100
4,0,11,22,0,1,1,1,0.2807,0.2916,0.7384,0.5803,68
4,0,11,23,0,1,1,2,0.3316,0.3582,0.6403,0.1611,53
4,0,11,0,0,2,1,1,0.2339,0.2085,0.5288,0.2827,27
4,0,11,1,0,2,1,1,0.3191,0.3055,0.7744,0.5858,10
4,0,11,2,0,2,1,1,0.3487,0.3115,0.5536,0.4458,8
4,0,11,3,0,2,1,1,0.3643,0.3789,0.8038,0.3307,7
4,0,11,4,0,2,1,2,0.1776,0.1594,0.7212,0.1679,12
4,0,11,5,0,2,1,3,0.2563,0.2258,0.5898,0.4065,31
4,0,11,6,0,2,1,2,0.3094,0.2958,0.7238,0.1646,78
4,0,11,7,0,2,1,3,0.1837,0.1243,0.5967,0.1562,163
4,0,11,8,0,2,1,1,0.1681,0.1759,0.5607,0.2779,321
4,0,11,9,0,2,1,3,0.2579,0.2357,0.6778,0.2968,110
4,0,11,10,0,2,1,1,0.2308,0.3023,0.7458,0.3554,130
4,0,11,11,0,2,1,2,0.2477,0.2167,0.6857,0.3039,133
4,0,11,12,0,2,1,2,0.2267,0.2074,0.564,0.5829,150
4,0,11,13,0,2,1,1,0.4109,0.4209,0.4907,0.5186,158
4,0,11,14,0,2,1,1,0.2274,0.2395,0.6313,0.4038,132
4,0,11,15,0,2,1,1,0.3007,0.3168,0.521,0.2855,157
4,0,11,16,0,2,1,1,0.296,0.2728,0.6406,0.0616,198
4,0,11,17,0,2,1,2,0.1415,0.1,0.6483,0.2315,232
4,0,11,18,0,2,1,3,0.3624,0.4243,0.7379,0.1071,183
4,0,11,19,0,2,1,1,0.3035,0.3038,0.7299,0.0851,178
4,0,11,20,0,2,1,2,0.2707,0.2639,0.7703,0.2535,119
4,0,11,21,0,2,1,2,0.3337,0.3412,0.6503,0.253,99
4,0,11,22,0,2,1,1,0.2564,0.2045,0.6042,0.1725,97
4,0,11,23,0,2,1,1,0.3215,0.2917,0.7051,0.3078,74
4,0,11,0,0,3,1,1,0.1256,0.0881,0.7026,0.5439,27
4,0,11,1,0,3,1,2,0.3142,0.3035,0.6973,0.2202,13
4,0,11,2,0,3,1,1,0.2698,0.215,0.881,0.5017,9
4,0,11,3,0,3,1,1,0.2709,0.2776,0.7315,0.1739,9
4,0,11,4,0,3,1,1,0.198,0.2236,0.7938,0.3914,12
4,0,11,5,0,3,1,2,0.2416,0.264,0.5217,0.3,32
4,0,11,6,0,3,1,2,0.2396,0.2408,0.5349,0.481,78
4,0,11,7,0,3,1,1,0.1772,0.1741,0.5589,0.3391,200
4,0,11,8,0,3,1,2,0.282,0.2554,0.6536,0.0784,231
4,0,11,9,0,3,1,3,0.3671,0.3622,0.6346,0.2851,103
4,0,11,10,0,3,1,1,0.1575,0.1463,0.6834,0.2417,140
4,0,11,11,0,3,1,1,0.2913,0.2206,0.8501,0.1769,123
4,0,11,12,0,3,1,1,0.2275,0.1977,0.641,0.1911,208
4,0,11,13,0,3,1,1,0.2194,0.2322,0.7099,0.0508,192
4,0,11,14,0,3,1,2,0.2622,0.2153,0.661,0.2567,121
4,0,11,15,0,3,1,2,0.2633,0.2157,0.7816,0.1012,124
4,0,11,16,0,3,1,2,0.2699,0.2504,0.7282,0.2999,191
4,0,11,17,0,3,1,1,0.1778,0.1038,0.6458,0.651,264
4,0,11,18,0,3,1,2,0.3333,0.3385,0.7671,0.3473,169
4,0,11,19,0,3,1,1,0.2626,0.2687,0.725,0.2779,213
4,0,11,20,0,3,1,1,0.2985,0.312,0.7554,0.4578,140
4,0,11,21,0,3,1,1,0.342,0.3315,0.6571,0.4561,126
4,0,11,22,0,3,1,3,0.1225,0.0908,0.7315,0.2455,49
4,0,11,23,0,3,1,2,0.3011,0.2491,0.6245,0.4157,53
4,0,11,0,0,4,1,2,0.2428,0.2472,0.5291,0.4001,26
4,0,11,1,0,4,1,2,0.3256,0.3308,0.5961,0.3723,16
4,0,11,2,0,4,1,1,0.1982,0.1548,0.7246,0.1326,8
4,0,11,3,0,4,1,1,0.3197,0.2662,0.7152,0.4843,6
4,0,11,4,0,4,1,2,0.1804,0.1708,0.5687,0.3188,13
4,0,11,5,0,4,1,3,0.2824,0.2724,0.8162,0.2993,27
4,0,11,6,0,4,1,2,0.2742,0.2885,0.5319,0.257,96
4,0,11,7,0,4,1,1,0.2434,0.2511,0.6709,0.2166,202
4,0,11,8,0,4,1,3,0.182,0.1705,0.6015,0.0675,228
4,0,11,9,0,4,1,1,0.2284,0.2481,0.6745,0.3474,162
4,0,11,10,0,4,1,1,0.3189,0.2924,0.5009,0.1138,146
4,0,11,11,0,4,1,1,0.3584,0.3312,0.4511,0.3927,163
4,0,11,12,0,4,1,1,0.391,0.3969,0.578,0.421,200
4,0,11,13,0,4,1,2,0.2911,0.3053,0.7326,0.1612,152
4,0,11,14,0,4,1,2,0.2719,0.2878,0.6736,0.34,116
4,0,11,15,0,4,1,1,0.2857,0.266,0.4885,0.3598,135
4,0,11,16,0,4,1,1,0.3893,0.3719,0.7672,0.1952,260
4,0,11,17,0,4,1,2,0.2907,0.2502,0.6776,0.2312,237
4,0,11,18,0,4,1,1,0.2604,0.2743,0.7415,0.1796,266
4,0,11,19,0,4,1,1,0.235,0.2055,0.6105,0.2798,180
4,0,11,20,0,4,1,1,0.2431,0.171,0.436,0.4175,155
4,0,11,21,0,4,1,3,0.2813,0.254,0.8296,0.3989,81
4,0,11,22,0,4,1,3,0.2017,0.1659,0.6306,0.282,64
4,0,11,23,0,4,1,1,0.2104,0.1187,0.7697,0.1846,53
4,0,11,0,0,5,0,2,0.2471,0.2176,0.6043,0.3419,19
4,0,11,1,0,5,0,3,0.22,0.2324,0.6616,0.0714,8
4,0,11,2,0,5,0,1,0.2934,0.2911,0.4552,0.0809,5
4,0,11,3,0,5,0,3,0.2988,0.2962,0.5511,0.3229,4
4,0,11,4,0,5,0,2,0.27,0.2993,0.8283,0.2105,9
4,0,11,5,0,5,0,2,0.2859,0.2542,0.7552,0.016,30
4,0,11,6,0,5,0,2,0.2598,0.2125,0.7925,0.1203,68
4,0,11,7,0,5,0,1,0.0,0.0148,0.7088,0.2328,141
4,0,11,8,0,5,0,2,0.1903,0.1915,0.6806,0.0888,181
4,0,11,9,0,5,0,2,0.3011,0.2481,0.765,0.0927,95
4,0,11,10,0,5,0,1,0.1929,0.178,0.7602,0.3574,87
4,0,11,11,0,5,0,2,0.3115,0.3121,0.6867,0.1867,88
4,0,11,12,0,5,0,3,0.3154,0.3079,0.6619,0.1696,99
4,0,11,13,0,5,0,3,0.233,0.2433,0.7654,0.0907,92
4,0,11,14,0,5,0,2,0.2103,0.1796,0.5261,0.5224,87
4,0,11,15,0,5,0,1,0.2523,0.1971,0.6144,0.5388,108
4,0,11,16,0,5,0,1,0.2485,0.2087,0.4831,0.1635,147
4,0,11,17,0,5,0,1,0.2955,0.3067,0.5362,0.5298,145
4,0,11,18,1,5,0,2,0.0877,0.1144,0.6756,0.0836,96
4,0,11,19,0,5,0,2,0.2002,0.1852,0.7434,0.0474,133
4,0,11,20,0,5,0,3,0.1807,0.2171,0.8695,0.3944,80
4,0,11,21,0,5,0,1,0.0753,0.0667,0.6369,0.5048,72
4,0,11,22,0,5,0,3,0.217,0.1907,0.602,0.1723,43
4,0,11,23,0,5,0,3,0.1466,0.097,0.6416,0.1556,30
4,0,11,0,0,6,0,2,0.2219,0.2085,0.6788,0.1272,18
4,0,11,1,0,6,0,3,0.2149,0.2359,0.866,0.2684,6
4,0,11,2,0,6,0,1,0.2808,0.3048,0.6507,0.528,5
4,0,11,3,0,6,0,1,0.2315,0.252,0.5184,0.2319,7
4,0,11,4,0,6,0,1,0.1306,0.1391,0.6961,0.4734,11
4,0,11,5,0,6,0,1,0.2733,0.3075,0.6599,0.2479,28
4,0,11,6,0,6,0,1,0.4184,0.3684,0.6452,0.7099,73
4,0,11,7,0,6,0,2,0.3243,0.3436,0.6176,0.0711,152
4,0,11,8,0,6,0,1,0.2966,0.2902,0.8982,0.5182,189
4,0,11,9,0,6,0,1,0.2353,0.2299,0.5892,0.2671,124
4,0,11,10,0,6,0,1,0.2147,0.1612,0.4655,0.2493,104
4,0,11,11,0,6,0,2,0.2098,0.2095,0.5778,0.1009,91
4,0,11,12,0,6,0,3,0.2659,0.2872,0.5909,0.2706,90
4,0,11,13,0,6,0,1,0.1695,0.0972,0.4978,0.55,94
4,0,11,14,0,6,0,2,0.2644,0.2751,0.6271,0.299,63
4,0,11,15,0,6,0,3,0.2026,0.1239,0.8433,0.4023,84
4,0,11,16,0,6,0,2,0.129,0.08,0.4973,0.3623,109
4,0,11,17,0,6,0,2,0.2016,0.1887,0.4835,0.6743,154
4,0,11,18,0,6,0,2,0.3366,0.3673,0.7392,0.2439,160
4,0,11,19,0,6,0,3,0.2587,0.2419,0.6256,0.4042,87
4,0,11,20,0,6,0,1,0.0003,0.0144,0.6039,0.5676,99
4,0,11,21,0,6,0,2,0.2019,0.1645,0.7793,0.1425,66
4,0,11,22,0,6,0,1,0.3122,0.2908,0.5832,0.4456,71
4,0,11,23,0,6,0,1,0.2281,0.2151,0.4619,0.7281,34
4,0,11,0,0,0,1,2,0.2832,0.3179,0.7451,0.0136,34
4,0,11,1,0,0,1,2,0.2188,0.1855,0.6418,0.3325,10
4,0,11,2,0,0,1,3,0.2594,0.2266,0.6353,0.2443,5
4,0,11,3,0,0,1,3,0.249,0.2688,0.4151,0.292,6
4,0,11,4,0,0,1,2,0.2013,0.1838,0.529,0.4035,13
4,0,11,5,0,0,1,2,0.2865,0.2756,0.6252,0.4447,34
4,0,11,6,0,0,1,3,0.3537,0.3491,0.5213,0.1216,91
4,0,11,7,0,0,1,1,0.2734,0.2406,0.7637,0.1595,235
4,0,11,8,0,0,1,1,0.2538,0.1795,0.6413,0.3266,308
4,0,11,9,0,0,1,1,0.1875,0.2103,0.6202,0.2161,172
4,0,11,10,0,0,1,2,0.3122,0.3,0.766,0.2675,101
4,0,11,11,0,0,1,2,0.2107,0.1619,0.579,0.3148,119
4,0,11,12,0,0,1,2,0.2857,0.2948,0.6953,0.078,175
4,0,11,13,0,0,1,1,0.2998,0.3451,0.6491,0.3693,159
4,0,11,14,0,0,1,2,0.3156,0.3356,0.7498,0.1092,73
4,0,11,15,0,0,1,2,0.3169,0.3635,0.7016,0.1598,150
4,0,11,16,0,0,1,3,0.3144,0.2618,0.7242,0.3307,148
4,0,11,17,0,0,1,1,0.1586,0.1581,0.5879,0.4439,301
4,0,11,18,0,0,1,2,0.1864,0.1877,0.5819,0.1851,204
4,0,11,19,0,0,1,2,0.1504,0.1394,0.6382,0.4541,157
4,0,11,20,0,0,1,2,0.1457,0.1286,0.7235,0.2933,124
4,0,11,21,0,0,1,1,0.3533,0.2468,0.6948,0.2368,107
4,0,11,22,0,0,1,1,0.1775,0.2194,0.7426,0.2341,88
4,0,11,23,0,0,1,1,0.1676,0.1107,0.5482,0.32,57
4,0,12,0,0,1,1,2,0.2401,0.2552,0.4888,0.075,29
4,0,12,1,0,1,1,2,0.1918,0.1825,0.591,0.0891,12
4,0,12,2,0,1,1,2,0.4024,0.3813,0.5704,0.1702,7
4,0,12,3,0,1,1,2,0.2249,0.2075,0.5354,0.135,9
4,0,12,4,0,1,1,1,0.2752,0.2674,0.6233,0.349,17
4,0,12,5,0,1,1,1,0.1894,0.1991,0.4952,0.1508,39
4,0,12,6,0,1,1,2,0.1277,0.1498,0.5816,0.1129,85
4,0,12,7,0,1,1,2,0.193,0.1796,0.5324,0.4095,207
4,0,12,8,1,1,0,2,0.1938,0.1479,0.5083,0.1663,86
4,0,12,9,0,1,1,2,0.1933,0.1464,0.5008,0.2919,137
4,0,12,10,0,1,1,3,0.132,0.1566,0.5308,0.0607,92
4,0,12,11,0,1,1,3,0.2535,0.2327,0.7102,0.8526,97
4,0,12,12,0,1,1,2,0.2204,0.1787,0.6144,0.0677,170
4,0,12,13,0,1,1,1,0.1361,0.107,0.6617,0.2667,142
4,0,12,14,0,1,1,1,0.2515,0.2361,0.6237,0.6005,135
4,0,12,15,0,1,1,2,0.2974,0.244,0.7246,0.3683,130
4,0,12,16,0,1,1,1,0.3279,0.3105,0.7085,0.3596,196
4,0,12,17,0,1,1,1,0.0746,0.1085,0.712,0.1953,298
4,0,12,18,0,1,1,1,0.1929,0.1797,0.626,0.186,275
4,0,12,19,0,1,1,3,0.1481,0.0876,0.644,0.2154,137
4,0,12,20,0,1,1,1,0.1984,0.2145,0.5068,0.4664,163
4,0,12,21,0,1,1,2,0.3412,0.3575,0.564,0.4255,82
4,0,12,22,0,1,1,3,0.1931,0.2183,0.7365,0.214,65
4,0,12,23,0,1,1,2,0.2108,0.202,0.582,0.3768,43
4,0,12,0,0,2,1,1,0.1836,0.2443,0.617,0.6028,31
4,0,12,1,0,2,1,2,0.3554,0.3597,0.7192,0.2151,13
4,0,12,2,0,2,1,2,0.0806,0.1663,0.6758,0.3178,8
4,0,12,3,0,2,1,1,0.2027,0.2331,0.6481,0.2549,10
4,0,12,4,0,2,1,2,0.181,0.2079,0.6179,0.2449,13
4,0,12,5,0,2,1,1,0.1211,0.0964,0.7444,0.1658,42
4,0,12,6,0,2,1,2,0.3188,0.2744,0.5676,0.1872,75
4,0,12,7,0,2,1,3,0.1154,0.1131,0.6852,0.2863,155
4,0,12,8,0,2,1,2,0.2094,0.1932,0.6134,0.4974,222
4,0,12,9,0,2,1,3,0.2361,0.2082,0.7115,0.0199,125
4,0,12,10,0,2,1,1,0.189,0.1757,0.7219,0.3383,139
4,0,12,11,0,2,1,3,0.1202,0.1083,0.6602,0.1137,109
4,0,12,12,0,2,1,2,0.2298,0.1991,0.7729,0.1669,185
4,0,12,13,0,2,1,1,0.1883,0.1986,0.73,0.2847,159
4,0,12,14,0,2,1,3,0.2982,0.2608,0.6122,0.1273,86
4,0,12,15,0,2,1,3,0.2777,0.2626,0.6727,0.2301,121
4,0,12,16,0,2,1,1,0.3777,0.3224,0.6778,0.1116,212
4,0,12,17,0,2,1,2,0.2493,0.2398,0.7609,0.0761,259
4,0,12,18,0,2,1,1,0.2829,0.2748,0.4719,0.0666,249
4,0,12,19,0,2,1,1,0.2165,0.1768,0.7756,0.0831,170
4,0,12,20,0,2,1,1,0.3614,0.3455,0.4605,0.2239,165
4,0,12,21,0,2,1,2,0.2423,0.2273,0.7002,0.3891,79
4,0,12,22,0,2,1,1,0.2344,0.2089,0.6993,0.0973,99
4,0,12,23,0,2,1,1,0.2795,0.2519,0.6231,0.1084,67
4,0,12,0,0,3,1,3,0.1941,0.1978,0.7164,0.0994,23
4,0,12,1,0,3,1,2,0.2043,0.1949,0.5042,0.2357,14
4,0,12,2,0,3,1,2,0.2771,0.2919,0.5512,0.0441,8
4,0,12,3,0,3,1,1,0.2905,0.2449,0.5197,0.1582,11
4,0,12,4,0,3,1,1,0.2811,0.2614,0.5674,0.3354,15
4,0,12,5,1,3,0,2,0.2337,0.2035,0.7706,0.5821,13
4,0,12,6,0,3,1,1,0.2582,0.2471,0.7938,0.2773,101
4,0,12,7,0,3,1,1,0.3065,0.2992,0.6354,0.2829,213
4,0,12,8,0,3,1,4,0.1627,0.1191,0.6685,0.3085,175
4,0,12,9,0,3,1,1,0.2394,0.2452,0.8755,0.5791,169
4,0,12,10,0,3,1,2,0.0355,0.0986,0.5967,0.3203,103
4,0,12,11,0,3,1,2,0.2911,0.2816,0.5658,0.475,150
4,0,12,12,0,3,1,1,0.1845,0.1492,0.756,0.2113,194
4,0,12,13,0,3,1,2,0.1863,0.1683,0.5836,0.1006,152
4,0,12,14,0,3,1,1,0.2307,0.2095,0.5306,0.5343,115
4,0,12,15,0,3,1,1,0.2826,0.2485,0.7508,0.2991,187
4,0,12,16,0,3,1,1,0.4067,0.408,0.8094,0.6076,152
4,0,12,17,0,3,1,1,0.1306,0.0693,0.5875,0.1199,294
4,0,12,18,0,3,1,2,0.1798,0.179,0.6427,0.2088,238
4,0,12,19,0,3,1,3,0.2553,0.2812,0.7531,0.0534,138
4,0,12,20,0,3,1,2,0.1884,0.2158,0.5557,0.2821,119
4,0,12,21,0,3,1,1,0.2978,0.3136,0.7592,0.5036,135
4,0,12,22,0,3,1,3,0.2275,0.1963,0.8206,0.2157,69
4,0,12,23,0,3,1,2,0.3012,0.3299,0.4987,0.268,48
4,0,12,0,0,4,1,1,0.2196,0.2196,0.4852,0.3384,26
4,0,12,1,0,4,1,1,0.2751,0.3041,0.4525,0.633,12
4,0,12,2,0,4,1,1,0.17,0.1939,0.5839,0.5055,7
4,0,12,3,0,4,1,1,0.3726,0.3634,0.4951,0.0506,10
4,0,12,4,0,4,1,2,0.118,0.1048,0.7763,0.1158,11
4,0,12,5,0,4,1,1,0.1874,0.249,0.5306,0.0561,49
4,0,12,6,0,4,1,3,0.1376,0.0773,0.5974,0.4367,70
4,0,12,7,0,4,1,2,0.293,0.2731,0.6893,0.1186,169
4,0,12,8,0,4,1,1,0.2748,0.2189,0.5471,0.1269,360
4,0,12,9,0,4,1,3,0.1517,0.1476,0.647,0.3606,132
4,0,12,10,0,4,1,2,0.3068,0.3021,0.7236,0.3892,104
4,0,12,11,1,4,0,1,0.1881,0.1594,1.0,0.4412,54
4,0,12,12,0,4,1,1,0.2641,0.2339,0.6915,0.6404,144
4,0,12,13,0,4,1,2,0.2805,0.2269,0.4564,0.4022,136
4,0,12,14,0,4,1,2,0.2198,0.2224,0.7289,0.1325,125
4,0,12,15,0,4,1,2,0.3007,0.2716,0.6829,0.5884,127
4,0,12,16,0,4,1,2,0.2269,0.2282,0.7061,0.3085,168
4,0,12,17,0,4,1,2,0.2607,0.2319,0.6343,0.6866,180
4,0,12,18,0,4,1,3,0.2178,0.2143,0.7516,0.2579,203
4,0,12,19,0,4,1,2,0.1062,0.1231,0.616,0.1458,171
4,0,12,20,0,4,1,2,0.2283,0.2313,0.6828,0.2935,110
4,0,12,21,0,4,1,1,0.1758,0.1734,0.6705,0.5537,106
4,0,12,22,1,4,0,2,0.3344,0.3146,0.6588,0.3586,36
4,0,12,23,0,4,1,1,0.1415,0.1487,0.6069,0.5806,54
4,0,12,0,0,5,0,2,0.3205,0.2864,0.7794,0.13,19
4,0,12,1,0,5,0,1,0.2222,0.2053,0.8107,0.6237,11
4,0,12,2,0,5,0,2,0.2632,0.2604,0.8774,0.1851,6
4,0,12,3,0,5,0,1,0.1382,0.1774,0.6611,0.5916,6
4,0,12,4,0,5,0,2,0.2131,0.1841,0.6728,0.3762,9
4,0,12,5,0,5,0,1,0.1882,0.1523,0.6802,0.5886,31
4,0,12,6,0,5,0,3,0.382,0.3714,0.5508,0.3899,57
4,0,12,7,0,5,0,1,0.1865,0.2134,0.7519,0.2491,173
4,0,12,8,0,5,0,2,0.3155,0.3241,0.6138,0.0779,183
4,0,12,9,0,5,0,2,0.3165,0.3013,0.7168,0.2225,98
4,0,12,10,0,5,0,1,0.3145,0.3356,0.5075,0.5296,94
4,0,12,11,0,5,0,2,0.1932,0.1292,0.7139,0.5697,70
4,0,12,12,0,5,0,3,0.3611,0.3734,0.8001,0.3472,79
4,0,12,13,0,5,0,2,0.3756,0.3474,0.5684,0.4594,104
4,0,12,14,0,5,0,3,0.2605,0.2663,0.5946,0.2463,76
4,0,12,15,0,5,0,1,0.2022,0.2223,0.5913,0.2389,115
4,0,12,16,0,5,0,3,0.1745,0.1716,0.5914,0.3333,115
4,0,12,17,0,5,0,3,0.2678,0.2565,0.8093,0.1281,165
4,0,12,18,1,5,0,2,0.2393,0.2156,0.6634,0.3521,70
4,0,12,19,0,5,0,2,0.2475,0.2859,0.5343,0.3408,83
4,0,12,20,0,5,0,2,0.1404,0.1437,0.5521,0.3263,75
4,0,12,21,0,5,0,2,0.2371,0.2319,0.4046,0.082,63
4,0,12,22,0,5,0,2,0.3148,0.3444,0.5583,0.2743,49
4,0,12,23,0,5,0,1,0.2918,0.2622,0.4999,0.4295,55
4,0,12,0,0,6,0,2,0.2036,0.1859,0.5045,0.0525,14
4,0,12,1,0,6,0,1,0.225,0.2418,0.5991,0.3851,9
4,0,12,2,0,6,0,2,0.1298,0.1766,0.5197,0.1681,6
4,0,12,3,0,6,0,2,0.186,0.1781,0.6301,0.1493,6
4,0,12,4,0,6,0,1,0.2088,0.21,0.6924,0.2249,11
4,0,12,5,0,6,0,1,0.2769,0.2154,0.6846,0.4157,22
4,0,12,6,0,6,0,1,0.1832,0.2125,0.6744,0.3715,63
4,0,12,7,0,6,0,2,0.1601,0.1196,0.3441,0.4634,120
4,0,12,8,0,6,0,1,0.2856,0.2552,0.5879,0.454,192
4,0,12,9,0,6,0,1,0.203,0.1985,0.7982,0.0668,121
4,0,12,10,0,6,0,1,0.1739,0.1457,0.901,0.1895,118
4,0,12,11,0,6,0,1,0.2895,0.2168,0.7417,0.2791,120
4,0,12,12,0,6,0,1,0.2647,0.2144,0.6517,0.1172,135
4,0,12,13,0,6,0,1,0.2181,0.2101,0.5448,0.5829,105
4,0,12,14,0,6,0,2,0.208,0.2425,0.7947,0.3254,60
4,0,12,15,0,6,0,2,0.2592,0.2887,0.6262,0.0506,79
4,0,12,16,0,6,0,3,0.2703,0.2683,0.6149,0.3069,133
4,0,12,17,0,6,0,1,0.2472,0.2396,0.7826,0.7441,163
4,0,12,18,0,6,0,1,0.241,0.2529,0.2748,0.061,133
4,0,12,19,0,6,0,1,0.1901,0.2204,0.6362,0.0188,152
4,0,12,20,0,6,0,2,0.1943,0.1881,0.4677,0.7909,90
4,0,12,21,0,6,0,1,0.2206,0.2141,0.711,0.1077,102
4,0,12,22,0,6,0,1,0.1653,0.1632,0.8388,0.2485,61
4,0,12,23,0,6,0,2,0.1571,0.1796,0.7039,0.1919,36
4,0,12,0,0,0,1,1,0.2242,0.172,0.8804,0.4437,28
4,0,12,1,0,0,1,2,0.2998,0.2853,0.669,0.0462,13
4,0,12,2,0,0,1,2,0.0854,0.0932,0.8172,0.1232,7
4,0,12,3,0,0,1,2,0.2031,0.1362,0.4531,0.2105,6
4,0,12,4,0,0,1,1,0.2496,0.2646,0.6692,0.2661,13
4,0,12,5,0,0,1,1,0.3056,0.3226,0.485,0.1804,43
4,0,12,6,0,0,1,2,0.3565,0.2803,0.6899,0.0949,71
4,0,12,7,0,0,1,1,0.2125,0.1894,0.6056,0.5046,180
4,0,12,8,0,0,1,1,0.3686,0.3388,0.6202,0.1694,265
4,0,12,9,0,0,1,1,0.2624,0.2226,0.6183,0.5685,177
4,0,12,10,0,0,1,1,0.2875,0.2506,0.7699,0.5441,114
4,0,12,11,0,0,1,1,0.1559,0.1325,0.6671,0.0891,157
4,0,12,12,1,0,0,2,0.2622,0.2674,0.6665,0.6328,58
4,0,12,13,0,0,1,2,0.2935,0.3163,0.6459,0.2883,137
4,0,12,14,0,0,1,1,0.1823,0.1897,0.7301,0.287,124
4,0,12,15,0,0,1,2,0.0481,0.0183,0.6176,0.2267,125
4,0,12,16,0,0,1,3,0.2409,0.2526,0.5113,0.2803,188
4,0,12,17,0,0,1,1,0.2155,0.2228,0.7592,0.2742,240
4,0,12,18,0,0,1,2,0.3246,0.2204,0.5911,0.6829,188
4,0,12,19,0,0,1,1,0.1928,0.2204,0.6775,0.2763,176
4,0,12,20,0,0,1,3,0.1812,0.1761,0.7355,0.3948,104
4,0,12,21,0,0,1,1,0.1485,0.1462,0.5156,0.1458,131
4,0,12,22,0,0,1,1,0.1864,0.1248,0.5459,0.1629,91
4,0,12,23,0,0,1,3,0.4172,0.4448,0.4722,0.3007,40
4,0,12,0,0,1,1,2,0.1174,0.1217,0.6013,0.1229,24
4,0,12,1,0,1,1,1,0.135,0.1515,0.7701,0.1082,15
4,0,12,2,0,1,1,2,0.2247,0.1737,0.6402,0.2576,6
4,0,12,3,0,1,1,3,0.3667,0.3637,0.8128,0.3658,7
4,0,12,4,0,1,1,2,0.2804,0.2823,0.6823,0.1674,15
4,0,12,5,0,1,1,1,0.3371,0.3156,0.5748,0.3336,62
4,0,12,6,0,1,1,1,0.2015,0.1527,0.5614,0.3945,106
4,0,12,7,0,1,1,3,0.1312,0.1228,0.833,0.2151,128
4,0,12,8,0,1,1,1,0.197,0.1585,0.7369,0.1812,346
4,0,12,9,0,1,1,1,0.2198,0.1878,0.6215,0.1203,178
4,0,12,10,0,1,1,1,0.2292,0.2526,0.6594,0.3016,133
4,0,12,11,0,1,1,1,0.2135,0.2054,0.5898,0.6211,140
4,0,12,12,0,1,1,2,0.2698,0.2539,0.3402,0.2564,183
4,0,12,13,0,1,1,1,0.1786,0.1345,0.6536,0.0706,152
4,0,12,14,0,1,1,1,0.1636,0.154,0.4938,0.4282,121
4,0,12,15,0,1,1,1,0.1442,0.1324,0.5998,0.4326,130
4,0,12,16,0,1,1,1,0.2428,0.2012,0.4919,0.4707,201
4,0,12,17,1,1,0,1,0.2359,0.2566,0.6208,0.1857,124
4,0,12,18,0,1,1,1,0.3049,0.3208,0.5237,0.0277,281
4,0,12,19,0,1,1,2,0.3368,0.2967,0.6514,0.2396,170
4,0,12,20,0,1,1,1,0.144,0.1486,0.7265,0.3562,115
4,0,12,21,0,1,1,1,0.2301,0.163,0.6807,0.2544,94
4,0,12,22,0,1,1,2,0.2141,0.2129,0.4664,0.316,79
4,0,12,23,0,1,1,2,0.1209,0.1383,0.4434,0.2365,63
4,0,12,0,0,2,1,2,0.1895,0.1464,0.4885,0.3974,22
4,0,12,1,0,2,1,3,0.3362,0.3198,0.7655,0.3291,11
4,0,12,2,0,2,1,1,0.1822,0.1769,0.9051,0.1445,9
4,0,12,3,0,2,1,1,0.1706,0.2487,0.5617,0.6054,9
4,0,12,4,0,2,1,1,0.2229,0.2892,0.5196,0.5323,14
4,0,12,5,0,2,1,1,0.2903,0.2855,0.8088,0.4585,43
4,0,12,6,0,2,1,3,0.2052,0.175,0.5922,0.2581,66
4,0,12,7,0,2,1,2,0.2355,0.231,0.6329,0.0174,207
4,0,12,8,0,2,1,2,0.0666,0.0971,0.6619,0.3521,246
4,0,12,9,0,2,1,3,0.2666,0.203,0.5603,0.5295,103
4,0,12,10,0,2,1,2,0.242,0.1672,0.5494,0.0513,126
4,0,12,11,0,2,1,1,0.2884,0.2396,0.6331,0.3497,149
4,0,12,12,0,2,1,3,0.0958,0.1139,0.5931,0.017,185
4,0,12,13,0,2,1,1,0.2053,0.2197,0.4287,0.2156,178
4,0,12,14,0,2,1,1,0.294,0.2926,0.5346,0.2951,144
4,0,12,15,0,2,1,2,0.1875,0.2115,0.6258,0.0431,136
4,0,12,16,0,2,1,3,0.2301,0.2131,0.5759,0.4366,157
4,0,12,17,0,2,1,2,0.1978,0.1798,0.702,0.2951,247
4,0,12,18,0,2,1,1,0.1996,0.2011,0.549,0.1641,199
4,0,12,19,0,2,1,3,0.3082,0.3441,0.8599,0.1734,140
4,0,12,20,0,2,1,1,0.1269,0.1329,0.6487,0.508,171
4,0,12,21,0,2,1,2,0.223,0.209,0.6514,0.3309,75
4,0,12,22,0,2,1,1,0.2441,0.244,0.5807,0.3267,103
4,0,12,23,0,2,1,1,0.2922,0.3203,0.6105,0.1975,68
4,0,12,0,0,3,1,1,0.2161,0.1945,0.4149,0.6335,23
4,0,12,1,0,3,1,3,0.2924,0.2644,0.6417,0.1421,9
4,0,12,2,0,3,1,3,0.2208,0.1955,0.8778,0.0929,7
4,0,12,3,0,3,1,1,0.233,0.2458,0.7492,0.204,7
4,0,12,4,0,3,1,1,0.2303,0.1954,0.4459,0.4642,15
4,0,12,5,0,3,1,1,0.2705,0.2762,0.6765,0.562,45
4,0,12,6,0,3,1,2,0.2625,0.2053,0.6951,0.1796,97
4,0,12,7,0,3,1,2,0.1467,0.1316,0.8239,0.0342,196
4,0,12,8,0,3,1,2,0.2398,0.2261,0.547,0.3034,249
4,0,12,9,0,3,1,1,0.2625,0.303,0.9159,0.1629,184
4,0,12,10,0,3,1,1,0.3269,0.3397,0.6551,0.1944,135
4,0,12,11,0,3,1,3,0.154,0.1356,0.5422,0.1683,115
4,0,12,12,0,3,1,2,0.2623,0.2336,0.4459,0.466,182
4,0,12,13,0,3,1,1,0.2003,0.17,0.6274,0.497,141
4,0,12,14,0,3,1,1,0.2381,0.1925,0.6664,0.4049,153
4,0,12,15,0,3,1,1,0.1495,0.1905,0.5046,0.3029,194
4,0,12,16,0,3,1,1,0.2237,0.1898,0.7165,0.2466,193
4,0,12,17,0,3,1,1,0.2469,0.2862,0.7048,0.3852,244
4,0,12,18,0,3,1,2,0.1567,0.1519,0.6427,0.4724,147
4,0,12,19,0,3,1,1,0.326,0.3073,0.5386,0.1003,155
4,0,12,20,0,3,1,1,0.1165,0.1136,0.644,0.3296,125
4,0,12,21,0,3,1,2,0.2623,0.2854,0.8627,0.2234,92
4,0,12,22,0,3,1,1,0.0546,0.0263,0.5306,0.4263,86
4,0,12,23,0,3,1,2,0.2068,0.2117,0.4307,0.2265,45
4,0,12,0,0,4,1,3,0.2564,0.2424,0.5962,0.0549,20
4,0,12,1,0,4,1,1,0.2727,0.2711,0.5436,0.2292,18
4,0,12,2,0,4,1,2,0.2154,0.1985,0.4184,0.2951,9
4,0,12,3,0,4,1,1,0.2059,0.1848,0.6897,0.199,9
4,0,12,4,0,4,1,1,0.2625,0.2651,0.4826,0.1406,19
4,0,12,5,0,4,1,1,0.2893,0.2335,0.4701,0.4984,40
4,0,12,6,0,4,1,2,0.3194,0.3452,0.7393,0.2892,82
4,0,12,7,0,4,1,1,0.1324,0.1291,0.809,0.357,248
4,0,12,8,0,4,1,2,0.2088,0.1818,0.9513,0.1837,271
4,0,12,9,0,4,1,1,0.0692,0.0768,0.454,0.4459,168
4,0,12,10,0,4,1,2,0.1271,0.0999,0.688,0.6516,93
4,0,12,11,0,4,1,1,0.1735,0.1672,0.4726,0.2642,157
4,0,12,12,0,4,1,1,0.2833,0.2717,0.6494,0.3753,190
4,0,12,13,0,4,1,2,0.1891,0.2174,0.6221,0.065,124
4,0,12,14,0,4,1,1,0.2026,0.2008,0.3838,0.0513,126
4,0,12,15,0,4,1,1,0.2438,0.198,0.7042,0.5595,138
4,0,12,16,0,4,1,2,0.1759,0.1845,0.6407,0.3099,170
4,0,12,17,0,4,1,2,0.0832,0.1006,0.7134,0.1895,220
4,0,12,18,0,4,1,2,0.1706,0.1137,0.4896,0.1492,204
4,0,12,19,0,4,1,1,0.2143,0.168,0.8946,0.3229,158
4,0,12,20,0,4,1,1,0.2556,0.3031,0.6725,0.1423,138
4,0,12,21,0,4,1,1,0.2083,0.188,0.6809,0.4698,117
4,0,12,22,0,4,1,1,0.2544,0.2325,0.8065,0.2481,93
4,0,12,23,0,4,1,1,0.2875,0.2721,0.6392,0.4255,58
4,0,12,0,0,5,0,1,0.2995,0.2653,0.5327,0.3927,19
4,0,12,1,0,5,0,1,0.2331,0.1683,0.7709,0.299,9
4,0,12,2,0,5,0,2,0.1414,0.1007,0.622,0.2834,4
4,0,12,3,0,5,0,1,0.1339,0.108,0.756,0.8098,5
4,0,12,4,0,5,0,1,0.1404,0.1183,0.6261,0.0592,11
4,0,12,5,0,5,0,1,0.1458,0.1154,0.9006,0.4351,34
4,0,12,6,0,5,0,1,0.228,0.1718,0.6334,0.5134,74
4,0,12,7,0,5,0,2,0.3532,0.3189,0.5634,0.1838,156
4,0,12,8,0,5,0,1,0.2359,0.2575,0.679,0.6257,194
4,0,12,9,0,5,0,1,0.2152,0.1842,0.5817,0.118,131
4,0,12,10,0,5,0,3,0.2884,0.2685,0.5341,0.3574,60
4,0,12,11,0,5,0,1,0.163,0.1982,0.7998,0.1326,100
4,0,12,12,0,5,0,1,0.294,0.2587,0.4852,0.0764,150
4,0,12,13,0,5,0,2,0.2888,0.3661,0.7619,0.2239,117
4,0,12,14,0,5,0,2,0.2252,0.2407,0.8304,0.1062,75
4,0,12,15,0,5,0,3,0.3676,0.3515,0.5971,0.4772,73
4,0,12,16,1,5,0,3,0.2991,0.2767,0.6704,0.4879,61
4,0,12,17,0,5,0,2,0.2242,0.2533,0.5379,0.2346,186
4,0,12,18,0,5,0,1,0.211,0.1796,0.7752,0.1616,177
4,0,12,19,0,5,0,2,0.1908,0.1683,0.483,0.5367,112
4,0,12,20,0,5,0,1,0.2119,0.2495,0.7574,0.1714,111
4,0,12,21,0,5,0,2,0.2139,0.1919,0.6384,0.3391,65
4,0,12,22,0,5,0,3,0.1987,0.1747,0.5357,0.1111,45
4,0,12,23,0,5,0,1,0.2061,0.1759,0.5537,0.2143,35
4,0,12,0,0,6,0,3,0.1359,0.0711,0.6953,0.0812,18
4,0,12,1,0,6,0,2,0.1796,0.201,0.4935,0.3822,9
4,0,12,2,0,6,0,1,0.1075,0.1009,0.7023,0.5506,7
4,0,12,3,0,6,0,3,0.2484,0.268,0.6569,0.1231,5
4,0,12,4,0,6,0,2,0.2249,0.2086,0.5889,0.334,8
4,0,12,5,0,6,0,1,0.2108,0.1876,0.6949,0.0454,26
4,0,12,6,0,6,0,2,0.2814,0.2474,0.5404,0.2532,58
4,0,12,7,0,6,0,1,0.1589,0.1715,0.603,0.205,164
4,0,12,8,0,6,0,1,0.1696,0.137,0.5898,0.3805,184
4,0,12,9,0,6,0,2,0.1157,0.1214,0.4838,0.0989,98
4,0,12,10,0,6,0,3,0.291,0.2775,0.596,0.0299,59
4,0,12,11,0,6,0,2,0.2617,0.2174,0.4481,0.3643,92
4,0,12,12,0,6,0,2,0.3124,0.2833,0.5692,0.3769,97
4,0,12,13,0,6,0,2,0.3301,0.3139,0.4286,0.2328,101
4,0,12,14,0,6,0,1,0.1896,0.1708,0.5134,0.4648,86
4,0,12,15,0,6,0,2,0.1696,0.2179,0.5254,0.5011,79
4,0,12,16,0,6,0,2,0.0937,0.096,0.686,0.2732,149
4,0,12,17,0,6,0,1,0.1425,0.1295,0.521,0.2215,209
4,0,12,18,0,6,0,1,0.1966,0.1759,0.486,0.1915,161
4,0,12,19,0,6,0,2,0.0751,0.0644,0.5901,0.2054,94
4,0,12,20,0,6,0,3,0.1439,0.1185,0.8639,0.4142,71
4,0,12,21,0,6,0,3,0.2135,0.1782,0.4369,0.1989,63
4,0,12,22,0,6,0,2,0.2819,0.2857,0.7201,0.0622,52
4,0,12,23,0,6,0,2,0.1691,0.2069,0.6787,0.5244,36
4,0,12,0,0,0,1,1,0.2267,0.2018,0.8864,0.0445,30
4,0,12,1,0,0,1,3,0.3482,0.3437,0.671,0.2426,11
4,0,12,2,0,0,1,2,0.0913,0.0668,0.6411,0.2216,8
4,0,12,3,0,0,1,3,0.2937,0.2822,0.6405,0.0479,5
4,0,12,4,0,0,1,4,0.2444,0.1929,0.6316,0.4143,8
4,0,12,5,0,0,1,1,0.3064,0.2654,0.7203,0.2583,35
4,0,12,6,0,0,1,3,0.2854,0.2445,0.5718,0.4621,67
4,0,12,7,0,0,1,2,0.1713,0.1584,1.0,0.2827,153
4,0,12,8,0,0,1,1,0.2178,0.1719,0.7392,0.1743,316
4,0,12,9,0,0,1,1,0.1155,0.0425,0.6132,0.198,142
4,0,12,10,0,0,1,2,0.1811,0.131,0.6062,0.4221,102
4,0,12,11,0,0,1,1,0.2198,0.2035,0.6342,0.1454,165
4,0,12,12,0,0,1,1,0.239,0.2032,0.6308,0.3319,161
4,0,12,13,0,0,1,2,0.273,0.242,0.7134,0.6398,133
4,0,12,14,0,0,1,1,0.3285,0.32,0.6721,0.3273,135
4,0,12,15,0,0,1,1,0.1872,0.1532,0.8121,0.18,155
4,0,12,16,0,0,1,2,0.2978,0.2806,0.5215,0.6637,186
4,0,12,17,0,0,1,1,0.2364,0.2887,0.6327,0.067,294
4,0,12,18,0,0,1,2,0.1262,0.1085,0.5202,0.2041,212
4,0,12,19,0,0,1,1,0.2072,0.1907,0.5802,0.3941,185
4,0,12,20,0,0,1,3,0.2258,0.2259,0.5754,0.1731,83
4,0,12,21,0,0,1,1,0.1591,0.1267,0.7312,0.0386,120
4,0,12,22,0,0,1,2,0.1449,0.1199,0.5609,0.1714,77
4,0,12,23,0,0,1,2,0.1425,0.1325,0.8055,0.1544,51
4,0,12,0,0,1,1,3,0.1781,0.175,0.8114,0.106,18
4,0,12,1,0,1,1,2,0.1556,0.1199,0.723,0.2669,13
4,0,12,2,0,1,1,2,0.3023,0.3039,0.5003,0.4207,7
4,0,12,3,0,1,1,1,0.0446,0.0888,0.8097,0.3631,9
4,0,12,4,0,1,1,2,0.2239,0.1554,0.5857,0.0551,11
4,0,12,5,0,1,1,2,0.2531,0.2522,0.5973,0.0941,45
4,0,12,6,0,1,1,2,0.1488,0.1386,0.6994,0.1594,86
4,0,12,7,0,1,1,1,0.1999,0.181,0.5344,0.4573,176
4,0,12,8,0,1,1,2,0.1922,0.1924,0.7871,0.4412,237
4,0,12,9,0,1,1,1,0.2107,0.2416,0.7332,0.2971,188
4,0,12,10,0,1,1,2,0.2626,0.2571,0.994,0.2145,92
4,0,12,11,0,1,1,2,0.2563,0.2723,0.6735,0.1303,137
4,0,12,12,0,1,1,1,0.1742,0.1643,0.6217,0.6251,127
4,0,12,13,0,1,1,2,0.1108,0.1163,0.8783,0.1599,161
4,0,12,14,0,1,1,1,0.2277,0.2,0.4138,0.1441,134
4,0,12,15,0,1,1,2,0.1702,0.1628,0.665,0.1436,157
4,0,12,16,0,1,1,2,0.1792,0.1621,0.6213,0.082,203
4,0,12,17,0,1,1,1,0.2318,0.2234,0.7854,0.3932,203
4,0,12,18,0,1,1,1,0.1857,0.1268,1.0,0.4433,206
4,0,12,19,0,1,1,2,0.2376,0.1923,0.5567,0.2271,143
4,0,12,20,0,1,1,2,0.3921,0.4081,0.7764,0.3592,114
4,0,12,21,0,1,1,1,0.2642,0.2928,0.8048,0.1219,121
4,0,12,22,0,1,1,1,0.3103,0.2428,0.7954,0.1187,80
4,0,12,23,0,1,1,1,0.2519,0.2223,0.667,0.2399,59
4,0,12,0,0,2,1,2,0.2201,0.1866,0.7227,0.1026,27
4,0,12,1,0,2,1,1,0.2515,0.2465,0.5227,0.178,13
4,0,12,2,0,2,1,2,0.2481,0.2332,0.8499,0.3266,7
4,0,12,3,0,2,1,2,0.2751,0.2817,0.5074,0.2347,9
4,0,12,4,0,2,1,2,0.2188,0.1673,0.5204,0.1078,14
4,0,12,5,0,2,1,4,0.1231,0.1274,0.6029,0.1154,23
4,0,12,6,0,2,1,2,0.1119,0.0963,0.5685,0.2341,97
4,0,12,7,0,2,1,2,0.247,0.2125,0.689,0.0806,193
4,0,12,8,0,2,1,2,0.1358,0.1423,0.599,0.3644,249
4,0,12,9,0,2,1,2,0.2627,0.2422,0.5326,0.2501,121
4,0,12,10,0,2,1,2,0.3084,0.2899,0.5024,0.4279,116
4,0,12,11,0,2,1,1,0.1992,0.2294,0.7794,0.2471,158
4,0,12,12,0,2,1,3,0.2995,0.2866,0.7002,0.3788,131
4,0,12,13,1,2,0,1,0.2328,0.2795,0.4807,0.4343,61
4,0,12,14,0,2,1,3,0.2165,0.1358,0.7135,0.1705,110
4,0,12,15,0,2,1,1,0.2198,0.2085,0.5985,0.2287,178
4,0,12,16,0,2,1,2,0.1565,0.1153,0.4475,0.4099,163
4,0,12,17,0,2,1,3,0.1476,0.1123,0.488,0.2279,179
4,0,12,18,1,2,0,2,0.0996,0.0749,0.7588,0.4389,86
4,0,12,19,0,2,1,2,0.1634,0.1829,0.799,0.2586,136
4,0,12,20,0,2,1,1,0.3644,0.334,0.7213,0.1589,148
4,0,12,21,0,2,1,1,0.1101,0.0704,0.5489,0.0886,117
4,0,12,22,0,2,1,1,0.1323,0.1455,0.6986,0.5447,83
4,0,12,23,0,2,1,2,0.1583,0.1149,0.6959,0.0677,47
4,0,12,0,0,3,1,1,0.1601,0.2023,0.336,0.0947,31
4,0,12,1,0,3,1,1,0.2321,0.1818,0.706,0.2465,14
4,0,12,2,0,3,1,1,0.1704,0.1533,0.6592,0.6412,8
4,0,12,3,0,3,1,3,0.1994,0.2471,0.9175,0.2003,6
4,0,12,4,0,3,1,2,0.1538,0.1364,0.8747,0.5026,11
4,0,12,5,0,3,1,1,0.18,0.1837,0.6266,0.2111,44
4,0,12,6,0,3,1,3,0.2091,0.1953,0.6895,0.2673,58
4,0,12,7,0,3,1,1,0.2038,0.1936,0.651,0.5128,198
4,0,12,8,0,3,1,1,0.3519,0.3098,0.58,0.0466,289
4,0,12,9,0,3,1,1,0.2113,0.2143,0.4725,0.0622,185
4,0,12,10,0,3,1,3,0.1986,0.2285,0.5558,0.4499,86
4,0,12,11,0,3,1,1,0.0385,0.0,0.5815,0.1402,176
4,0,12,12,0,3,1,1,0.23,0.1908,0.7794,0.4702,245
4,0,12,13,0,3,1,3,0.075,0.0547,0.6616,0.2358,108
4,0,12,14,0,3,1,2,0.2519,0.2127,0.5683,0.2636,116
4,0,12,15,0,3,1,2,0.2232,0.2313,0.5477,0.4424,138
4,0,12,16,0,3,1,2,0.2691,0.2375,0.6889,0.1204,262
4,0,12,17,0,3,1,2,0.1688,0.1628,0.5985,0.6474,214
4,0,12,18,0,3,1,1,0.2151,0.2491,0.5097,0.2873,196
4,0,12,19,0,3,1,2,0.2606,0.1937,0.5245,0.2448,159
4,0,12,20,0,3,1,1,0.1482,0.1503,0.8476,0.389,101
4,0,12,21,0,3,1,1,0.256,0.2395,0.6208,0.1174,110
4,0,12,22,0,3,1,3,0.2528,0.2365,0.7682,0.0185,61
4,0,12,23,0,3,1,1,0.2038,0.1665,0.4242,0.1314,56
4,0,12,0,0,4,1,1,0.3224,0.2949,0.7772,0.2639,37
4,0,12,1,0,4,1,1,0.248,0.2354,0.7287,0.3379,18
4,0,12,2,0,4,1,2,0.0947,0.0845,0.7422,0.0809,8
4,0,12,3,0,4,1,3,0.2811,0.288,0.4435,0.317,7
4,0,12,4,0,4,1,1,0.1658,0.1247,0.6391,0.4198,15
4,0,12,5,0,4,1,1,0.2677,0.2125,0.537,0.4339,50
4,0,12,6,0,4,1,2,0.2326,0.1608,0.4947,0.276,76
4,0,12,7,0,4,1,2,0.027,0.0299,0.4096,0.162,200
4,0,12,8,0,4,1,1,0.2542,0.2642,0.506,0.4911,296
4,0,12,9,0,4,1,1,0.1964,0.1514,0.4972,0.2003,213
4,0,12,10,0,4,1,2,0.1797,0.1329,0.7295,0.2208,128
4,0,12,11,0,4,1,1,0.1824,0.2299,0.5624,0.2035,147
4,0,12,12,0,4,1,2,0.2671,0.2921,0.6166,0.0533,180
4,0,12,13,0,4,1,1,0.1474,0.1801,0.7794,0.4618,145
4,0,12,14,0,4,1,2,0.2898,0.2858,0.6438,0.5267,111
4,0,12,15,0,4,1,2,0.1055,0.1214,0.5493,0.4023,139
4,0,12,16,0,4,1,2,0.2326,0.2124,0.6597,0.4415,192
4,0,12,17,0,4,1,2,0.266,0.21,0.5412,0.3118,250
4,0,12,18,0,4,1,1,0.2643,0.2099,0.4245,0.4239,236
4,0,12,19,0,4,1,1,0.2248,0.2136,0.6801,0.3239,184
4,0,12,20,1,4,0,2,0.1974,0.2153,0.713,0.1885,58
4,0,12,21,0,4,1,2,0.1734,0.1597,0.612,0.3196,73
4,0,12,22,0,4,1,2,0.1263,0.1383,0.6196,0.384,65
4,0,12,23,0,4,1,1,0.1639,0.153,0.5844,0.1639,52
4,0,12,0,0,5,0,2,0.1433,0.1453,0.8201,0.3447,19
4,0,12,1,0,5,0,1,0.1319,0.1484,0.6704,0.3204,10
4,0,12,2,0,5,0,1,0.3369,0.36,0.6191,0.3305,6
4,0,12,3,0,5,0,1,0.0903,0.0943,0.7507,0.5877,5
4,0,12,4,0,5,0,3,0.2894,0.3331,0.7615,0.0741,8
4,0,12,5,0,5,0,2,0.1241,0.1109,0.6877,0.2696,21
4,0,12,6,0,5,0,2,0.1391,0.1718,0.7505,0.2851,69
4,0,12,7,0,5,0,2,0.1379,0.1485,0.7012,0.3816,107
4,0,12,8,0,5,0,1,0.1329,0.0713,0.6404,0.2483,231
4,0,12,9,0,5,0,1,0.2752,0.3039,0.7536,0.3755,83
4,0,12,10,0,5,0,1,0.2518,0.2117,0.5223,0.0395,85
4,0,12,11,0,5,0,1,0.1943,0.1772,0.5199,0.1975,102
4,0,12,12,0,5,0,1,0.4001,0.4063,0.6939,0.2762,154
4,0,12,13,0,5,0,1,0.2095,0.1766,0.553,0.448,121
4,0,12,14,0,5,0,2,0.2148,0.2019,0.733,0.6019,64
4,0,12,15,0,5,0,2,0.1626,0.1742,0.6645,0.1537,120
4,0,12,16,0,5,0,3,0.1543,0.1219,0.8829,0.3792,95
4,0,12,17,0,5,0,1,0.1733,0.1576,0.5159,0.283,210
4,0,12,18,0,5,0,2,0.2702,0.2461,0.7462,0.3752,134
4,0,12,19,0,5,0,1,0.2506,0.267,0.575,0.4587,145
4,0,12,20,0,5,0,1,0.301,0.333,0.6696,0.5544,91
4,0,12,21,0,5,0,2,0.1604,0.1194,0.7218,0.5693,63
4,0,12,22,0,5,0,1,0.2519,0.2416,0.6819,0.5477,47
4,0,12,23,0,5,0,2,0.232,0.2047,0.6953,0.1517,33
4,0,12,0,0,6,0,2,0.2398,0.2288,0.6842,0.3612,17
4,0,12,1,0,6,0,1,0.149,0.1945,0.6049,0.6124,7
4,0,12,2,0,6,0,3,0.1367,0.1413,0.7365,0.3307,4
4,0,12,3,0,6,0,1,0.2472,0.2179,0.7429,0.3553,6
4,0,12,4,0,6,0,3,0.2705,0.2159,0.5938,0.0657,9
4,0,12,5,0,6,0,2,0.1661,0.1878,0.5398,0.4335,26
4,0,12,6,0,6,0,1,0.2521,0.2257,0.6667,0.3404,68
4,0,12,7,0,6,0,1,0.2934,0.2554,0.659,0.3077,183
4,0,12,8,0,6,0,1,0.1841,0.184,0.4414,0.2041,191
4,0,12,9,0,6,0,2,0.1087,0.1206,0.6613,0.2505,101
4,0,12,10,0,6,0,1,0.1175,0.1005,0.5375,0.2259,92
4,0,12,11,0,6,0,2,0.1621,0.1256,0.4037,0.2969,83
4,0,12,12,0,6,0,1,0.1782,0.2103,0.6809,0.2461,132
4,0,12,13,0,6,0,3,0.2069,0.2171,0.4886,0.0526,78
4,0,12,14,0,6,0,1,0.2083,0.2275,0.7884,0.2458,85
4,0,12,15,0,6,0,2,0.1904,0.1701,0.7279,0.1648,91
4,0,12,16,0,6,0,2,0.257,0.2192,0.6632,0.0231,161
4,0,12,17,0,6,0,1,0.1562,0.1324,0.8006,0.1225,206
4,0,12,18,0,6,0,1,0.2979,0.2373,0.7494,0.4677,157
4,0,12,19,0,6,0,2,0.2752,0.2514,0.5265,0.0188,117
4,0,12,20,0,6,0,2,0.2701,0.2363,0.7552,0.5074,75
4,0,12,21,0,6,0,2,0.1633,0.1528,0.5515,0.1881,74
4,0,12,22,0,6,0,1,0.2013,0.1927,0.7439,0.1396,66
4,0,12,23,0,6,0,3,0.26,0.2497,0.5832,0.4201,29
4,0,12,0,0,0,1,3,0.1943,0.167,0.4815,0.5887,18
4,0,12,1,0,0,1,2,0.1593,0.1157,0.684,0.0582,16
4,0,12,2,0,0,1,1,0.1565,0.1054,0.575,0.425,8
4,0,12,3,0,0,1,1,0.1599,0.1578,0.7624,0.3951,8
4,0,12,4,0,0,1,4,0.127,0.1247,0.7896,0.1182,8
4,0,12,5,0,0,1,2,0.4092,0.347,0.4255,0.011,41
4,0,12,6,0,0,1,2,0.0716,0.1108,0.6327,0.5639,69
4,0,12,7,0,0,1,3,0.1396,0.1577,0.7108,0.3146,149
4,0,12,8,0,0,1,1,0.25,0.2069,0.6478,0.4885,281
4,0,12,9,0,0,1,2,0.1606,0.1605,0.6503,0.2179,139
4,0,12,10,0,0,1,2,0.1837,0.1704,0.6652,0.3836,108
4,0,12,11,0,0,1,2,0.236,0.2321,0.4406,0.4913,117
4,0,12,12,0,0,1,2,0.2806,0.2717,0.8245,0.2502,170
4,0,12,13,0,0,1,2,0.1891,0.1998,0.7121,0.32,122
4,0,12,14,0,0,1,1,0.2728,0.3036,0.5547,0.2619,145
4,0,12,15,0,0,1,3,0.0895,0.094,0.5429,0.2416,92
4,0,12,16,0,0,1,2,0.1659,0.1736,0.7367,0.1497,205
4,0,12,17,0,0,1,1,0.2429,0.2747,0.6642,0.5983,207
4,0,12,18,0,0,1,3,0.3464,0.313,0.6764,0.0875,202
4,0,12,19,0,0,1,1,0.1407,0.1057,0.6993,0.3544,205
4,0,12,20,0,0,1,1,0.1284,0.1421,0.6601,0.1136,148
4,0,12,21,0,0,1,3,0.2322,0.1839,0.4072,0.3672,75
4,0,12,22,0,0,1,2,0.212,0.1772,0.5836,0.1322,76
4,0,12,23,0,0,1,3,0.158,0.1952,0.6998,0.2427,36
4,0,12,0,0,1,1,3,0.1221,0.0644,0.7093,0.0947,23
4,0,12,1,0,1,1,2,0.1713,0.1718,0.5751,0.5055,13
4,0,12,2,0,1,1,1,0.2437,0.1883,0.6277,0.4444,8
4,0,12,3,0,1,1,2,0.1839,0.187,0.7715,0.2426,7
4,0,12,4,0,1,1,2,0.2892,0.3297,0.8006,0.2105,10
4,0,12,5,0,1,1,2,0.1977,0.1574,0.6716,0.1172,42
4,0,12,6,1,1,0,2,0.2493,0.1738,0.7386,0.5824,32
4,0,12,7,1,1,0,1,0.2267,0.2261,0.6746,0.3531,98
4,0,12,8,0,1,1,1,0.179,0.1512,0.7166,0.2566,291
4,0,12,9,0,1,1,2,0.2655,0.2467,0.6308,0.6708,129
4,0,12,10,0,1,1,2,0.122,0.1269,0.5597,0.0757,119
4,0,12,11,0,1,1,1,0.1685,0.1769,0.8539,0.3538,175
4,0,12,12,0,1,1,1,0.1783,0.1865,0.8479,0.2077,172
4,0,12,13,0,1,1,1,0.2339,0.2214,0.6353,0.1786,172
4,0,12,14,0,1,1,2,0.2514,0.2519,0.6795,0.3013,101
4,0,12,15,0,1,1,1,0.1502,0.137,0.6525,0.5395,187
4,0,12,16,0,1,1,2,0.1403,0.1234,0.6383,0.1982,154
4,0,12,17,0,1,1,2,0.2127,0.2016,0.6435,0.3012,254
4,0,12,18,0,1,1,1,0.0996,0.1119,0.7728,0.3416,212
4,0,12,19,0,1,1,2,0.2778,0.2445,0.5038,0.1125,158
4,0,12,20,0,1,1,3,0.1916,0.1884,0.5587,0.3374,107
4,0,12,21,1,1,0,1,0.1254,0.1053,0.744,0.3978,40
4,0,12,22,0,1,1,1,0.124,0.0957,0.6544,0.1205,103
4,0,12,23,0,1,1,1,0.2291,0.2492,0.7875,0.1845,57
4,0,12,0,0,2,1,2,0.2263,0.2261,0.6444,0.2793,22
4,0,12,1,0,2,1,3,0.1524,0.1562,0.6786,0.0739,9
4,0,12,2,0,2,1,2,0.1983,0.16,0.6112,0.2202,8
4,0,12,3,0,2,1,3,0.1272,0.1134,0.7983,0.2086,6
4,0,12,4,0,2,1,2,0.1881,0.1968,0.7405,0.285,14
4,0,12,5,0,2,1,1,0.3095,0.3052,0.5006,0.4717,44
4,0,12,6,0,2,1,1,0.3554,0.4145,0.7107,0.1495,89
4,0,12,7,0,2,1,2,0.1914,0.1884,0.7604,0.132,195
4,0,12,8,0,2,1,2,0.2365,0.2047,0.632,0.3389,292
4,0,12,9,0,2,1,2,0.2337,0.209,0.7197,0.468,141
4,0,12,10,0,2,1,2,0.0858,0.0558,0.7924,0.1624,119
4,0,12,11,0,2,1,1,0.1257,0.1001,0.6244,0.0507,169
4,0,12,12,0,2,1,1,0.0441,0.0449,0.6775,0.1951,183
4,0,12,13,0,2,1,2,0.2377,0.2119,0.579,0.3949,126
4,0,12,14,0,2,1,2,0.3424,0.3654,0.7008,0.0862,117
4,0,12,15,0,2,1,2,0.2808,0.2932,0.5235,0.3719,149
4,0,12,16,0,2,1,1,0.2093,0.2248,0.7168,0.2692,210
4,0,12,17,0,2,1,3,0.1995,0.1819,0.8214,0.4565,203
4,0,12,18,0,2,1,1,0.1816,0.1999,0.5312,0.5516,223
4,0,12,19,0,2,1,1,0.2804,0.2971,0.7978,0.3268,164
4,0,12,20,0,2,1,2,0.2213,0.2581,0.6355,0.4951,111
4,0,12,21,0,2,1,3,0.2106,0.1838,0.5626,0.3007,73
4,0,12,22,0,2,1,3,0.129,0.1229,0.6147,0.0767,56
4,0,12,23,0,2,1,1,0.2483,0.2134,0.6439,0.0994,58
4,0,12,0,0,3,1,1,0.1948,0.2643,0.5921,0.3788,31
4,0,12,1,1,3,0,2,0.2331,0.2154,0.7763,0.0761,5
4,0,12,2,0,3,1,2,0.2753,0.2998,0.6067,0.4108,6
4,0,12,3,0,3,1,2,0.0909,0.091,0.6777,0.2373,7
4,0,12,4,0,3,1,1,0.1846,0.2018,0.8939,0.1544,15
4,0,12,5,0,3,1,2,0.1745,0.1653,0.619,0.2622,35
4,0,12,6,0,3,1,1,0.1683,0.1876,0.5812,0.0709,96
4,0,12,7,0,3,1,1,0.1271,0.1291,0.594,0.2167,221
4,0,12,8,1,3,0,2,0.1544,0.1978,0.7733,0.1763,88
4,0,12,9,0,3,1,1,0.1284,0.1312,0.6279,0.3064,145
4,0,12,10,0,3,1,2,0.2631,0.2282,0.6705,0.3358,93
4,0,12,11,0,3,1,2,0.2317,0.2357,0.5548,0.4207,153
4,0,12,12,0,3,1,1,0.2269,0.2158,0.6029,0.5012,198
4,0,12,13,0,3,1,1,0.0704,0.0373,0.7541,0.0935,157
4,0,12,14,0,3,1,3,0.3417,0.336,0.4631,0.2318,103
4,0,12,15,0,3,1,2,0.1767,0.1494,0.4248,0.2472,124
4,0,12,16,0,3,1,3,0.3274,0.304,0.5777,0.0929,114
4,0,12,17,0,3,1,1,0.2578,0.2461,0.5895,0.1167,320
4,0,12,18,0,3,1,2,0.1891,0.1188,0.605,0.0818,203
4,0,12,19,0,3,1,3,0.3483,0.318,0.6083,0.4393,117
4,0,12,20,0,3,1,1,0.245,0.2605,0.6385,0.314,139
4,0,12,21,0,3,1,1,0.1893,0.1741,0.5874,0.2731,136
4,0,12,22,0,3,1,3,0.1779,0.112,0.8001,0.3408,59
4,0,12,23,0,3,1,1,0.2776,0.2612,0.7357,0.1501,75
4,0,12,0,0,4,1,1,0.1669,0.1731,0.6217,0.339,28
4,0,12,1,0,4,1,4,0.178,0.1601,0.7452,0.0994,7
4,0,12,2,0,4,1,1,0.1627,0.1466,0.3254,0.6388,9
4,0,12,3,1,4,0,2,0.1516,0.1306,0.6763,0.1575,3
4,0,12,4,1,4,0,2,0.1559,0.1667,0.7389,0.5549,5
4,0,12,5,0,4,1,2,0.3285,0.2875,0.5681,0.3011,32
4,0,12,6,0,4,1,1,0.275,0.2776,0.6996,0.7068,88
4,0,12,7,0,4,1,1,0.2209,0.2019,0.5599,0.1988,217
4,0,12,8,0,4,1,2,0.1661,0.1954,0.6761,0.1767,255
4,0,12,9,0,4,1,2,0.1659,0.143,0.479,0.0371,161
4,0,12,10,0,4,1,1,0.1788,0.1365,0.7441,0.358,128
4,0,12,11,0,4,1,1,0.3297,0.3318,0.6362,0.2537,157
4,0,12,12,0,4,1,2,0.2248,0.2284,0.6637,0.4024,153
4,0,12,13,0,4,1,1,0.2568,0.2563,0.6272,0.3502,163
4,0,12,14,0,4,1,2,0.2185,0.2329,0.7659,0.458,118
4,0,12,15,0,4,1,3,0.1425,0.1053,0.666,0.0984,132
4,0,12,16,0,4,1,1,0.2116,0.1774,0.7489,0.1252,238
4,0,12,17,0,4,1,3,0.1292,0.1623,0.5706,0.483,173
4,0,12,18,0,4,1,2,0.2881,0.2868,0.7036,0.346,193
4,0,12,19,0,4,1,2,0.1521,0.1308,0.8246,0.5985,124
4,0,12,20,0,4,1,3,0.1644,0.1033,0.8297,0.4544,108
4,0,12,21,0,4,1,1,0.2614,0.211,0.3286,0.1661,149
4,0,12,22,0,4,1,3,0.1556,0.1191,0.6552,0.1663,47
4,0,12,23,0,4,1,1,0.1891,0.1628,0.4585,0.3327,61
4,0,12,0,0,5,0,2,0.0191,0.0273,0.5882,0.2108,19
4,0,12,1,0,5,0,2,0.1811,0.1311,0.569,0.2715,8
4,0,12,2,0,5,0,1,0.2453,0.2172,0.7071,0.125,7
4,0,12,3,0,5,0,2,0.1598,0.114,0.618,0.2429,5
4,0,12,4,0,5,0,2,0.2428,0.2181,0.5458,0.2384,9
4,0,12,5,0,5,0,1,0.2026,0.264,0.6982,0.2108,30
4,0,12,6,0,5,0,2,0.2798,0.3015,0.51,0.1573,63
4,0,12,7,0,5,0,1,0.1522,0.1618,0.5418,0.1336,182
4,0,12,8,0,5,0,1,0.1868,0.1618,0.5886,0.5211,240
4,0,12,9,0,5,0,1,0.1008,0.0635,0.6103,0.3785,136
4,0,12,10,0,5,0,3,0.1972,0.1848,0.6557,0.1319,52
4,0,12,11,0,5,0,2,0.1742,0.1189,0.6571,0.0984,91
4,0,12,12,0,5,0,2,0.2709,0.2768,0.5597,0.2063,106
4,0,12,13,0,5,0,2,0.16,0.146,0.6628,0.2786,82
4,0,12,14,0,5,0,2,0.174,0.1645,0.6437,0.5022,65
4,0,12,15,0,5,0,1,0.1564,0.0987,0.6346,0.5658,124
4,0,12,16,0,5,0,1,0.2056,0.1968,0.4492,0.4008,149
4,0,12,17,0,5,0,2,0.3429,0.3186,0.6873,0.6307,167
4,0,12,18,0,5,0,1,0.0,0.0,0.7026,0.3039,192
4,0,12,19,0,5,0,3,0.2003,0.1971,0.7219,0.2789,98
4,0,12,20,0,5,0,1,0.2859,0.2597,0.6491,0.2358,88
4,0,12,21,1,5,0,2,0.1677,0.1681,0.7589,0.4337,39
4,0,12,22,0,5,0,1,0.2406,0.2471,0.6887,0.3459,57
4,0,12,23,0,5,0,2,0.2861,0.2393,0.5809,0.6699,28
4,0,12,0,0,6,0,3,0.1837,0.1777,0.6221,0.4285,16
4,0,12,1,0,6,0,1,0.1573,0.1521,0.5608,0.3283,10
4,0,12,2,0,6,0,1,0.2685,0.2924,0.5107,0.1768,5
4,0,12,3,0,6,0,2,0.2377,0.251,0.7132,0.0315,5
4,0,12,4,0,6,0,1,0.1986,0.1782,0.5985,0.3917,10
4,0,12,5,0,6,0,1,0.2458,0.2207,0.7121,0.5874,24
4,0,12,6,0,6,0,2,0.2702,0.2612,0.8528,0.2148,71
4,0,12,7,0,6,0,1,0.1993,0.1556,0.7544,0.0942,163
4,0,12,8,0,6,0,1,0.2244,0.1839,0.5135,0.1851,135
4,0,12,9,0,6,0,1,0.2396,0.2136,0.5613,0.1341,172
4,0,12,10,0,6,0,1,0.1707,0.0907,0.6976,0.3022,86
4,0,12,11,0,6,0,3,0.2862,0.2422,0.6792,0.118,90
4,0,12,12,0,6,0,1,0.1308,0.1143,0.7881,0.4368,126
4,0,12,13,0,6,0,1,0.1938,0.2668,0.5851,0.1528,106
4,0,12,14,0,6,0,2,0.2567,0.2246,0.4774,0.1678,76
4,0,12,15,0,6,0,2,0.129,0.1424,0.5176,0.4781,100
4,0,12,16,0,6,0,1,0.264,0.2448,0.7717,0.4717,152
4,0,12,17,0,6,0,2,0.2163,0.2187,0.6482,0.1442,140
4,0,12,18,0,6,0,2,0.2958,0.2485,0.7291,0.173,170
4,0,12,19,0,6,0,1,0.2459,0.1872,0.5886,0.2557,129
4,0,12,20,0,6,0,1,0.1916,0.2233,0.5413,0.6854,90
4,0,12,21,0,6,0,2,0.2192,0.1683,0.708,0.2479,72
4,0,12,22,0,6,0,1,0.2217,0.2551,0.4697,0.6097,73
4,0,12,23,0,6,0,1,0.3446,0.3163,0.6878,0.1218,42
4,0,12,0,0,0,1,2,0.2083,0.1731,0.823,0.3297,24
4,0,12,1,0,0,1,1,0.1927,0.1676,0.3571,0.402,13
4,0,12,2,0,0,1,1,0.1887,0.2273,0.5156,0.3734,8
4,0,12,3,0,0,1,1,0.2156,0.1839,0.6255,0.312,9
4,0,12,4,0,0,1,3,0.123,0.1054,0.5721,0.4545,10
4,0,12,5,0,0,1,2,0.1756,0.1961,0.6129,0.5065,35
4,0,12,6,0,0,1,1,0.1315,0.1392,0.8934,0.266,108
4,0,12,7,0,0,1,1,0.1407,0.196,0.5497,0.4198,217
4,0,12,8,1,0,0,3,0.2587,0.2807,0.6025,0.3941,76
4,0,12,9,0,0,1,2,0.2042,0.1731,0.5094,0.1705,165
4,0,12,10,0,0,1,2,0.1504,0.182,0.4592,0.7472,99
4,0,12,11,0,0,1,1,0.1918,0.1246,0.6803,0.1574,154
4,0,12,12,0,0,1,1,0.1851,0.199,0.433,0.4878,154
4,0,12,13,0,0,1,1,0.2061,0.1761,0.4711,0.1255,169
4,0,12,14,0,0,1,2,0.0969,0.1099,0.6323,0.2032,111
4,0,12,15,1,0,0,3,0.126,0.1786,0.6974,0.0464,40
4,0,12,16,0,0,1,1,0.1015,0.0463,0.5228,0.1387,170
4,0,12,17,0,0,1,2,0.1394,0.1601,0.5382,0.2209,253
4,0,12,18,0,0,1,3,0.1518,0.1694,0.4308,0.2445,167
4,0,12,19,0,0,1,3,0.1299,0.1433,0.688,0.4019,138
4,0,12,20,0,0,1,1,0.2559,0.2137,0.6311,0.1385,159
4,0,12,21,0,0,1,1,0.3312,0.3119,0.6281,0.1691,98
4,0,12,22,0,0,1,3,0.2602,0.2183,0.4695,0.3921,39
4,0,12,23,0,0,1,1,0.1628,0.1675,0.7243,0.2421,59
4,0,12,0,0,1,1,1,0.2165,0.1666,0.566,0.2243,27
4,0,12,1,0,1,1,1,0.1972,0.1742,0.7327,0.1421,16
4,0,12,2,0,1,1,2,0.1592,0.1701,0.5473,0.1044,9
4,0,12,3,0,1,1,1,0.2945,0.2578,0.6652,0.0146,9
4,0,12,4,0,1,1,2,0.3423,0.3133,0.5354,0.0581,11
4,0,12,5,0,1,1,3,0.0989,0.0668,0.7414,0.4808,26
4,0,12,6,0,1,1,2,0.3026,0.2952,0.4809,0.4804,86
4,0,12,7,0,1,1,3,0.1604,0.1483,0.6622,0.3103,195
4,0,12,8,0,1,1,3,0.1835,0.1523,0.4795,0.1307,183
4,0,12,9,0,1,1,2,0.2216,0.1916,0.5747,0.0399,149
4,0,12,10,0,1,1,2,0.3101,0.2994,0.7027,0.4762,97
4,0,12,11,0,1,1,3,0.2215,0.1787,0.4891,0.1961,107
4,0,12,12,0,1,1,2,0.2307,0.2178,0.6823,0.4373,174
4,0,12,13,0,1,1,1,0.2615,0.2495,0.7167,0.0991,142
4,0,12,14,0,1,1,3,0.2726,0.2636,0.3858,0.3287,98
4,0,12,15,0,1,1,2,0.2376,0.2098,0.6831,0.1029,137
4,0,12,16,0,1,1,3,0.273,0.2775,0.7611,0.1963,140
4,0,12,17,0,1,1,1,0.16,0.1808,0.5362,0.574,299
4,0,12,18,0,1,1,1,0.0804,0.0958,0.5229,0.2633,222
4,0,12,19,0,1,1,2,0.3296,0.3194,0.4309,0.4025,175
4,0,12,20,0,1,1,2,0.1292,0.0799,0.5106,0.1977,113
4,0,12,21,0,1,1,1,0.1644,0.2065,0.7483,0.6383,119
4,0,12,22,0,1,1,3,0.1786,0.1714,0.5759,0.5757,55
4,0,12,23,0,1,1,2,0.1665,0.1676,0.686,0.214,55
4,0,12,0,0,2,1,1,0.1505,0.1218,0.5502,0.1464,26
4,0,12,1,0,2,1,2,0.2338,0.2157,0.6117,0.1366,10
4,0,12,2,0,2,1,1,0.2345,0.2582,0.7747,0.2288,10
4,0,12,3,0,2,1,2,0.2447,0.256,0.7868,0.2997,7
4,0,12,4,0,2,1,1,0.2403,0.219,0.6435,0.1812,13
4,0,12,5,0,2,1,1,0.1722,0.2094,0.6002,0.3948,53
4,0,12,6,0,2,1,3,0.172,0.1332,0.5303,0.3967,60
4,0,12,7,0,2,1,1,0.2797,0.2153,0.7214,0.3726,178
4,0,12,8,0,2,1,2,0.1648,0.0987,0.6108,0.7261,226
4,0,12,9,0,2,1,2,0.1634,0.1791,0.7806,0.2396,151
4,0,12,10,0,2,1,1,0.2664,0.2322,0.4233,0.1702,149
4,0,12,11,0,2,1,3,0.2,0.1858,0.5733,0.3496,125
4,0,12,12,0,2,1,1,0.166,0.1905,0.6075,0.0334,190
4,0,12,13,0,2,1,2,0.1666,0.1682,0.6866,0.2724,142
4,0,12,14,0,2,1,2,0.28,0.2304,0.47,0.1147,118
4,0,12,15,0,2,1,2,0.2424,0.279,0.6088,0.5858,108
4,0,12,16,1,2,0,1,0.2179,0.1983,0.742,0.198,95
4,0,12,17,0,2,1,2,0.1197,0.1118,0.6629,0.102,282
4,0,12,18,0,2,1,3,0.2182,0.1859,0.6653,0.4051,185
4,0,12,19,0,2,1,2,0.1864,0.1436,0.5276,0.1661,153
4,0,12,20,0,2,1,2,0.1375,0.1375,0.5991,0.1694,130
4,0,12,21,0,2,1,1,0.1592,0.108,0.5022,0.5206,120
4,0,12,22,0,2,1,1,0.2501,0.2351,0.7467,0.2258,76
4,0,12,23,1,2,0,1,0.2883,0.3214,0.6759,0.2939,25
4,0,12,0,0,3,1,1,0.1269,0.1431,0.6397,0.7862,21
4,0,12,1,0,3,1,2,0.1357,0.135,0.6456,0.2234,10
4,0,12,2,0,3,1,1,0.2495,0.2041,0.77,0.1391,8
4,0,12,3,0,3,1,1,0.1723,0.1618,0.8664,0.1723,7
4,0,12,4,0,3,1,1,0.2396,0.2038,0.6341,0.265,14
4,0,12,5,0,3,1,1,0.1713,0.206,0.6342,0.3299,42
4,0,12,6,0,3,1,2,0.2413,0.215,0.672,0.3272,79
4,0,12,7,0,3,1,2,0.1048,0.0759,0.7987,0.2242,218
4,0,12,8,0,3,1,1,0.2394,0.2209,0.7174,0.2132,308
4,0,12,9,0,3,1,1,0.054,0.0278,0.6722,0.1237,180
4,0,12,10,0,3,1,1,0.2657,0.2595,0.7171,0.112,136
4,0,12,11,0,3,1,2,0.1985,0.2433,0.6744,0.3655,111
4,0,12,12,0,3,1,1,0.2318,0.2204,0.4568,0.1385,197
4,0,12,13,0,3,1,2,0.2175,0.179,0.7528,0.37,116
4,0,12,14,0,3,1,2,0.0815,0.0727,0.5288,0.2214,91
4,0,12,15,0,3,1,1,0.2966,0.2436,0.614,0.3648,148
4,0,12,16,0,3,1,1,0.2243,0.2993,0.5314,0.0639,174
4,0,12,17,0,3,1,1,0.2539,0.2952,0.5928,0.2919,221
4,0,12,18,0,3,1,1,0.145,0.1751,0.6531,0.4444,250
4,0,12,19,0,3,1,1,0.2178,0.2294,0.7874,0.2772,186
4,0,12,20,0,3,1,3,0.1092,0.0988,0.5737,0.4803,82
4,0,12,21,0,3,1,1,0.2114,0.1965,0.7999,0.3261,122
4,0,12,22,0,3,1,1,0.1352,0.1218,0.4321,0.0752,91
4,0,12,23,0,3,1,2,0.5514,0.5952,0.4766,0.3015,41
4,0,12,0,0,4,1,3,0.243,0.225,0.5218,0.6226,17
4,0,12,1,0,4,1,1,0.2938,0.2621,0.7152,0.1796,16
4,0,12,2,0,4,1,2,0.1831,0.1708,0.5118,0.2611,8
4,0,12,3,0,4,1,1,0.2285,0.2326,0.4738,0.5406,9
4,0,12,4,0,4,1,2,0.264,0.1463,0.839,0.6864,11
4,0,12,5,0,4,1,2,0.1255,0.131,0.6075,0.1112,42
4,0,12,6,0,4,1,2,0.1535,0.0696,0.802,0.3322,84
4,0,12,7,0,4,1,1,0.2687,0.2994,0.7472,0.1209,272
4,0,12,8,0,4,1,1,0.1853,0.1243,0.7202,0.4726,328
4,0,12,9,0,4,1,2,0.1483,0.1167,0.7745,0.1354,153
4,0,12,10,0,4,1,1,0.1564,0.0911,0.5911,0.1964,158
4,0,12,11,0,4,1,2,0.115,0.1633,0.4849,0.393,131
4,0,12,12,0,4,1,1,0.0634,0.0599,0.6856,0.2666,164
4,0,12,13,0,4,1,2,0.0819,0.1446,0.5812,0.3047,164
4,0,12,14,0,4,1,1,0.2038,0.2532,0.6956,0.466,130
4,0,12,15,0,4,1,3,0.2476,0.2727,0.7317,0.2227,114
4,0,12,16,0,4,1,2,0.3769,0.316,0.5268,0.1331,222
4,0,12,17,0,4,1,1,0.1977,0.1928,0.5525,0.4319,309
4,0,12,18,0,4,1,1,0.111,0.1464,0.6128,0.8449,209
4,0,12,19,0,4,1,2,0.1986,0.2003,0.7758,0.4278,149
4,0,12,20,0,4,1,1,0.2498,0.2262,0.5292,0.3871,110
4,0,12,21,0,4,1,1,0.2727,0.2696,0.8435,0.2356,130
4,0,12,22,0,4,1,1,0.2659,0.266,0.4261,0.2307,94
4,0,12,23,0,4,1,1,0.2407,0.1843,0.8177,0.1737,60
4,0,12,0,0,5,0,2,0.207,0.1796,0.6514,0.356,15
4,0,12,1,0,5,0,1,0.2519,0.2589,0.6867,0.4853,12
4,0,12,2,0,5,0,2,0.1174,0.1378,0.6917,0.2291,6
4,0,12,3,0,5,0,3,0.0598,0.0641,0.3447,0.3999,4
4,0,12,4,1,5,0,2,0.3469,0.3173,0.5886,0.3857,4
4,0,12,5,0,5,0,1,0.197,0.1814,0.605,0.4245,34
4,0,12,6,0,5,0,2,0.2377,0.2032,0.768,0.0893,62
4,0,12,7,0,5,0,2,0.0042,0.0009,0.6127,0.1096,118
4,0,12,8,0,5,0,1,0.3085,0.3186,0.7936,0.131,209
4,0,12,9,0,5,0,1,0.2812,0.34,0.8412,0.1393,118
4,0,12,10,0,5,0,1,0.0907,0.0501,0.6931,0.29,87
4,0,12,11,0,5,0,1,0.1781,0.2072,0.6459,0.6166,111
4,0,12,12,0,5,0,1,0.219,0.2195,0.5,0.1633,174
4,0,12,13,0,5,0,1,0.1119,0.0582,0.7001,0.2985,101
4,0,12,14,0,5,0,2,0.2345,0.2199,0.5862,0.4249,72
4,0,12,15,0,5,0,2,0.2735,0.2544,0.7919,0.2697,104
4,0,12,16,0,5,0,1,0.223,0.2118,0.4492,0.1395,171
4,0,12,17,0,5,0,3,0.0907,0.1176,0.5442,0.4124,142
4,0,12,18,0,5,0,1,0.1278,0.1806,0.7367,0.1912,205
4,0,12,19,0,5,0,1,0.1917,0.2209,0.8318,0.0682,116
4,0,12,20,0,5,0,1,0.1829,0.1801,0.7123,0.5,100
4,0,12,21,0,5,0,1,0.1843,0.1848,0.779,0.2638,75
4,0,12,22,0,5,0,2,0.1818,0.2351,0.648,0.3383,44
4,0,12,23,0,5,0,1,0.0741,0.0386,0.8311,0.4434,42
4,0,12,0,0,6,0,3,0.2565,0.281,0.6557,0.473,13
4,0,12,1,0,6,0,3,0.2441,0.1974,0.6887,0.5219,6
4,0,12,2,1,6,0,1,0.2367,0.1791,0.6526,0.5491,4
4,0,12,3,1,6,0,2,0.2302,0.2377,0.5964,0.5396,3
4,0,12,4,0,6,0,2,0.1803,0.1215,0.6796,0.2021,11
4,0,12,5,0,6,0,2,0.1577,0.138,0.6588,0.7177,25
4,0,12,6,0,6,0,1,0.1289,0.1637,0.6831,0.1139,70
4,0,12,7,0,6,0,2,0.3082,0.2653,0.3596,0.2697,136
4,0,12,8,0,6,0,1,0.1987,0.2427,0.5244,0.4771,216
4,0,12,9,0,6,0,1,0.0839,0.012,0.5662,0.0533,111
4,0,12,10,0,6,0,3,0.1981,0.2195,0.4495,0.5374,50
4,0,12,11,0,6,0,1,0.0543,0.01,0.5164,0.2538,114
4,0,12,12,0,6,0,1,0.2175,0.2008,0.7132,0.1281,148
4,0,12,13,0,6,0,1,0.2102,0.2061,0.6662,0.033,118
4,0,12,14,0,6,0,3,0.1622,0.1456,0.7455,0.5015,53
4,0,12,15,0,6,0,1,0.1344,0.1199,0.7372,0.141,146
4,0,12,16,0,6,0,1,0.2395,0.184,0.7467,0.3762,132
4,0,12,17,0,6,0,2,0.1943,0.2271,0.633,0.2281,157
4,0,12,18,0,6,0,1,0.0642,0.0241,0.7898,0.2435,176
4,0,12,19,0,6,0,1,0.2844,0.2333,0.5596,0.0801,130
4,0,12,20,0,6,0,2,0.1344,0.1247,0.7836,0.312,93
4,0,12,21,0,6,0,3,0.1079,0.0816,0.7341,0.3309,63
4,0,12,22,0,6,0,2,0.2953,0.3057,0.7059,0.1531,51
4,0,12,23,0,6,0,1,0.2743,0.2446,0.6253,0.2201,29
4,0,12,0,0,0,1,1,0.1706,0.162,0.5451,0.2332,29
4,0,12,1,0,0,1,2,0.1124,0.1102,0.6265,0.218,14
4,0,12,2,0,0,1,1,0.1364,0.1588,0.4439,0.3024,9
4,0,12,3,0,0,1,2,0.1694,0.1451,0.7508,0.3178,8
4,0,12,4,1,0,0,2,0.2852,0.2208,0.5686,0.2028,5
4,0,12,5,0,0,1,3,0.2907,0.2519,0.576,0.2548,35
4,0,12,6,0,0,1,1,0.2117,0.2352,0.4068,0.0521,107
4,0,12,7,0,0,1,3,0.2455,0.2437,0.4997,0.3073,170
4,0,12,8,0,0,1,1,0.1854,0.165,0.9402,0.3596,317
4,0,12,9,0,0,1,2,0.1389,0.1338,0.5483,0.2308,155
4,0,12,10,0,0,1,1,0.095,0.0823,0.7478,0.4657,133
4,0,12,11,0,0,1,2,0.2226,0.2351,0.4699,0.1233,132
4,0,12,12,0,0,1,1,0.2631,0.26,0.4619,0.1532,181
4,0,12,13,0,0,1,1,0.1643,0.1477,0.6197,0.5374,146
4,0,12,14,0,0,1,1,0.2832,0.2965,0.6297,0.3761,142
4,0,12,15,0,0,1,1,0.1731,0.1997,0.5497,0.2446,119
4,0,12,16,0,0,1,3,0.2059,0.168,0.6213,0.1535,146
4,0,12,17,0,0,1,2,0.1846,0.1483,0.5288,0.2186,198
4,0,12,18,0,0,1,2,0.2866,0.3443,0.7675,0.2641,220
4,0,12,19,0,0,1,1,0.2345,0.2416,0.8632,0.1333,162
4,0,12,20,0,0,1,1,0.196,0.2362,0.7473,0.2734,125
4,0,12,21,0,0,1,1,0.2054,0.2219,0.4579,0.3767,102
4,0,12,22,0,0,1,1,0.1168,0.1248,0.6753,0.3662,85
4,0,12,23,0,0,1,2,0.0437,0.0,0.552,0.3714,51
1,1,1,0,0,1,1,2,0.1628,0.118,0.551,0.1866,30
1,1,1,1,0,1,1,1,0.1864,0.1966,0.7059,0.5499,17
1,1,1,2,0,1,1,1,0.2372,0.1982,0.6337,0.206,13
1,1,1,3,0,1,1,1,0.1886,0.1747,0.6344,0.1869,11
1,1,1,4,0,1,1,1,0.1672,0.1861,0.6263,0.1553,20
1,1,1,5,0,1,1,1,0.0,0.0041,0.5127,0.0429,71
1,1,1,6,0,1,1,1,0.2369,0.237,0.4985,0.4221,132
1,1,1,7,0,1,1,1,0.2148,0.2457,0.5865,0.0937,336
1,1,1,8,0,1,1,1,0.257,0.2887,0.597,0.1807,444
1,1,1,9,0,1,1,2,0.2019,0.1901,0.6699,0.3722,252
1,1,1,10,0,1,1,4,0.2803,0.3045,0.7266,0.155,111
1,1,1,11,0,1,1,1,0.1615,0.1246,0.5989,0.0504,275
1,1,1,12,0,1,1,1,0.1972,0.1941,0.6413,0.0617,222
1,1,1,13,0,1,1,1,0.2168,0.223,0.7304,0.1993,241
1,1,1,14,0,1,1,2,0.2462,0.2307,0.59,0.1782,156
1,1,1,15,0,1,1,2,0.2291,0.211,0.6719,0.48,194
1,1,1,16,0,1,1,2,0.2334,0.1882,0.6461,0.5242,261
1,1,1,17,0,1,1,2,0.2188,0.2068,0.5817,0.3988,307
1,1,1,18,0,1,1,3,0.1865,0.1289,0.4676,0.6073,197
1,1,1,19,0,1,1,1,0.2631,0.2459,0.5065,0.1452,221
1,1,1,20,0,1,1,1,0.0828,0.0805,0.7448,0.2405,191
1,1,1,21,0,1,1,1,0.156,0.1705,0.4261,0.2207,130
1,1,1,22,0,1,1,2,0.3114,0.2606,0.8331,0.2536,99
1,1,1,23,0,1,1,1,0.1529,0.1555,0.5388,0.2213,86
1,1,1,0,0,2,1,3,0.1946,0.2019,0.4069,0.0667,26
1,1,1,1,0,2,1,2,0.2972,0.2817,0.5542,0.2756,14
1,1,1,2,0,2,1,3,0.1912,0.1951,0.3487,0.6651,8
1,1,1,3,0,2,1,3,0.1417,0.1427,0.4144,0.4387,7
1,1,1,4,0,2,1,2,0.2839,0.1917,0.6311,0.0655,16
1,1,1,5,0,2,1,3,0.1798,0.1431,0.4313,0.1557,38
1,1,1,6,0,2,1,2,0.1846,0.2396,0.4373,0.4043,110
1,1,1,7,0,2,1,1,0.0614,0.078,0.6256,0.288,298
1,1,1,8,0,2,1,2,0.1911,0.1635,0.6279,0.231,335
1,1,1,9,0,2,1,3,0.2478,0.2465,0.6788,0.1309,160
1,1,1,10,0,2,1,2,0.1699,0.1827,0.6468,0.5416,122
1,1,1,11,0,2,1,2,0.1103,0.1511,0.6122,0.2743,185
1,1,1,12,0,2,1,1,0.1664,0.1464,0.6875,0.3567,189
1,1,1,13,0,2,1,2,0.157,0.1312,0.728,0.4414,206
1,1,1,14,0,2,1,1,0.1823,0.1582,0.6266,0.3082,173
1,1,1,15,0,2,1,2,0.1638,0.1385,0.6799,0.4328,183
1,1,1,16,0,2,1,2,0.3166,0.2826,0.3052,0.7235,292
1,1,1,17,0,2,1,2,0.2212,0.2158,0.5663,0.3342,303
1,1,1,18,0,2,1,1,0.0782,0.0617,0.7915,0.1731,308
1,1,1,19,0,2,1,2,0.205,0.1929,0.5515,0.1563,218
1,1,1,20,0,2,1,1,0.1972,0.2435,0.6793,0.5792,197
1,1,1,21,0,2,1,1,0.2837,0.2407,0.6469,0.3648,147
1,1,1,22,1,2,0,1,0.1891,0.1898,0.5433,0.0617,45
1,1,1,23,0,2,1,2,0.1871,0.1437,0.6732,0.2593,62
1,1,1,0,0,3,1,1,0.3306,0.3418,0.5632,0.5274,36
1,1,1,1,0,3,1,1,0.1253,0.1526,0.5591,0.1962,19
1,1,1,2,0,3,1,3,0.256,0.2172,0.5577,0.097,7
1,1,1,3,0,3,1,1,0.2046,0.1735,0.5137,0.2689,11
1,1,1,4,0,3,1,3,0.1651,0.1768,0.4976,0.1445,12
1,1,1,5,0,3,1,2,0.1548,0.1388,0.5594,0.3155,54
1,1,1,6,0,3,1,1,0.2952,0.323,0.6259,0.1957,145
1,1,1,7,0,3,1,2,0.2327,0.185,0.5725,0.3763,335
1,1,1,8,0,3,1,1,0.2422,0.2624,0.5646,0.278,356
1,1,1,9,0,3,1,3,0.2624,0.3164,0.926,0.3079,140
1,1,1,10,0,3,1,1,0.2241,0.2246,0.7049,0.5408,161
1,1,1,11,0,3,1,2,0.1259,0.1005,0.4199,0.5424,175
1,1,1,12,0,3,1,2,0.0901,0.0623,0.6483,0.4624,174
1,1,1,13,0,3,1,2,0.3079,0.2877,0.653,0.1258,198
1,1,1,14,0,3,1,1,0.2147,0.2243,1.0,0.1461,154
1,1,1,15,0,3,1,2,0.2057,0.1506,0.6588,0.4512,175
1,1,1,16,0,3,1,1,0.3265,0.3009,0.871,0.0929,290
1,1,1,17,0,3,1,2,0.1256,0.1233,0.57,0.1915,377
1,1,1,18,0,3,1,1,0.0235,0.069,0.525,0.2412,304
1,1,1,19,0,3,1,1,0.0733,0.1255,0.4795,0.4295,241
1,1,1,20,0,3,1,2,0.163,0.1509,0.7242,0.3558,126
1,1,1,21,0,3,1,2,0.2084,0.1647,0.5084,0.3666,117
1,1,1,22,0,3,1,2,0.2976,0.2869,0.5405,0.3972,94
1,1,1,23,0,3,1,2,0.2592,0.2515,0.68,0.1889,71
1,1,1,0,0,4,1,1,0.021,0.0555,0.5782,0.4363,35
1,1,1,1,0,4,1,2,0.3964,0.3633,0.6356,0.2478,18
1,1,1,2,0,4,1,1,0.1716,0.1333,0.4666,0.2086,10
1,1,1,3,0,4,1,2,0.2863,0.2716,0.3314,0.3027,10
1,1,1,4,0,4,1,1,0.2386,0.2164,0.7716,0.3458,18
1,1,1,5,0,4,1,1,0.2007,0.1797,0.7565,0.1436,59
1,1,1,6,0,4,1,2,0.1837,0.1485,0.5878,0.2453,111
1,1,1,7,0,4,1,3,0.1225,0.0787,0.63,0.0837,242
1,1,1,8,0,4,1,3,0.1102,0.123,0.5046,0.2756,232
1,1,1,9,0,4,1,2,0.1887,0.1872,0.5861,0.374,162
1,1,1,10,0,4,1,1,0.1032,0.0739,0.9082,0.5581,145
1,1,1,11,0,4,1,1,0.3157,0.3245,0.8325,0.1693,201
1,1,1,12,0,4,1,1,0.2071,0.1415,0.6512,0.2511,232
1,1,1,13,0,4,1,2,0.3468,0.3172,0.3891,0.0276,226
1,1,1,14,0,4,1,1,0.1698,0.1678,0.6802,0.1816,163
1,1,1,15,0,4,1,3,0.159,0.1843,0.5858,0.1764,186
1,1,1,16,0,4,1,1,0.2417,0.2129,0.5678,0.1573,280
1,1,1,17,0,4,1,1,0.1822,0.2068,0.6167,0.1481,395
1,1,1,18,0,4,1,2,0.2684,0.2355,0.8489,0.1122,286
1,1,1,19,0,4,1,1,0.301,0.3106,0.6352,0.3884,218
1,1,1,20,0,4,1,1,0.2773,0.3139,0.7372,0.6044,165
1,1,1,21,0,4,1,2,0.2958,0.2511,0.6688,0.2254,144
1,1,1,22,0,4,1,3,0.2576,0.2492,0.6651,0.1271,63
1,1,1,23,0,4,1,1,0.1619,0.17,0.6977,0.1421,76
1,1,1,0,0,5,0,1,0.2804,0.229,0.5668,0.2154,22
1,1,1,1,0,5,0,1,0.2494,0.2499,0.4542,0.357,14
1,1,1,2,0,5,0,2,0.1574,0.1325,0.8085,0.5613,5
1,1,1,3,0,5,0,1,0.1662,0.1326,0.4342,0.7949,6
1,1,1,4,0,5,0,2,0.1942,0.1718,0.6517,0.0267,12
1,1,1,5,0,5,0,2,0.2784,0.2496,0.8348,0.3659,31
1,1,1,6,0,5,0,3,0.2088,0.2224,0.6585,0.1814,69
1,1,1,7,0,5,0,2,0.2002,0.1902,0.6893,0.0565,178
1,1,1,8,0,5,0,2,0.1895,0.2493,0.6893,0.241,170
1,1,1,9,0,5,0,2,0.1759,0.151,0.757,0.1995,83
1,1,1,10,0,5,0,1,0.1191,0.1274,0.7801,0.3049,112
1,1,1,11,0,5,0,1,0.2563,0.2389,0.4451,0.4197,180
1,1,1,12,0,5,0,2,0.1294,0.0846,0.7747,0.3728,114
1,1,1,13,0,5,0,1,0.2053,0.2428,0.6094,0.6322,169
1,1,1,14,0,5,0,1,0.172,0.167,0.526,0.067,117
1,1,1,15,0,5,0,1,0.2542,0.2181,0.4877,0.2413,135
1,1,1,16,1,5,0,1,0.1767,0.1798,0.6476,0.1196,125
1,1,1,17,0,5,0,1,0.1302,0.1547,0.5497,0.2232,262
1,1,1,18,1,5,0,2,0.2698,0.2309,0.6258,0.3414,107
1,1,1,19,0,5,0,2,0.1428,0.1371,0.6164,0.3625,128
1,1,1,20,0,5,0,1,0.2114,0.2321,0.6518,0.318,129
1,1,1,21,0,5,0,2,0.2898,0.2802,0.7123,0.3256,83
1,1,1,22,0,5,0,1,0.1495,0.1586,0.758,0.5128,75
1,1,1,23,0,5,0,4,0.1933,0.1758,0.7555,0.1464,27
1,1,1,0,0,6,0,2,0.1707,0.115,0.798,0.1074,26
1,1,1,1,0,6,0,2,0.2101,0.1921,0.5845,0.3347,10
1,1,1,2,0,6,0,2,0.1961,0.1695,0.528,0.2428,5
1,1,1,3,1,6,0,2,0.2654,0.2488,0.6056,0.2757,4
1,1,1,4,0,6,0,1,0.1575,0.1331,0.557,0.2657,15
1,1,1,5,0,6,0,1,0.2901,0.2807,0.4582,0.1936,40
1,1,1,6,0,6,0,3,0.3133,0.2872,0.5849,0.2944,59
1,1,1,7,0,6,0,3,0.2189,0.2322,0.6982,0.1744,135
1,1,1,8,0,6,0,2,0.1456,0.1568,0.761,0.188,204
1,1,1,9,0,6,0,2,0.198,0.1604,0.6044,0.289,144
1,1,1,10,0,6,0,1,0.1922,0.2203,0.7454,0.232,138
1,1,1,11,0,6,0,2,0.325,0.287,0.6165,0.5613,118
1,1,1,12,0,6,0,1,0.1937,0.1503,0.3298,0.165,157
1,1,1,13,0,6,0,1,0.2977,0.3145,0.4525,0.2678,130
1,1,1,14,0,6,0,3,0.2087,0.1805,0.6646,0.049,80
1,1,1,15,0,6,0,2,0.2041,0.1969,0.3984,0.0835,127
1,1,1,16,0,6,0,3,0.1761,0.1287,0.4555,0.4341,125
1,1,1,17,0,6,0,2,0.1826,0.1625,0.4327,0.3687,195
1,1,1,18,0,6,0,1,0.2632,0.2466,0.5905,0.0991,202
1,1,1,19,0,6,0,2,0.1498,0.1305,0.6441,0.4998,115
1,1,1,20,0,6,0,1,0.2681,0.2393,0.4105,0.7393,130
1,1,1,21,0,6,0,3,0.3018,0.2879,0.7063,0.1892,73
1,1,1,22,0,6,0,1,0.1595,0.1812,0.6168,0.1502,80
1,1,1,23,0,6,0,2,0.2855,0.243,0.4569,0.019,56
1,1,1,0,0,0,1,2,0.2747,0.1851,0.6194,0.5329,22
1,1,1,1,0,0,1,1,0.2622,0.2863,0.5239,0.2268,17
1,1,1,2,0,0,1,1,0.1568,0.1292,0.5222,0.0942,10
1,1,1,3,0,0,1,1,0.193,0.1661,0.4626,0.0595,12
1,1,1,4,0,0,1,1,0.1929,0.1669,0.6125,0.1939,15
1,1,1,5,0,0,1,3,0.3477,0.2904,0.5845,0.0666,50
1,1,1,6,0,0,1,1,0.2006,0.1787,0.5834,0.461,101
1,1,1,7,0,0,1,1,0.1885,0.1707,0.5994,0.2421,311
1,1,1,8,0,0,1,1,0.121,0.128,0.6429,0.7146,300
1,1,1,9,0,0,1,1,0.1333,0.1102,0.5906,0.3534,256
1,1,1,10,0,0,1,1,0.1534,0.0725,0.3762,0.4442,172
1,1,1,11,0,0,1,3,0.2266,0.1752,0.6088,0.5115,121
1,1,1,12,0,0,1,2,0.1016,0.13,0.4985,0.0936,212
1,1,1,13,0,0,1,3,0.1547,0.1218,0.7494,0.4982,159
1,1,1,14,0,0,1,1,0.0711,0.0839,0.6659,0.2031,168
1,1,1,15,0,0,1,1,0.2995,0.2631,0.7332,0.3583,158
1,1,1,16,0,0,1,1,0.2088,0.2227,0.549,0.4411,292
1,1,1,17,0,0,1,2,0.2231,0.2149,0.7216,0.029,367
1,1,1,18,1,0,0,1,0.125,0.0752,0.4802,0.2097,116
1,1,1,19,0,0,1,1,0.2826,0.2334,0.6122,0.2118,243
1,1,1,20,0,0,1,2,0.3065,0.2465,0.5054,0.2749,141
1,1,1,21,0,0,1,1,0.206,0.2231,0.6861,0.154,133
1,1,1,22,0,0,1,2,0.1678,0.1216,0.8212,0.2177,91
1,1,1,23,0,0,1,2,0.24,0.2169,0.6567,0.221,47
1,1,1,0,0,1,1,2,0.2532,0.2382,0.4344,0.1783,31
1,1,1,1,0,1,1,1,0.2627,0.2563,0.5327,0.0637,18
1,1,1,2,0,1,1,2,0.2483,0.222,0.9809,0.2455,8
1,1,1,3,0,1,1,1,0.2693,0.2086,0.7122,0.1923,12
1,1,1,4,0,1,1,1,0.1533,0.1095,0.5211,0.3074,22
1,1,1,5,0,1,1,1,0.2656,0.2208,0.7243,0.1818,72
1,1,1,6,0,1,1,1,0.17,0.0821,0.6287,0.4273,130
1,1,1,7,0,1,1,1,0.0261,0.0378,0.929,0.2829,246
1,1,1,8,0,1,1,2,0.1694,0.1761,0.6224,0.4972,325
1,1,1,9,1,1,0,2,0.163,0.1227,0.5833,0.0785,92
1,1,1,10,0,1,1,1,0.2187,0.2469,0.6053,0.2306,159
1,1,1,11,0,1,1,1,0.2605,0.2443,0.5673,0.3942,225
1,1,1,12,0,1,1,1,0.2153,0.23,0.5281,0.1234,221
1,1,1,13,0,1,1,3,0.3424,0.3486,0.479,0.1279,139
1,1,1,14,0,1,1,1,0.1651,0.1528,0.5564,0.4174,138
1,1,1,15,0,1,1,1,0.0627,0.0,0.7063,0.4761,188
1,1,1,16,0,1,1,1,0.2213,0.2162,0.5832,0.2745,294
1,1,1,17,0,1,1,2,0.1637,0.1713,0.5448,0.2031,292
1,1,1,18,0,1,1,1,0.1258,0.0999,0.4549,0.4494,339
1,1,1,19,0,1,1,1,0.181,0.1768,0.6985,0.1588,235
1,1,1,20,0,1,1,2,0.147,0.1388,0.8071,0.3822,201
1,1,1,21,0,1,1,2,0.1539,0.1176,0.5123,0.1202,151
1,1,1,22,0,1,1,2,0.3084,0.29,0.5375,0.1202,104
1,1,1,23,0,1,1,3,0.2105,0.1847,0.5034,0.4206,55
1,1,1,0,0,2,1,3,0.1838,0.1859,0.7114,0.0981,37
1,1,1,1,0,2,1,2,0.3142,0.2808,0.7382,0.1276,17
1,1,1,2,0,2,1,3,0.1817,0.1512,0.6315,0.3414,8
1,1,1,3,0,2,1,2,0.1163,0.0613,0.4705,0.128,10
1,1,1,4,0,2,1,1,0.1095,0.1702,0.66,0.4282,16
1,1,1,5,0,2,1,2,0.1968,0.1734,0.6413,0.4532,42
1,1,1,6,1,2,0,2,0.0874,0.0491,0.6532,0.0625,47
1,1,1,7,0,2,1,2,0.1203,0.1324,0.4878,0.1641,257
1,1,1,8,0,2,1,2,0.1757,0.1725,0.4797,0.5213,310
1,1,1,9,0,2,1,2,0.2816,0.284,0.4183,0.1877,220
1,1,1,10,0,2,1,3,0.2928,0.2978,0.7514,0.3378,132
1,1,1,11,0,2,1,1,0.2485,0.269,0.7553,0.5458,249
1,1,1,12,0,2,1,2,0.2021,0.16,0.4189,0.1621,170
1,1,1,13,0,2,1,2,0.1624,0.1587,0.5174,0.1964,183
1,1,1,14,0,2,1,3,0.2296,0.1707,0.518,0.3728,132
1,1,1,15,0,2,1,1,0.3271,0.3015,0.7222,0.2805,194
1,1,1,16,0,2,1,1,0.2123,0.2218,0.6235,0.1321,272
1,1,1,17,0,2,1,1,0.17,0.1347,0.7982,0.1737,431
1,1,1,18,0,2,1,1,0.1913,0.2487,0.5782,0.2671,385
1,1,1,19,0,2,1,1,0.1837,0.1751,0.4524,0.2521,243
1,1,1,20,0,2,1,1,0.2408,0.1744,0.5248,0.1326,190
1,1,1,21,0,2,1,1,0.1489,0.1626,0.5039,0.2708,159
1,1,1,22,0,2,1,3,0.2308,0.2859,0.7393,0.2695,68
1,1,1,23,0,2,1,1,0.2421,0.1629,0.8439,0.444,75
1,1,1,0,0,3,1,1,0.2271,0.2372,0.6711,0.4115,28
1,1,1,1,0,3,1,2,0.127,0.0909,0.5286,0.3739,13
1,1,1,2,0,3,1,1,0.1925,0.1813,0.6431,0.1236,10
1,1,1,3,0,3,1,2,0.1661,0.1185,0.4165,0.5556,10
1,1,1,4,0,3,1,2,0.1978,0.2135,0.5882,0.0675,16
1,1,1,5,0,3,1,1,0.1563,0.139,0.4114,0.415,55
1,1,1,6,0,3,1,2,0.29,0.3103,0.67,0.0512,121
1,1,1,7,0,3,1,1,0.2161,0.1744,0.5923,0.2391,336
1,1,1,8,0,3,1,1,0.0897,0.079,0.7107,0.2961,382
1,1,1,9,0,3,1,2,0.1099,0.035,0.7013,0.2593,213
1,1,1,10,0,3,1,1,0.2873,0.3509,0.5457,0.329,181
1,1,1,11,0,3,1,1,0.1904,0.2385,0.7341,0.4209,165
1,1,1,12,0,3,1,2,0.1757,0.2323,0.4702,0.0592,236
1,1,1,13,0,3,1,1,0.282,0.3139,0.9285,0.1539,165
1,1,1,14,0,3,1,1,0.1924,0.165,0.4514,0.2609,171
1,1,1,15,0,3,1,2,0.1193,0.112,0.7017,0.186,151
1,1,1,16,0,3,1,1,0.1241,0.1266,0.7615,0.4696,271
1,1,1,17,0,3,1,2,0.2469,0.2458,0.6339,0.1047,280
1,1,1,18,0,3,1,3,0.3451,0.2949,0.4883,0.2941,214
1,1,1,19,0,3,1,2,0.2618,0.2143,0.5194,0.1324,218
1,1,1,20,0,3,1,1,0.1763,0.1273,0.4896,0.3227,196
1,1,1,21,0,3,1,1,0.1871,0.165,0.6117,0.4037,142
1,1,1,22,0,3,1,2,0.2064,0.1865,0.7073,0.2599,101
1,1,1,23,0,3,1,2,0.0616,0.0449,0.6703,0.3912,75
1,1,1,0,0,4,1,3,0.2053,0.2026,0.6181,0.2489,23
1,1,1,1,0,4,1,2,0.2446,0.1909,0.4438,0.4677,14
1,1,1,2,0,4,1,1,0.3278,0.2858,0.8156,0.2974,12
1,1,1,3,0,4,1,1,0.28,0.2432,0.5904,0.122,12
1,1,1,4,1,4,0,3,0.3388,0.3464,0.5658,0.2071,7
1,1,1,5,0,4,1,2,0.3213,0.3112,0.6391,0.2352,48
1,1,1,6,0,4,1,3,0.3013,0.2964,0.4124,0.1518,87
1,1,1,7,0,4,1,2,0.2055,0.1672,0.6045,0.4941,218
1,1,1,8,0,4,1,3,0.2278,0.2177,0.5864,0.2925,295
1,1,1,9,0,4,1,2,0.0868,0.0592,0.5909,0.0722,212
1,1,1,10,0,4,1,3,0.2128,0.18,0.7579,0.3377,96
1,1,1,11,0,4,1,3,0.2433,0.2422,0.4614,0.2161,139
1,1,1,12,0,4,1,2,0.1839,0.1553,0.6068,0.2188,216
1,1,1,13,0,4,1,3,0.0958,0.0878,0.5375,0.1803,145
1,1,1,14,0,4,1,2,0.3145,0.2907,0.5855,0.1496,163
1,1,1,15,0,4,1,2,0.2321,0.1853,0.7112,0.1577,135
1,1,1,16,0,4,1,2,0.3241,0.2906,0.596,0.1779,234
1,1,1,17,0,4,1,2,0.2556,0.226,0.5785,0.4184,231
1,1,1,18,0,4,1,2,0.2995,0.2731,0.3295,0.6296,270
1,1,1,19,0,4,1,2,0.2851,0.2168,0.7056,0.4649,226
1,1,1,20,0,4,1,1,0.1561,0.1265,0.4167,0.4626,172
1,1,1,21,0,4,1,2,0.1681,0.187,0.5549,0.5871,105
1,1,1,22,0,4,1,3,0.1737,0.1781,0.5087,0.2046,80
1,1,1,23,0,4,1,2,0.136,0.1173,0.3377,0.2815,72
1,1,1,0,0,5,0,1,0.328,0.2762,0.6273,0.1693,26
1,1,1,1,0,5,0,3,0.2074,0.2001,0.56,0.026,9
1,1,1,2,0,5,0,2,0.2366,0.2538,0.6722,0.1681,7
1,1,1,3,0,5,0,1,0.1113,0.1512,0.6759,0.4443,8
1,1,1,4,1,5,0,2,0.2618,0.233,0.6844,0.1547,6
1,1,1,5,0,5,0,2,0.1758,0.1352,0.6714,0.317,37
1,1,1,6,0,5,0,2,0.2927,0.2926,0.6697,0.3818,75
1,1,1,7,0,5,0,1,0.1565,0.1594,0.7252,0.324,154
1,1,1,8,0,5,0,1,0.2977,0.2831,0.6536,0.1264,254
1,1,1,9,0,5,0,3,0.2703,0.2378,0.6363,0.0211,107
1,1,1,10,0,5,0,3,0.1719,0.124,0.5905,0.0201,73
1,1,1,11,0,5,0,1,0.3037,0.3088,0.6415,0.4202,151
1,1,1,12,0,5,0,3,0.2849,0.2975,0.673,0.1774,104
1,1,1,13,0,5,0,2,0.2387,0.216,0.6695,0.04,129
1,1,1,14,0,5,0,1,0.1349,0.1795,0.589,0.2583,77
1,1,1,15,0,5,0,2,0.2605,0.2545,0.8652,0.188,119
1,1,1,16,0,5,0,1,0.2091,0.1934,0.7943,0.2965,189
1,1,1,17,0,5,0,1,0.2079,0.162,0.5122,0.297,264
1,1,1,18,0,5,0,3,0.2096,0.1481,0.6096,0.362,169
1,1,1,19,0,5,0,2,0.2024,0.1769,0.8039,0.1983,133
1,1,1,20,0,5,0,1,0.1439,0.1477,0.5042,0.2635,147
1,1,1,21,0,5,0,2,0.0984,0.1635,0.4622,0.1725,75
1,1,1,22,0,5,0,2,0.0839,0.0818,0.9317,0.058,69
1,1,1,23,0,5,0,2,0.2254,0.2319,0.5522,0.1717,50
1,1,1,0,0,6,0,1,0.0356,0.009,0.3673,0.2586,25
1,1,1,1,0,6,0,1,0.2562,0.2496,0.511,0.3553,11
1,1,1,2,0,6,0,2,0.2407,0.231,0.5583,0.2324,6
1,1,1,3,0,6,0,2,0.1841,0.1466,0.7068,0.5392,7
1,1,1,4,0,6,0,3,0.2772,0.3035,0.6137,0.1219,10
1,1,1,5,0,6,0,1,0.1871,0.1737,0.4404,0.1138,41
1,1,1,6,0,6,0,3,0.2346,0.256,0.2571,0.2107,68
1,1,1,7,0,6,0,4,0.0682,0.0651,0.6683,0.1207,123
1,1,1,8,0,6,0,1,0.0484,0.036,0.6168,0.1239,238
1,1,1,9,0,6,0,1,0.1888,0.156,0.7543,0.2725,148
1,1,1,10,0,6,0,2,0.2349,0.2127,0.5331,0.3047,101
1,1,1,11,0,6,0,3,0.2718,0.3022,0.5769,0.7412,100
1,1,1,12,0,6,0,1,0.1929,0.1563,0.5444,0.1334,186
1,1,1,13,0,6,0,1,0.2226,0.2314,0.5356,0.3807,136
1,1,1,14,0,6,0,2,0.2604,0.238,0.6551,0.6548,96
1,1,1,15,0,6,0,2,0.1964,0.2042,0.5542,0.5055,136
1,1,1,16,0,6,0,1,0.2464,0.2403,0.4069,0.064,182
1,1,1,17,0,6,0,1,0.1263,0.08,0.7665,0.5993,287
1,1,1,18,0,6,0,1,0.0894,0.0899,0.6355,0.2049,256
1,1,1,19,0,6,0,3,0.1679,0.2245,0.688,0.3493,98
1,1,1,20,0,6,0,2,0.2595,0.2558,0.7663,0.3381,102
1,1,1,21,0,6,0,2,0.1555,0.1756,0.584,0.0936,87
1,1,1,22,0,6,0,3,0.2509,0.2472,0.5846,0.5024,56
1,1,1,23,0,6,0,2,0.1334,0.1504,0.4796,0.1478,39
1,1,1,0,0,0,1,3,0.1655,0.1356,0.7111,0.2438,33
1,1,1,1,0,0,1,1,0.2232,0.2084,0.4219,0.0304,21
1,1,1,2,0,0,1,1,0.1595,0.1779,0.6323,0.1985,10
1,1,1,3,0,0,1,1,0.1714,0.1523,0.6709,0.4654,10
1,1,1,4,0,0,1,1,0.0236,0.0546,0.4501,0.2342,20
1,1,1,5,0,0,1,2,0.265,0.2216,0.7563,0.0498,57
1,1,1,6,0,0,1,2,0.1979,0.1898,0.3705,0.5603,84
1,1,1,7,0,0,1,1,0.1401,0.1253,0.4495,0.0323,405
1,1,1,8,0,0,1,2,0.3345,0.3969,0.6048,0.078,253
1,1,1,9,0,0,1,2,0.151,0.1318,0.6945,0.2039,158
1,1,1,10,0,0,1,2,0.1701,0.1742,0.4447,0.2003,161
1,1,1,11,0,0,1,1,0.1389,0.0722,0.6957,0.2016,206
1,1,1,12,1,0,0,4,0.2835,0.2343,0.707,0.3271,57
1,1,1,13,0,0,1,2,0.3066,0.3004,0.5615,0.4446,172
1,1,1,14,0,0,1,3,0.2996,0.2767,0.6246,0.2227,100
1,1,1,15,0,0,1,2,0.2989,0.2767,0.749,0.3305,162
1,1,1,16,0,0,1,2,0.1644,0.1465,0.792,0.445,242
1,1,1,17,0,0,1,1,0.3233,0.3016,0.547,0.2453,333
1,1,1,18,0,0,1,2,0.1925,0.1316,0.5089,0.1932,246
1,1,1,19,0,0,1,1,0.0982,0.0907,0.5897,0.3775,269
1,1,1,20,0,0,1,3,0.1764,0.161,0.4792,0.3445,128
1,1,1,21,0,0,1,1,0.2291,0.2496,0.759,0.0612,159
1,1,1,22,0,0,1,1,0.1611,0.1781,0.6676,0.2314,98
1,1,1,23,0,0,1,2,0.2165,0.1208,0.6084,0.266,82
1,1,1,0,0,1,1,2,0.2448,0.2105,0.7422,0.315,35
1,1,1,1,0,1,1,2,0.236,0.2782,0.7009,0.2742,14
1,1,1,2,0,1,1,2,0.2531,0.2676,0.725,0.6669,9
1,1,1,3,0,1,1,2,0.1946,0.1996,0.6747,0.5255,8
1,1,1,4,0,1,1,3,0.1563,0.1334,0.7779,0.3744,13
1,1,1,5,0,1,1,1,0.1043,0.1213,0.4436,0.1952,66
1,1,1,6,0,1,1,2,0.2011,0.1456,0.6707,0.1908,120
1,1,1,7,0,1,1,3,0.1696,0.1442,0.7966,0.1998,261
1,1,1,8,0,1,1,1,0.1989,0.1993,0.57,0.2099,347
1,1,1,9,0,1,1,1,0.0623,0.0774,0.5394,0.2055,242
1,1,1,10,0,1,1,1,0.1009,0.1024,0.5638,0.0686,136
1,1,1,11,0,1,1,2,0.2429,0.2426,0.6083,0.0844,195
1,1,1,12,0,1,1,2,0.0927,0.093,0.7378,0.262,148
1,1,1,13,0,1,1,1,0.1939,0.1748,0.6088,0.6448,150
1,1,1,14,0,1,1,1,0.1491,0.1818,0.744,0.606,182
1,1,1,15,0,1,1,1,0.1446,0.1929,0.666,0.0595,246
1,1,1,16,0,1,1,2,0.2132,0.201,0.7205,0.3652,222
1,1,1,17,0,1,1,1,0.2092,0.1635,0.6139,0.2226,351
1,1,1,18,0,1,1,2,0.2455,0.2261,0.5789,0.213,280
1,1,1,19,0,1,1,3,0.1301,0.1262,0.4486,0.1692,164
1,1,1,20,0,1,1,2,0.1453,0.0717,0.3163,0.0394,154
1,1,1,21,0,1,1,3,0.2859,0.3117,0.561,0.2969,106
1,1,1,22,0,1,1,4,0.1915,0.1628,0.3049,0.1705,61
1,1,1,23,0,1,1,2,0.2328,0.1964,0.5968,0.1142,64
1,1,1,0,0,2,1,2,0.1735,0.1546,0.6866,0.0972,40
1,1,1,1,0,2,1,2,0.2402,0.214,0.6101,0.4115,16
1,1,1,2,0,2,1,2,0.0341,0.0341,0.2681,0.6519,8
1,1,1,3,0,2,1,1,0.2889,0.2981,0.5563,0.1454,10
1,1,1,4,0,2,1,1,0.1764,0.2059,0.6698,0.4509,18
1,1,1,5,0,2,1,2,0.1209,0.1385,0.7571,0.2244,55
1,1,1,6,0,2,1,3,0.1339,0.0989,0.6675,0.1923,88
1,1,1,7,0,2,1,2,0.1898,0.1771,0.6041,0.3135,252
1,1,1,8,0,2,1,1,0.2006,0.1937,0.6609,0.1951,407
1,1,1,9,0,2,1,2,0.2182,0.2165,0.8259,0.3463,164
1,1,1,10,0,2,1,2,0.1248,0.1332,0.6078,0.2632,124
1,1,1,11,0,2,1,2,0.2693,0.2581,0.4261,0.0432,161
1,1,1,12,0,2,1,2,0.1716,0.1604,0.5483,0.23,222
1,1,1,13,0,2,1,1,0.1681,0.187,0.515,0.6525,205
1,1,1,14,1,2,0,1,0.1924,0.1788,0.4649,0.2147,72
1,1,1,15,0,2,1,3,0.2547,0.2707,0.5191,0.1455,132
1,1,1,16,0,2,1,1,0.2059,0.22,0.9356,0.0517,303
1,1,1,17,0,2,1,3,0.1703,0.2054,0.4818,0.5662,229
1,1,1,18,0,2,1,1,0.1856,0.1829,0.5438,0.1345,353
1,1,1,19,0,2,1,3,0.2936,0.3223,0.9391,0.2226,197
1,1,1,20,0,2,1,1,0.2822,0.259,0.6723,0.4348,174
1,1,1,21,0,2,1,2,0.2339,0.2326,0.6447,0.0833,136
1,1,1,22,0,2,1,2,0.2187,0.2307,0.6676,0.0429,108
1,1,1,23,0,2,1,2,0.3702,0.3214,0.6257,0.1346,65
1,1,1,0,0,3,1,2,0.2419,0.218,0.5461,0.1798,31
1,1,1,1,0,3,1,1,0.2221,0.1909,0.6405,0.4088,22
1,1,1,2,0,3,1,1,0.1953,0.1838,0.6677,0.1488,11
1,1,1,3,0,3,1,1,0.2344,0.2067,0.3989,0.3596,10
1,1,1,4,0,3,1,2,0.0,0.0032,0.5469,0.3299,17
1,1,1,5,0,3,1,2,0.2814,0.265,0.3979,0.3438,42
1,1,1,6,0,3,1,1,0.1204,0.106,0.4936,0.1506,143
1,1,1,7,0,3,1,2,0.1592,0.1557,0.6642,0.2269,260
1,1,1,8,0,3,1,1,0.1114,0.0854,0.5499,0.0837,434
1,1,1,9,0,3,1,1,0.1579,0.1241,0.5728,0.4304,231
1,1,1,10,0,3,1,1,0.1856,0.1405,0.2748,0.3802,151
1,1,1,11,0,3,1,2,0.2717,0.2045,0.4394,0.1211,180
1,1,1,12,0,3,1,1,0.2997,0.2643,0.462,0.1372,269
1,1,1,13,0,3,1,3,0.3453,0.3442,0.3955,0.189,179
1,1,1,14,0,3,1,2,0.2166,0.1998,0.6244,0.6246,110
1,1,1,15,0,3,1,2,0.1941,0.1847,0.6116,0.1877,207
1,1,1,16,0,3,1,1,0.264,0.2387,0.7025,0.0758,324
1,1,1,17,0,3,1,2,0.1496,0.2001,0.7588,0.1157,360
1,1,1,18,0,3,1,3,0.1418,0.1397,0.7711,0.193,219
1,1,1,19,0,3,1,2,0.1837,0.1575,0.6488,0.5013,159
1,1,1,20,0,3,1,1,0.2071,0.165,0.6292,0.309,204
1,1,1,21,0,3,1,1,0.0647,0.1129,0.6402,0.0511,189
1,1,1,22,0,3,1,1,0.2841,0.2278,0.4847,0.1781,126
1,1,1,23,0,3,1,1,0.2262,0.1911,0.6389,0.214,59
1,1,1,0,0,4,1,2,0.2665,0.2294,0.5438,0.1097,33
1,1,1,1,0,4,1,1,0.1007,0.0946,0.458,0.503,17
1,1,1,2,0,4,1,2,0.1641,0.1665,0.3898,0.419,10
1,1,1,3,0,4,1,1,0.1605,0.1546,0.3147,0.4177,11
1,1,1,4,1,4,0,2,0.1964,0.1757,0.5748,0.0365,7
1,1,1,5,0,4,1,3,0.2083,0.1559,0.5237,0.473,38
1,1,1,6,0,4,1,1,0.2715,0.3136,0.5154,0.0685,128
1,1,1,7,0,4,1,1,0.2175,0.2146,0.4667,0.2581,242
1,1,1,8,0,4,1,2,0.1587,0.1678,0.538,0.427,291
1,1,1,9,0,4,1,2,0.3638,0.3253,0.4738,0.6806,191
1,1,1,10,0,4,1,2,0.192,0.1735,0.6166,0.2335,136
1,1,1,11,0,4,1,3,0.1472,0.175,0.694,0.1369,159
1,1,1,12,0,4,1,2,0.0787,0.0086,0.5469,0.0834,211
1,1,1,13,0,4,1,3,0.217,0.229,0.7362,0.5766,147
1,1,1,14,0,4,1,1,0.259,0.2386,0.5123,0.2054,161
1,1,1,15,0,4,1,1,0.1308,0.1368,0.3739,0.3218,247
1,1,1,16,0,4,1,1,0.2544,0.2916,0.769,0.3369,264
1,1,1,17,0,4,1,2,0.2165,0.1913,0.3602,0.0464,333
1,1,1,18,0,4,1,1,0.0865,0.0011,0.5383,0.7886,275
1,1,1,19,0,4,1,1,0.2544,0.209,0.6996,0.426,232
1,1,1,20,0,4,1,3,0.1921,0.1829,0.7543,0.1676,119
1,1,1,21,0,4,1,1,0.1318,0.1747,0.5861,0.1477,124
1,1,1,22,0,4,1,1,0.2776,0.2521,0.5368,0.2302,135
1,1,1,23,0,4,1,1,0.2763,0.3089,0.8576,0.0541,78
1,1,1,0,0,5,0,1,0.1316,0.0552,0.7151,0.4584,18
1,1,1,1,0,5,0,1,0.2324,0.2057,0.7339,0.0475,13
1,1,1,2,0,5,0,1,0.2261,0.246,0.6617,0.467,7
1,1,1,3,0,5,0,1,0.2072,0.2251,0.6772,0.2607,9
1,1,1,4,0,5,0,2,0.1758,0.1084,0.6356,0.132,12
1,1,1,5,0,5,0,1,0.2015,0.1662,0.5889,0.065,38
1,1,1,6,0,5,0,2,0.2776,0.2596,0.3823,0.3973,86
1,1,1,7,0,5,0,2,0.2405,0.2086,0.4439,0.5126,173
1,1,1,8,0,5,0,2,0.077,0.1082,0.686,0.5894,227
1,1,1,9,0,5,0,3,0.0619,0.0592,0.7489,0.2164,115
1,1,1,10,0,5,0,2,0.0819,0.0345,0.6263,0.396,107
1,1,1,11,0,5,0,1,0.1168,0.1248,0.4724,0.0463,161
1,1,1,12,0,5,0,1,0.159,0.1665,0.6288,0.3101,148
1,1,1,13,0,5,0,1,0.1802,0.1367,0.65,0.149,154
1,1,1,14,0,5,0,2,0.2073,0.1702,0.376,0.7527,92
1,1,1,15,0,5,0,2,0.2095,0.1777,0.7848,0.3212,138
1,1,1,16,0,5,0,1,0.2085,0.2391,0.7081,0.2939,171
1,1,1,17,0,5,0,1,0.292,0.2747,0.4772,0.5036,247
1,1,1,18,0,5,0,3,0.0945,0.0235,0.5945,0.389,163
1,1,1,19,0,5,0,2,0.2353,0.1874,0.5647,0.0454,159
1,1,1,20,0,5,0,1,0.2349,0.2447,0.7593,0.1766,145
1,1,1,21,0,5,0,3,0.1235,0.1051,0.5364,0.154,72
1,1,1,22,1,5,0,2,0.2493,0.2,0.4609,0.4943,29
1,1,1,23,0,5,0,2,0.238,0.2147,0.5904,0.8462,46
1,1,1,0,0,6,0,1,0.2102,0.2292,0.4783,0.1748,21
1,1,1,1,0,6,0,2,0.044,0.1071,0.7194,0.4127,9
1,1,1,2,0,6,0,1,0.2807,0.2649,0.5923,0.0262,8
1,1,1,3,0,6,0,4,0.2291,0.2324,0.4608,0.6364,4
1,1,1,4,0,6,0,2,0.2415,0.2264,0.5153,0.2704,13
1,1,1,5,0,6,0,2,0.0,0.0066,0.5472,0.2352,36
1,1,1,6,0,6,0,2,0.176,0.1395,0.565,0.312,65
1,1,1,7,0,6,0,4,0.1129,0.1506,0.4053,0.1578,112
1,1,1,8,0,6,0,1,0.3038,0.2749,0.4623,0.3428,235
1,1,1,9,0,6,0,1,0.1359,0.0961,0.6343,0.452,167
1,1,1,10,0,6,0,2,0.3168,0.2779,0.7554,0.6283,104
1,1,1,11,0,6,0,1,0.28,0.2859,0.5397,0.139,117
1,1,1,12,0,6,0,2,0.2287,0.1963,0.6128,0.084,153
1,1,1,13,0,6,0,2,0.2927,0.3236,0.8817,0.1843,125
1,1,1,14,0,6,0,1,0.1471,0.159,0.6305,0.0621,104
1,1,1,15,0,6,0,1,0.1597,0.1775,0.3677,0.1221,163
1,1,1,16,0,6,0,2,0.2778,0.2514,0.669,0.4529,163
1,1,1,17,0,6,0,1,0.1475,0.1214,0.6274,0.1839,262
1,1,1,18,0,6,0,1,0.1204,0.1154,0.5493,0.5281,226
1,1,1,19,0,6,0,1,0.1908,0.1456,0.4655,0.0814,205
1,1,1,20,0,6,0,1,0.1515,0.1581,0.7,0.1101,137
1,1,1,21,0,6,0,2,0.3438,0.3542,0.2755,0.087,95
1,1,1,22,0,6,0,4,0.2675,0.2334,0.5502,0.2761,42
1,1,1,23,0,6,0,2,0.1729,0.185,0.5587,0.2663,38
1,1,1,0,0,0,1,2,0.1446,0.145,0.5159,0.6365,25
1,1,1,1,0,0,1,1,0.2384,0.2599,0.5878,0.2299,17
1,1,1,2,0,0,1,3,0.2978,0.3322,0.4512,0.4414,7
1,1,1,3,0,0,1,3,0.235,0.2467,0.6674,0.1248,7
1,1,1,4,0,0,1,2,0.1481,0.139,0.9514,0.1355,19
1,1,1,5,0,0,1,1,0.1141,0.1446,0.4925,0.2123,56
1,1,1,6,0,0,1,1,0.1882,0.1802,0.6509,0.1282,129
1,1,1,7,0,0,1,1,0.2368,0.217,0.6204,0.2333,291
1,1,1,8,0,0,1,1,0.1817,0.1544,0.6266,0.5424,381
1,1,1,9,0,0,1,1,0.2852,0.2739,0.5462,0.2687,226
1,1,1,10,0,0,1,3,0.2516,0.2691,0.6035,0.0442,147
1,1,1,11,0,0,1,1,0.2313,0.1888,0.6278,0.5032,166
1,1,1,12,0,0,1,1,0.2502,0.2005,0.6987,0.5392,273
1,1,1,13,0,0,1,3,0.1174,0.0749,0.6903,0.1788,126
1,1,1,14,0,0,1,3,0.1798,0.2015,0.7567,0.2823,112
1,1,1,15,0,0,1,1,0.1419,0.1467,0.5144,0.1017,216
1,1,1,16,0,0,1,1,0.2416,0.2737,0.6248,0.3549,274
1,1,1,17,0,0,1,2,0.1429,0.1202,0.5842,0.4595,331
1,1,1,18,0,0,1,3,0.2204,0.1727,0.7055,0.4359,226
1,1,1,19,0,0,1,2,0.2032,0.2397,0.4151,0.3058,176
1,1,1,20,0,0,1,1,0.2567,0.2218,0.7342,0.2363,149
1,1,1,21,0,0,1,2,0.1309,0.1446,0.641,0.2594,148
1,1,1,22,0,0,1,2,0.2463,0.194,0.7471,0.239,109
1,1,1,23,0,0,1,1,0.1398,0.1382,0.6087,0.3707,61
1,1,1,0,0,1,1,1,0.1487,0.1363,0.5805,0.1409,35
1,1,1,1,0,1,1,3,0.2062,0.1531,0.5229,0.3319,14
1,1,1,2,0,1,1,2,0.2998,0.3415,0.5534,0.2212,9
1,1,1,3,0,1,1,1,0.1572,0.1227,0.3587,0.3856,10
1,1,1,4,0,1,1,2,0.0917,0.0591,0.5826,0.1234,16
1,1,1,5,0,1,1,2,0.15,0.1229,0.5386,0.2021,42
1,1,1,6,0,1,1,1,0.1892,0.1144,0.613,0.152,148
1,1,1,7,0,1,1,1,0.347,0.3198,0.5177,0.1609,390
1,1,1,8,0,1,1,1,0.2433,0.2116,0.644,0.189,373
1,1,1,9,0,1,1,4,0.1634,0.185,0.5858,0.2292,99
1,1,1,10,0,1,1,1,0.2063,0.2054,0.3825,0.2829,181
1,1,1,11,0,1,1,2,0.3261,0.2718,0.6075,0.1847,170
1,1,1,12,0,1,1,2,0.1993,0.1698,0.7005,0.5426,160
1,1,1,13,0,1,1,3,0.2002,0.2548,0.7093,0.2054,118
1,1,1,14,0,1,1,3,0.1878,0.151,0.4949,0.2827,132
1,1,1,15,0,1,1,3,0.2649,0.2763,0.4209,0.1589,141
1,1,1,16,0,1,1,3,0.1794,0.15,0.7327,0.1188,202
1,1,1,17,0,1,1,1,0.2772,0.2333,0.6514,0.1281,359
1,1,1,18,0,1,1,1,0.2906,0.2598,0.4855,0.1237,348
1,1,1,19,0,1,1,1,0.2591,0.2903,0.5016,0.3594,228
1,1,1,20,0,1,1,2,0.2005,0.1464,0.6054,0.1594,148
1,1,1,21,0,1,1,1,0.1183,0.132,0.7049,0.2975,146
1,1,1,22,0,1,1,1,0.2005,0.227,0.5616,0.3614,100
1,1,1,23,0,1,1,1,0.1694,0.1443,0.4228,0.5152,86
1,1,1,0,0,2,1,2,0.1632,0.1849,0.3722,0.2803,35
1,1,1,1,0,2,1,1,0.201,0.2162,0.5029,0.1758,22
1,1,1,2,0,2,1,1,0.2513,0.2145,0.5008,0.2735,11
1,1,1,3,0,2,1,2,0.1741,0.1369,0.4668,0.1073,10
1,1,1,4,0,2,1,2,0.1215,0.1108,0.7705,0.1354,18
1,1,1,5,0,2,1,3,0.1506,0.1463,0.4129,0.2399,44
1,1,1,6,0,2,1,2,0.336,0.3081,0.512,0.4222,95
1,1,1,7,0,2,1,2,0.2561,0.2603,0.8585,0.2191,285
1,1,1,8,0,2,1,1,0.1507,0.1199,0.5047,0.7401,337
1,1,1,9,0,2,1,1,0.3079,0.2652,0.5992,0.4697,303
1,1,1,10,0,2,1,2,0.2009,0.191,0.7708,0.2215,135
1,1,1,11,0,2,1,1,0.3772,0.3652,0.587,0.2586,234
1,1,1,12,0,2,1,2,0.2361,0.2636,0.6476,0.1163,184
1,1,1,13,0,2,1,3,0.2573,0.2581,0.5209,0.2252,149
1,1,1,14,0,2,1,1,0.2763,0.2838,0.4969,0.0282,162
1,1,1,15,0,2,1,2,0.3217,0.2953,0.408,0.2154,229
1,1,1,16,1,2,0,1,0.187,0.1675,0.5755,0.3214,128
1,1,1,17,0,2,1,1,0.3157,0.2808,0.6466,0.1827,325
1,1,1,18,0,2,1,1,0.174,0.1708,0.8338,0.3798,332
1,1,1,19,0,2,1,2,0.1924,0.1872,0.5364,0.5126,205
1,1,1,20,0,2,1,3,0.2183,0.2103,0.7448,0.0564,147
1,1,1,21,0,2,1,1,0.2821,0.262,0.7136,0.5988,130
1,1,1,22,0,2,1,2,0.1946,0.1836,0.5127,0.6138,75
1,1,1,23,0,2,1,1,0.3333,0.3663,0.605,0.293,69
1,1,1,0,0,3,1,1,0.3122,0.3048,0.6056,0.2094,30
1,1,1,1,0,3,1,2,0.2221,0.2285,0.4343,0.2218,17
1,1,1,2,0,3,1,2,0.1517,0.1582,0.5704,0.1369,9
1,1,1,3,0,3,1,2,0.2894,0.2697,0.4996,0.1109,9
1,1,1,4,0,3,1,3,0.0726,0.0851,0.5729,0.3804,13
1,1,1,5,0,3,1,1,0.2712,0.2583,0.5811,0.0516,71
1,1,1,6,0,3,1,2,0.1617,0.1161,0.5944,0.0751,123
1,1,1,7,0,3,1,1,0.3073,0.2745,0.5281,0.0561,291
1,1,1,8,0,3,1,2,0.1223,0.176,0.4733,0.426,313
1,1,1,9,0,3,1,1,0.173,0.1993,0.3882,0.2191,224
1,1,1,10,0,3,1,1,0.25,0.2285,0.7122,0.4278,158
1,1,1,11,0,3,1,2,0.2615,0.2686,0.603,0.2644,190
1,1,1,12,0,3,1,1,0.1755,0.1733,0.7231,0.3731,242
1,1,1,13,0,3,1,2,0.1961,0.2386,0.5816,0.169,178
1,1,1,14,0,3,1,4,0.286,0.2678,0.598,0.2677,110
1,1,1,15,0,3,1,1,0.2898,0.2821,0.5674,0.0798,246
1,1,1,16,0,3,1,2,0.1947,0.1611,0.556,0.1831,222
1,1,1,17,0,3,1,3,0.1768,0.164,0.6286,0.1189,229
1,1,1,18,0,3,1,2,0.1235,0.0351,0.5637,0.2878,281
1,1,1,19,0,3,1,1,0.2371,0.233,0.7156,0.5678,234
1,1,1,20,0,3,1,2,0.2762,0.2925,0.7666,0.56,150
1,1,1,21,0,3,1,2,0.2299,0.2692,0.7565,0.0624,116
1,1,1,22,0,3,1,2,0.1546,0.1613,0.7856,0.0598,94
1,1,1,23,0,3,1,2,0.3444,0.3162,0.4629,0.118,72
1,1,1,0,0,4,1,1,0.0738,0.0455,0.7439,0.0765,39
1,1,1,1,0,4,1,2,0.2825,0.2541,0.6104,0.2284,11
1,1,1,2,0,4,1,1,0.2362,0.1764,0.612,0.6168,9
1,1,1,3,0,4,1,3,0.2538,0.2336,0.5135,0.4357,8
1,1,1,4,0,4,1,2,0.166,0.1209,0.5546,0.3325,15
1,1,1,5,1,4,0,3,0.2104,0.1819,0.3353,0.1682,20
1,1,1,6,0,4,1,1,0.2416,0.2234,0.6666,0.0281,130
1,1,1,7,0,4,1,1,0.215,0.2142,0.5754,0.1273,330
1,1,1,8,0,4,1,1,0.0955,0.0412,0.5377,0.0493,376
1,1,1,9,0,4,1,1,0.3409,0.3136,0.7601,0.3141,242
1,1,1,10,0,4,1,1,0.2665,0.2738,0.6011,0.5579,180
1,1,1,11,0,4,1,2,0.2235,0.2543,0.489,0.0205,193
1,1,1,12,0,4,1,1,0.228,0.2143,0.5978,0.0774,265
1,1,1,13,1,4,0,3,0.3389,0.3879,0.8054,0.5727,53
1,1,1,14,0,4,1,1,0.169,0.1816,0.5842,0.1518,168
1,1,1,15,0,4,1,1,0.1533,0.1474,0.6968,0.1533,222
1,1,1,16,0,4,1,2,0.2805,0.3038,0.5134,0.1982,259
1,1,1,17,0,4,1,1,0.2534,0.2255,0.6593,0.1242,378
1,1,1,18,0,4,1,2,0.1503,0.1114,0.6246,0.4602,270
1,1,1,19,0,4,1,2,0.2972,0.3102,0.6001,0.159,242
1,1,1,20,0,4,1,2,0.2417,0.2455,0.5413,0.0931,162
1,1,1,21,0,4,1,2,0.1582,0.1816,0.566,0.6266,122
1,1,1,22,0,4,1,2,0.2554,0.2732,0.3736,0.3142,94
1,1,1,23,0,4,1,4,0.2449,0.2929,0.4062,0.2122,46
1,1,1,0,0,5,0,1,0.2166,0.1623,0.4122,0.1697,27
1,1,1,1,0,5,0,2,0.2497,0.2266,0.4161,0.2579,10
1,1,1,2,0,5,0,2,0.2666,0.2447,0.565,0.2652,7
1,1,1,3,0,5,0,1,0.2868,0.3075,0.5385,0.4042,8
1,1,1,4,0,5,0,2,0.2303,0.23,0.4724,0.1926,11
1,1,1,5,0,5,0,2,0.2039,0.2288,0.743,0.3317,36
1,1,1,6,0,5,0,1,0.2395,0.236,0.5662,0.0775,100
1,1,1,7,0,5,0,1,0.3062,0.2903,0.7055,0.2846,236
1,1,1,8,0,5,0,2,0.2669,0.274,0.4216,0.3421,196
1,1,1,9,0,5,0,1,0.1999,0.1978,0.649,0.5232,182
1,1,1,10,0,5,0,1,0.2267,0.227,0.7167,0.1821,111
1,1,1,11,0,5,0,2,0.3394,0.342,0.6464,0.5325,113
1,1,1,12,0,5,0,2,0.2752,0.2745,0.5451,0.0317,141
1,1,1,13,0,5,0,2,0.2334,0.2512,0.5643,0.4422,112
1,1,1,14,0,5,0,1,0.3026,0.289,0.6392,0.5241,99
1,1,1,15,0,5,0,1,0.1848,0.1806,0.6053,0.2347,117
1,1,1,16,0,5,0,2,0.2458,0.2035,0.7296,0.4158,161
1,1,1,17,0,5,0,1,0.3541,0.3659,0.4855,0.4837,290
1,1,1,18,0,5,0,3,0.2685,0.3065,0.714,0.2095,176
1,1,1,19,0,5,0,2,0.3363,0.2654,0.6339,0.1246,146
1,1,1,20,0,5,0,1,0.2169,0.2253,0.6224,0.2432,148
1,1,1,21,0,5,0,2,0.1895,0.1756,0.5768,0.413,81
1,1,1,22,0,5,0,3,0.304,0.2833,0.7259,0.2244,48
1,1,1,23,0,5,0,3,0.0948,0.1089,0.4922,0.2915,44
1,1,1,0,0,6,0,2,0.2372,0.2245,0.4598,0.3711,25
1,1,1,1,0,6,0,1,0.2968,0.2937,0.6008,0.3964,16
1,1,1,2,0,6,0,2,0.264,0.24,0.515,0.2146,5
1,1,1,3,0,6,0,2,0.0774,0.1187,0.6329,0.3513,7
1,1,1,4,0,6,0,2,0.1304,0.1169,0.8255,0.4556,13
1,1,1,5,1,6,0,1,0.2166,0.1829,0.6071,0.1596,26
1,1,1,6,0,6,0,3,0.2579,0.2554,0.6216,0.1516,67
1,1,1,7,0,6,0,2,0.2606,0.2225,0.7875,0.1344,186
1,1,1,8,0,6,0,1,0.2242,0.22,0.6438,0.1763,278
1,1,1,9,0,6,0,1,0.2757,0.3114,0.7248,0.359,159
1,1,1,10,0,6,0,1,0.2552,0.2411,0.5652,0.2598,153
1,1,1,11,0,6,0,1,0.2156,0.1642,0.5908,0.3635,159
1,1,1,12,0,6,0,1,0.2623,0.2367,0.5173,0.2285,177
1,1,1,13,0,6,0,2,0.1793,0.1947,0.6522,0.3291,120
1,1,1,14,0,6,0,1,0.2692,0.2589,0.6553,0.2747,125
1,1,1,15,0,6,0,1,0.1653,0.1781,0.6831,0.5855,107
1,1,1,16,0,6,0,1,0.2587,0.2268,0.649,0.6144,183
1,1,1,17,0,6,0,1,0.257,0.2318,0.5807,0.3689,262
1,1,1,18,0,6,0,1,0.2037,0.2125,0.6636,0.1127,236
1,1,1,19,0,6,0,1,0.2691,0.3039,0.7745,0.1848,150
1,1,1,20,0,6,0,2,0.3326,0.3044,0.6132,0.1533,108
1,1,1,21,0,6,0,2,0.1532,0.1467,0.4383,0.2045,95
1,1,1,22,0,6,0,2,0.2914,0.3098,0.4795,0.0817,68
1,1,1,23,0,6,0,1,0.3007,0.2896,0.6269,0.0613,73
1,1,1,0,0,0,1,1,0.212,0.2205,0.4938,0.5186,39
1,1,1,1,0,0,1,1,0.2826,0.2462,0.5372,0.2469,18
1,1,1,2,0,0,1,1,0.2087,0.1984,0.5338,0.3128,10
1,1,1,3,0,0,1,2,0.3145,0.2801,0.645,0.5547,8
1,1,1,4,0,0,1,2,0.0348,0.0,0.7878,0.3421,16
1,1,1,5,0,0,1,2,0.3277,0.2847,0.4187,0.5903,50
1,1,1,6,0,0,1,1,0.1487,0.1547,0.7203,0.0574,155
1,1,1,7,0,0,1,1,0.2328,0.2377,0.7151,0.4151,304
1,1,1,8,0,0,1,3,0.1695,0.1841,0.6295,0.3606,198
1,1,1,9,0,0,1,1,0.3313,0.33,0.5726,0.4719,226
1,1,1,10,0,0,1,1,0.2105,0.1933,0.6889,0.138,199
1,1,1,11,0,0,1,1,0.1886,0.1242,0.6044,0.5126,181
1,1,1,12,0,0,1,4,0.3049,0.2554,0.5782,0.6667,114
1,1,1,13,0,0,1,3,0.2778,0.297,0.3804,0.2039,159
1,1,1,14,0,0,1,1,0.2032,0.1677,0.6527,0.2281,185
1,1,1,15,0,0,1,1,0.1571,0.147,0.765,0.3786,199
1,1,1,16,0,0,1,2,0.1477,0.1422,0.43,0.0957,287
1,1,1,17,0,0,1,1,0.3158,0.2584,0.4913,0.5109,329
1,1,1,18,0,0,1,1,0.2558,0.253,0.5411,0.3274,366
1,1,1,19,0,0,1,1,0.2387,0.2726,0.5639,0.088,250
1,1,1,20,0,0,1,1,0.261,0.2474,0.5114,0.2203,182
1,1,1,21,0,0,1,1,0.0901,0.0775,0.7495,0.2252,138
1,1,1,22,0,0,1,2,0.2038,0.1589,0.8368,0.3671,109
1,1,1,23,0,0,1,2,0.2057,0.1872,0.6239,0.4044,66
1,1,1,0,0,1,1,2,0.2972,0.2986,0.5169,0.2659,37
1,1,1,1,0,1,1,1,0.1256,0.1192,0.6158,0.3758,21
1,1,1,2,0,1,1,1,0.3022,0.2739,0.4619,0.1055,10
1,1,1,3,0,1,1,3,0.3541,0.3666,0.5711,0.2923,7
1,1,1,4,0,1,1,1,0.1081,0.0949,0.662,0.0374,18
1,1,1,5,0,1,1,1,0.2296,0.2053,0.6749,0.257,50
1,1,1,6,0,1,1,1,0.2634,0.2545,0.6633,0.1544,121
1,1,1,7,0,1,1,1,0.2896,0.3143,0.5401,0.3443,302
1,1,1,8,0,1,1,2,0.077,0.0685,0.6121,0.1429,262
1,1,1,9,0,1,1,1,0.2521,0.2129,0.5542,0.2122,225
1,1,1,10,0,1,1,2,0.2132,0.2189,0.7018,0.6508,148
1,1,1,11,0,1,1,1,0.2087,0.1883,0.6464,0.314,236
1,1,1,12,0,1,1,2,0.3733,0.3713,0.7954,0.1226,251
1,1,1,13,0,1,1,2,0.2134,0.1413,0.6358,0.195,166
1,1,1,14,0,1,1,1,0.26,0.2481,0.4938,0.296,127
1,1,1,15,0,1,1,2,0.2201,0.2016,0.4512,0.1807,174
1,1,1,16,0,1,1,3,0.2454,0.2043,0.6156,0.5594,150
1,1,1,17,0,1,1,1,0.2672,0.2174,0.3168,0.5531,320
1,1,1,18,0,1,1,2,0.291,0.2681,0.5478,0.4357,280
1,1,1,19,0,1,1,2,0.1741,0.1333,0.5263,0.1791,187
1,1,1,20,0,1,1,2,0.2392,0.1382,0.5001,0.2309,187
1,1,1,21,0,1,1,1,0.2416,0.1943,0.6131,0.5406,181
1,1,1,22,0,1,1,1,0.1131,0.0709,0.472,0.2944,152
1,1,1,23,0,1,1,1,0.1617,0.1545,0.4066,0.2677,63
1,1,1,0,0,2,1,1,0.2929,0.2426,0.6542,0.2442,48
1,1,1,1,0,2,1,1,0.1982,0.1883,0.5514,0.4078,20
1,1,1,2,0,2,1,3,0.4134,0.3641,0.6355,0.2913,8
1,1,1,3,0,2,1,1,0.2979,0.3065,0.6162,0.1407,11
1,1,1,4,0,2,1,1,0.2621,0.2603,0.6589,0.2091,18
1,1,1,5,1,2,0,1,0.3362,0.3104,0.6209,0.0324,22
1,1,1,6,0,2,1,1,0.2846,0.2747,0.6652,0.2955,127
1,1,1,7,0,2,1,2,0.2434,0.2485,0.7986,0.1288,283
1,1,1,8,0,2,1,2,0.1315,0.1268,0.6352,0.4459,294
1,1,1,9,0,2,1,1,0.2771,0.2675,0.6625,0.1284,243
1,1,1,10,0,2,1,1,0.3283,0.2486,0.6087,0.2347,190
1,1,1,11,0,2,1,1,0.189,0.164,0.3683,0.2902,202
1,1,1,12,0,2,1,3,0.1027,0.0742,0.5792,0.1804,164
1,1,1,13,0,2,1,1,0.1557,0.1794,0.7568,0.218,212
1,1,1,14,0,2,1,1,0.3536,0.3242,0.6538,0.2736,190
1,1,1,15,0,2,1,1,0.2361,0.2041,0.5376,0.1673,204
1,1,1,16,1,2,0,1,0.3327,0.3335,0.6402,0.3522,123
1,1,1,17,0,2,1,1,0.2318,0.1747,0.4623,0.1271,386
1,1,1,18,0,2,1,3,0.1958,0.1834,0.6786,0.4938,230
1,1,1,19,0,2,1,1,0.3799,0.3016,0.5375,0.0769,265
1,1,1,20,0,2,1,1,0.2045,0.1727,0.6163,0.1919,195
1,1,1,21,0,2,1,1,0.2131,0.1885,0.4736,0.492,138
1,1,1,22,0,2,1,1,0.2628,0.2933,0.6217,0.0691,111
1,1,1,23,0,2,1,3,0.2102,0.1952,0.3076,0.3905,60
1,1,2,0,0,3,1,2,0.2871,0.246,0.5432,0.2655,32
1,1,2,1,0,3,1,3,0.2638,0.2466,0.5033,0.1049,11
1,1,2,2,0,3,1,3,0.2666,0.2965,0.5075,0.0865,10
1,1,2,3,0,3,1,2,0.1894,0.1183,0.1821,0.1256,9
1,1,2,4,0,3,1,2,0.1162,0.1336,0.5122,0.0618,16
1,1,2,5,0,3,1,2,0.1743,0.177,0.6262,0.264,46
1,1,2,6,0,3,1,2,0.1805,0.168,0.4876,0.4294,111
1,1,2,7,0,3,1,2,0.2531,0.2311,0.6503,0.0757,299
1,1,2,8,0,3,1,2,0.1755,0.2099,0.7026,0.3574,284
1,1,2,9,0,3,1,1,0.13,0.1451,0.6299,0.5405,207
1,1,2,10,0,3,1,2,0.1523,0.1136,0.6407,0.5673,120
1,1,2,11,0,3,1,1,0.2597,0.2474,0.6266,0.2338,228
1,1,2,12,0,3,1,2,0.2807,0.304,0.66,0.2833,182
1,1,2,13,0,3,1,2,0.1971,0.2034,0.5136,0.3083,199
1,1,2,14,0,3,1,2,0.2046,0.2022,0.4913,0.255,147
1,1,2,15,0,3,1,2,0.2756,0.2227,0.4945,0.5406,171
1,1,2,16,0,3,1,2,0.2442,0.3014,0.6749,0.2929,218
1,1,2,17,0,3,1,2,0.3156,0.3215,0.4927,0.2061,292
1,1,2,18,0,3,1,1,0.2216,0.264,0.5586,0.3234,316
1,1,2,19,0,3,1,1,0.1744,0.1747,0.5425,0.3156,244
1,1,2,20,0,3,1,1,0.3087,0.2927,0.615,0.2588,210
1,1,2,21,0,3,1,1,0.2108,0.1809,0.6687,0.0096,184
1,1,2,22,0,3,1,1,0.1774,0.1978,0.6687,0.6153,116
1,1,2,23,0,3,1,2,0.2951,0.3253,0.3792,0.0968,61
1,1,2,0,0,4,1,2,0.3362,0.3506,0.6345,0.3653,38
1,1,2,1,0,4,1,1,0.2476,0.3029,0.5874,0.2126,20
1,1,2,2,0,4,1,3,0.1645,0.1602,0.6138,0.1668,8
1,1,2,3,0,4,1,1,0.3422,0.3065,0.5525,0.5672,10
1,1,2,4,0,4,1,2,0.2611,0.2558,0.4969,0.148,15
1,1,2,5,0,4,1,1,0.2501,0.2618,0.709,0.5038,60
1,1,2,6,0,4,1,2,0.2065,0.1883,0.5685,0.3254,119
1,1,2,7,0,4,1,1,0.3138,0.2969,0.7394,0.4326,278
1,1,2,8,0,4,1,1,0.1572,0.1557,0.5891,0.6847,369
1,1,2,9,0,4,1,1,0.1505,0.1578,0.5922,0.2915,208
1,1,2,10,0,4,1,2,0.3674,0.3531,0.5098,0.2721,145
1,1,2,11,0,4,1,3,0.1744,0.172,0.5911,0.2191,178
1,1,2,12,0,4,1,2,0.3019,0.3059,0.704,0.2364,189
1,1,2,13,0,4,1,2,0.3313,0.3377,0.5778,0.1276,186
1,1,2,14,0,4,1,1,0.2495,0.2221,0.6183,0.0281,186
1,1,2,15,0,4,1,2,0.1731,0.1093,0.7887,0.4522,160
1,1,2,16,0,4,1,2,0.2788,0.2338,0.4498,0.2447,260
1,1,2,17,0,4,1,1,0.3322,0.3294,0.4818,0.3253,250
1,1,2,18,0,4,1,2,0.2587,0.2239,0.6304,0.288,274
1,1,2,19,0,4,1,1,0.1825,0.1813,0.3887,0.4035,256
1,1,2,20,0,4,1,1,0.2562,0.2417,0.6558,0.159,175
1,1,2,21,0,4,1,1,0.1378,0.133,0.4983,0.0261,174
1,1,2,22,0,4,1,2,0.1666,0.173,0.5402,0.1967,90
1,1,2,23,0,4,1,2,0.2167,0.2415,0.696,0.4498,65
1,1,2,0,0,5,0,1,0.2413,0.2287,0.4429,0.2271,24
1,1,2,1,0,5,0,3,0.1528,0.1139,0.3545,0.258,8
1,1,2,2,0,5,0,2,0.2545,0.2511,0.3394,0.3394,6
1,1,2,3,0,5,0,2,0.2735,0.2812,0.6276,0.6477,5
1,1,2,4,0,5,0,3,0.2219,0.1432,0.6945,0.2232,8
1,1,2,5,0,5,0,3,0.0859,0.0599,0.4647,0.3075,30
1,1,2,6,0,5,0,1,0.2443,0.233,0.7211,0.4027,98
1,1,2,7,0,5,0,3,0.364,0.3314,0.5854,0.3032,125
1,1,2,8,0,5,0,1,0.269,0.2596,0.5977,0.2475,299
1,1,2,9,0,5,0,1,0.2381,0.2074,0.7038,0.35,183
1,1,2,10,0,5,0,1,0.2109,0.2285,0.3789,0.2597,124
1,1,2,11,0,5,0,2,0.2774,0.2651,0.6701,0.1341,124
1,1,2,12,0,5,0,3,0.2516,0.185,0.3711,0.421,101
1,1,2,13,0,5,0,1,0.2865,0.2941,0.3968,0.6652,165
1,1,2,14,0,5,0,2,0.1602,0.1761,0.4158,0.4972,87
1,1,2,15,0,5,0,1,0.2455,0.2321,0.6612,0.3941,136
1,1,2,16,0,5,0,2,0.2047,0.1393,0.6681,0.5079,120
1,1,2,17,0,5,0,1,0.263,0.2769,0.6937,0.5247,270
1,1,2,18,0,5,0,2,0.1008,0.0651,0.5826,0.3813,170
1,1,2,19,0,5,0,2,0.2095,0.1882,0.5418,0.1679,113
1,1,2,20,0,5,0,1,0.275,0.244,0.6467,0.5224,116
1,1,2,21,0,5,0,3,0.2862,0.2287,0.5686,0.0875,83
1,1,2,22,0,5,0,3,0.2348,0.2233,0.6108,0.0267,60
1,1,2,23,0,5,0,1,0.0858,0.0875,0.5769,0.2513,53
1,1,2,0,0,6,0,2,0.2842,0.2734,0.5782,0.3168,24
1,1,2,1,0,6,0,2,0.3502,0.3264,0.8288,0.615,11
1,1,2,2,0,6,0,1,0.1805,0.1492,0.6934,0.3822,9
1,1,2,3,1,6,0,1,0.2095,0.2431,0.6424,0.6771,5
1,1,2,4,0,6,0,2,0.2957,0.2865,0.5389,0.183,10
1,1,2,5,0,6,0,2,0.2976,0.2546,0.5923,0.1015,39
1,1,2,6,0,6,0,2,0.3161,0.3135,0.7027,0.1241,78
1,1,2,7,0,6,0,2,0.3103,0.3057,0.6069,0.218,189
1,1,2,8,0,6,0,2,0.132,0.1439,0.5368,0.0329,227
1,1,2,9,0,6,0,1,0.2057,0.1945,0.385,0.5833,179
1,1,2,10,0,6,0,1,0.2831,0.2503,0.5408,0.323,99
1,1,2,11,0,6,0,1,0.2332,0.1805,0.6671,0.1775,157
1,1,2,12,0,6,0,1,0.2649,0.2357,0.4338,0.0556,187
1,1,2,13,0,6,0,2,0.2301,0.1689,0.7608,0.2391,127
1,1,2,14,0,6,0,2,0.2088,0.2073,0.6146,0.0974,89
1,1,2,15,0,6,0,1,0.2223,0.163,0.7533,0.1695,127
1,1,2,16,0,6,0,2,0.1607,0.142,0.5754,0.3224,171
1,1,2,17,0,6,0,1,0.1886,0.2011,0.3208,0.261,218
1,1,2,18,0,6,0,2,0.2346,0.2156,0.537,0.4148,230
1,1,2,19,0,6,0,3,0.2359,0.2223,0.5045,0.2468,127
1,1,2,20,0,6,0,1,0.279,0.2783,0.481,0.1968,150
1,1,2,21,0,6,0,2,0.2193,0.2237,0.6412,0.4083,76
1,1,2,22,0,6,0,1,0.3566,0.3699,0.4745,0.2368,89
1,1,2,23,0,6,0,1,0.3254,0.326,0.4103,0.1693,66
1,1,2,0,0,0,1,2,0.2064,0.2069,0.5062,0.3766,32
1,1,2,1,0,0,1,2,0.2555,0.1838,0.6817,0.2286,18
1,1,2,2,0,0,1,2,0.3265,0.3174,0.5497,0.3322,10
1,1,2,3,0,0,1,3,0.1968,0.2367,0.4726,0.2483,7
1,1,2,4,0,0,1,2,0.1893,0.1992,0.5321,0.3416,16
1,1,2,5,0,0,1,2,0.3326,0.345,0.7116,0.4711,52
1,1,2,6,0,0,1,1,0.29,0.2553,0.6387,0.3489,123
1,1,2,7,0,0,1,1,0.3168,0.2989,0.6443,0.5952,326
1,1,2,8,0,0,1,2,0.2637,0.2674,0.6369,0.3075,301
1,1,2,9,0,0,1,2,0.2238,0.2259,0.3819,0.2758,191
1,1,2,10,0,0,1,1,0.1477,0.164,0.5653,0.3606,171
1,1,2,11,0,0,1,1,0.2512,0.2046,0.7006,0.4122,176
1,1,2,12,0,0,1,1,0.3279,0.2877,0.3172,0.2164,204
1,1,2,13,0,0,1,1,0.3287,0.2734,0.3463,0.075,229
1,1,2,14,0,0,1,1,0.3166,0.3085,0.45,0.2562,189
1,1,2,15,0,0,1,2,0.2967,0.2763,0.4896,0.3771,163
1,1,2,16,0,0,1,2,0.3964,0.3707,0.5839,0.4798,239
1,1,2,17,0,0,1,4,0.133,0.1059,0.4235,0.2742,156
1,1,2,18,0,0,1,2,0.2578,0.2196,0.6394,0.3152,223
1,1,2,19,0,0,1,1,0.176,0.1673,0.8469,0.3724,205
1,1,2,20,0,0,1,2,0.3503,0.366,0.5106,0.4939,149
1,1,2,21,0,0,1,2,0.2029,0.2398,0.41,0.3279,122
1,1,2,22,0,0,1,2,0.3122,0.3437,0.5276,0.1374,105
1,1,2,23,0,0,1,2,0.2102,0.1856,0.6443,0.3445,55
1,1,2,0,0,1,1,2,0.2734,0.2243,0.5967,0.5586,38
1,1,2,1,0,1,1,1,0.2364,0.2511,0.667,0.3097,19
1,1,2,2,0,1,1,1,0.2431,0.2691,0.5451,0.3415,12
1,1,2,3,0,1,1,1,0.2674,0.2665,0.6178,0.7657,13
1,1,2,4,0,1,1,1,0.3084,0.2923,0.8864,0.2759,18
1,1,2,5,0,1,1,3,0.2364,0.2057,0.5306,0.1731,34
1,1,2,6,0,1,1,1,0.3064,0.3093,0.5773,0.2673,110
1,1,2,7,0,1,1,1,0.3167,0.3181,0.6327,0.5214,355
1,1,2,8,0,1,1,2,0.2148,0.2126,0.8784,0.1829,302
1,1,2,9,0,1,1,3,0.376,0.324,0.6814,0.1184,150
1,1,2,10,0,1,1,2,0.2962,0.2516,0.5913,0.352,145
1,1,2,11,0,1,1,1,0.2138,0.2003,0.5234,0.4397,209
1,1,2,12,0,1,1,1,0.287,0.3039,0.7403,0.0188,316
1,1,2,13,0,1,1,2,0.3167,0.3282,0.5683,0.3472,170
1,1,2,14,0,1,1,2,0.2853,0.2591,0.7616,0.3086,153
1,1,2,15,0,1,1,1,0.2582,0.1904,0.5472,0.2721,198
1,1,2,16,1,1,0,3,0.0024,0.0424,0.5071,0.084,89
1,1,2,17,0,1,1,2,0.1763,0.2047,0.4039,0.1774,321
1,1,2,18,0,1,1,2,0.2915,0.2807,0.6402,0.2762,278
1,1,2,19,0,1,1,1,0.1749,0.1533,0.3612,0.1866,308
1,1,2,20,0,1,1,3,0.28,0.2568,0.729,0.3451,155
1,1,2,21,0,1,1,2,0.306,0.3186,0.4061,0.4802,107
1,1,2,22,0,1,1,1,0.2361,0.2404,0.36,0.3629,108
1,1,2,23,0,1,1,1,0.1205,0.1016,0.5731,0.2155,67
1,1,2,0,0,2,1,1,0.1949,0.2512,0.6925,0.5026,43
1,1,2,1,0,2,1,1,0.2944,0.2338,0.5637,0.0873,18
1,1,2,2,0,2,1,1,0.3345,0.2997,0.6696,0.386,13
1,1,2,3,0,2,1,1,0.1008,0.0784,0.6163,0.2421,13
1,1,2,4,0,2,1,2,0.2521,0.2427,0.66,0.1268,14
1,1,2,5,0,2,1,2,0.1438,0.1705,0.7671,0.056,40
1,1,2,6,0,2,1,2,0.2528,0.265,0.4934,0.4455,83
1,1,2,7,0,2,1,2,0.2355,0.2275,0.5966,0.2417,288
1,1,2,8,0,2,1,1,0.4117,0.3513,0.3438,0.5384,390
1,1,2,9,0,2,1,1,0.2088,0.227,0.7422,0.0275,252
1,1,2,10,0,2,1,2,0.3199,0.2699,0.5372,0.4044,162
1,1,2,11,1,2,0,2,0.3171,0.2892,0.5847,0.0227,72
1,1,2,12,0,2,1,1,0.2328,0.2189,0.5392,0.0412,252
1,1,2,13,0,2,1,3,0.2548,0.2178,0.4966,0.2866,188
1,1,2,14,0,2,1,2,0.2465,0.2094,0.6686,0.2315,154
1,1,2,15,0,2,1,3,0.1944,0.2113,0.6462,0.4202,111
1,1,2,16,0,2,1,2,0.1884,0.2226,0.5117,0.4278,257
1,1,2,17,0,2,1,1,0.2178,0.2047,0.7862,0.1281,445
1,1,2,18,0,2,1,3,0.1668,0.1051,0.6807,0.3012,199
1,1,2,19,0,2,1,3,0.2115,0.2093,0.7715,0.2391,201
1,1,2,20,0,2,1,2,0.2328,0.2003,0.3542,0.1528,165
1,1,2,21,0,2,1,3,0.2578,0.2557,0.5028,0.3225,99
1,1,2,22,0,2,1,3,0.2775,0.2725,0.6949,0.376,73
1,1,2,23,0,2,1,2,0.2327,0.1647,0.4315,0.3957,65
1,1,2,0,0,3,1,1,0.1952,0.1737,0.5281,0.4566,33
1,1,2,1,0,3,1,2,0.2788,0.2834,0.4544,0.6045,14
1,1,2,2,0,3,1,2,0.3044,0.2864,0.6259,0.2945,11
1,1,2,3,0,3,1,2,0.215,0.1714,0.5372,0.1157,10
1,1,2,4,0,3,1,2,0.1802,0.1909,0.457,0.3131,17
1,1,2,5,0,3,1,2,0.2178,0.1569,0.7866,0.2769,44
1,1,2,6,0,3,1,4,0.2363,0.2315,0.6568,0.323,70
1,1,2,7,0,3,1,1,0.3292,0.2965,0.6543,0.1155,338
1,1,2,8,0,3,1,1,0.2976,0.2957,0.6027,0.3244,388
1,1,2,9,0,3,1,2,0.2488,0.2295,0.6817,0.1545,219
1,1,2,10,0,3,1,1,0.3821,0.3775,0.6457,0.0581,183
1,1,2,11,0,3,1,1,0.2466,0.2751,0.361,0.3075,176
1,1,2,12,0,3,1,2,0.348,0.3514,0.8141,0.4301,214
1,1,2,13,0,3,1,3,0.3345,0.3381,0.7943,0.3201,123
1,1,2,14,0,3,1,1,0.3296,0.3306,0.5296,0.3192,168
1,1,2,15,0,3,1,1,0.2715,0.2064,0.3849,0.079,254
1,1,2,16,0,3,1,1,0.2572,0.2467,0.4542,0.1137,282
1,1,2,17,0,3,1,2,0.2494,0.245,0.4581,0.4627,259
1,1,2,18,0,3,1,1,0.3085,0.3097,0.6209,0.5351,312
1,1,2,19,0,3,1,1,0.1938,0.1815,0.5362,0.3139,261
1,1,2,20,0,3,1,2,0.2306,0.2405,0.5123,0.17,152
1,1,2,21,0,3,1,3,0.3657,0.3187,0.6608,0.2919,110
1,1,2,22,0,3,1,1,0.2927,0.3378,0.5726,0.1215,128
1,1,2,23,0,3,1,2,0.3158,0.3168,0.7011,0.1743,53
1,1,2,0,0,4,1,2,0.1661,0.1302,0.5796,0.1418,34
1,1,2,1,0,4,1,1,0.2214,0.251,0.7895,0.2587,19
1,1,2,2,0,4,1,2,0.275,0.2277,0.8556,0.2213,9
1,1,2,3,0,4,1,1,0.2487,0.2366,0.6153,0.2306,12
1,1,2,4,0,4,1,1,0.1658,0.161,0.5488,0.0918,24
1,1,2,5,0,4,1,1,0.3048,0.2773,0.5791,0.2609,50
1,1,2,6,0,4,1,1,0.327,0.307,0.7141,0.3283,144
1,1,2,7,0,4,1,2,0.2316,0.2219,0.6917,0.1257,199
1,1,2,8,0,4,1,2,0.3073,0.2597,0.3583,0.3335,253
1,1,2,9,1,4,0,2,0.3936,0.3822,0.6537,0.328,83
1,1,2,10,0,4,1,2,0.3584,0.3406,0.5404,0.1087,111
1,1,2,11,0,4,1,1,0.2348,0.2813,0.6202,0.2748,199
1,1,2,12,0,4,1,3,0.1744,0.2102,0.5867,0.2808,162
1,1,2,13,1,4,0,3,0.2677,0.2323,0.5391,0.2574,69
1,1,2,14,0,4,1,1,0.4159,0.3909,0.3869,0.1576,138
1,1,2,15,0,4,1,2,0.3453,0.3072,0.3965,0.0945,179
1,1,2,16,0,4,1,2,0.2512,0.231,0.5534,0.1185,242
1,1,2,17,0,4,1,2,0.361,0.3687,0.5706,0.5438,252
1,1,2,18,0,4,1,1,0.3334,0.3137,0.5792,0.478,283
1,1,2,19,0,4,1,1,0.1186,0.0977,0.6185,0.2191,242
1,1,2,20,0,4,1,3,0.3259,0.3278,0.4885,0.1895,164
1,1,2,21,0,4,1,2,0.2599,0.1888,0.4193,0.4837,109
1,1,2,22,0,4,1,2,0.1909,0.1698,0.7055,0.2463,91
1,1,2,23,0,4,1,3,0.258,0.2862,0.6542,0.1737,66
1,1,2,0,0,5,0,1,0.2833,0.3116,0.5022,0.0455,28
1,1,2,1,0,5,0,3,0.1987,0.2279,0.691,0.115,9
1,1,2,2,0,5,0,2,0.2459,0.1966,0.4659,0.3146,8
1,1,2,3,0,5,0,2,0.2311,0.1824,0.6137,0.222,6
1,1,2,4,0,5,0,1,0.3099,0.2796,0.6152,0.2467,15
1,1,2,5,0,5,0,1,0.2332,0.2219,0.5106,0.2719,29
1,1,2,6,0,5,0,1,0.1353,0.1065,0.6463,0.2995,75
1,1,2,7,0,5,0,1,0.2229,0.1614,0.4311,0.0693,234
1,1,2,8,0,5,0,1,0.188,0.2064,0.5837,0.4746,223
1,1,2,9,0,5,0,1,0.1637,0.1783,0.5841,0.293,148
1,1,2,10,0,5,0,2,0.3369,0.3023,0.4545,0.1713,93
1,1,2,11,0,5,0,3,0.3105,0.3163,0.6634,0.4372,100
1,1,2,12,0,5,0,1,0.1866,0.2055,0.7222,0.2579,210
1,1,2,13,0,5,0,1,0.1654,0.0857,0.58,0.6246,102
1,1,2,14,0,5,0,2,0.2471,0.254,0.5972,0.1802,92
1,1,2,15,0,5,0,2,0.1616,0.1517,0.5538,0.0941,128
1,1,2,16,0,5,0,2,0.2373,0.15,0.5762,0.2896,152
1,1,2,17,0,5,0,3,0.2592,0.2768,0.5258,0.3578,179
1,1,2,18,1,5,0,1,0.2756,0.2642,0.5881,0.1559,153
1,1,2,19,0,5,0,2,0.2781,0.2163,0.556,0.3004,133
1,1,2,20,0,5,0,3,0.1996,0.2015,0.783,0.3192,78
1,1,2,21,0,5,0,2,0.2592,0.2517,0.5593,0.2311,103
1,1,2,22,0,5,0,2,0.3439,0.3429,0.4716,0.2188,74
1,1,2,23,1,5,0,3,0.1075,0.0441,0.3781,0.1584,24
1,1,2,0,0,6,0,1,0.2798,0.2568,0.7055,0.1829,27
1,1,2,1,0,6,0,1,0.1745,0.1363,0.7577,0.2866,15
1,1,2,2,0,6,0,1,0.3552,0.3326,0.444,0.1754,7
1,1,2,3,0,6,0,2,0.3142,0.2475,0.6579,0.2283,7
1,1,2,4,0,6,0,3,0.3119,0.2628,0.6479,0.342,11
1,1,2,5,0,6,0,1,0.1972,0.2335,0.5861,0.0984,45
1,1,2,6,0,6,0,1,0.2754,0.2965,0.4503,0.4457,98
1,1,2,7,0,6,0,2,0.2832,0.2982,0.645,0.208,167
1,1,2,8,0,6,0,1,0.091,0.1305,0.7425,0.4251,256
1,1,2,9,0,6,0,2,0.2672,0.1978,0.7531,0.0472,111
1,1,2,10,0,6,0,1,0.2999,0.2832,0.6468,0.1297,115
1,1,2,11,0,6,0,3,0.158,0.1574,0.6891,0.2445,103
1,1,2,12,0,6,0,2,0.2991,0.2725,0.3668,0.3039,153
1,1,2,13,0,6,0,1,0.2639,0.1949,0.6575,0.4014,153
1,1,2,14,0,6,0,2,0.3536,0.3625,0.6593,0.5177,101
1,1,2,15,0,6,0,2,0.228,0.2352,0.546,0.5939,114
1,1,2,16,1,6,0,1,0.2694,0.2373,0.596,0.3997,96
1,1,2,17,0,6,0,1,0.2808,0.2922,0.5221,0.4717,236
1,1,2,18,0,6,0,2,0.0604,0.0611,0.3992,0.292,186
1,1,2,19,0,6,0,2,0.2321,0.2395,0.6594,0.1055,109
1,1,2,20,0,6,0,2,0.263,0.2224,0.8125,0.6407,124
1,1,2,21,0,6,0,1,0.092,0.0946,0.4811,0.087,129
1,1,2,22,0,6,0,2,0.3042,0.2964,0.595,0.0674,69
1,1,2,23,0,6,0,2,0.263,0.2429,0.4267,0.215,47
1,1,2,0,0,0,1,1,0.2653,0.1719,0.6128,0.0612,43
1,1,2,1,0,0,1,1,0.3102,0.2998,0.509,0.3288,21
1,1,2,2,0,0,1,1,0.231,0.2266,0.5687,0.1846,14
1,1,2,3,0,0,1,2,0.2628,0.2212,0.7048,0.5418,11
1,1,2,4,0,0,1,1,0.3203,0.3214,0.6211,0.2386,20
1,1,2,5,0,0,1,3,0.2636,0.2578,0.5718,0.2256,39
1,1,2,6,0,0,1,1,0.1307,0.1364,0.4744,0.1363,152
1,1,2,7,0,0,1,2,0.2633,0.2388,0.6696,0.1802,271
1,1,2,8,0,0,1,1,0.2642,0.1997,0.4528,0.3777,364
1,1,2,9,1,0,0,2,0.3228,0.256,0.746,0.0521,62
1,1,2,10,0,0,1,2,0.2357,0.2445,0.6001,0.5062,119
1,1,2,11,0,0,1,2,0.1913,0.1489,0.4632,0.5214,200
1,1,2,12,0,0,1,3,0.1915,0.158,0.4056,0.1305,183
1,1,2,13,0,0,1,1,0.3607,0.3679,0.5477,0.0487,215
1,1,2,14,0,0,1,1,0.28,0.2019,0.5443,0.0574,163
1,1,2,15,0,0,1,1,0.3571,0.2911,0.6421,0.3831,207
1,1,2,16,0,0,1,2,0.3673,0.3726,0.4642,0.035,240
1,1,2,17,0,0,1,2,0.2077,0.1998,0.6819,0.2762,331
1,1,2,18,0,0,1,1,0.2023,0.1324,0.2835,0.7001,263
1,1,2,19,0,0,1,2,0.2508,0.2251,0.5974,0.3438,192
1,1,2,20,0,0,1,1,0.3027,0.2929,0.5007,0.1751,156
1,1,2,21,0,0,1,3,0.1616,0.1205,0.5986,0.4598,93
1,1,2,22,0,0,1,1,0.2916,0.2336,0.7321,0.5892,98
1,1,2,23,0,0,1,3,0.288,0.223,0.6961,0.487,48
1,1,2,0,0,1,1,2,0.1838,0.2,0.627,0.5605,34
1,1,2,1,0,1,1,3,0.1862,0.2082,0.7463,0.6142,11
1,1,2,2,0,1,1,2,0.2937,0.3016,0.7512,0.2251,11
1,1,2,3,0,1,1,1,0.4077,0.4242,0.7712,0.1174,12
1,1,2,4,0,1,1,2,0.2419,0.2682,0.5139,0.0475,18
1,1,2,5,0,1,1,2,0.2856,0.2259,0.6763,0.371,44
1,1,2,6,0,1,1,1,0.2202,0.2392,0.6789,0.1313,131
1,1,2,7,0,1,1,2,0.2791,0.2685,0.5879,0.3304,274
1,1,2,8,0,1,1,3,0.2188,0.2648,0.7109,0.4267,232
1,1,2,9,0,1,1,2,0.2444,0.3338,0.5912,0.1874,239
1,1,2,10,0,1,1,1,0.434,0.4064,0.4082,0.3906,169
1,1,2,11,0,1,1,2,0.27,0.2474,0.7393,0.1823,186
1,1,2,12,0,1,1,1,0.1531,0.1339,0.5135,0.1265,243
1,1,2,13,0,1,1,1,0.3075,0.2943,0.3763,0.3187,224
1,1,2,14,0,1,1,1,0.3416,0.3315,0.9697,0.8007,177
1,1,2,15,0,1,1,1,0.3098,0.3735,0.4571,0.4833,227
1,1,2,16,0,1,1,2,0.2502,0.242,0.6636,0.7125,212
1,1,2,17,0,1,1,1,0.1983,0.1755,0.4598,0.1751,420
1,1,2,18,0,1,1,1,0.2,0.1904,0.5361,0.4969,266
1,1,2,19,0,1,1,1,0.2493,0.212,0.503,0.3842,222
1,1,2,20,0,1,1,3,0.2369,0.1747,0.4674,0.2711,142
1,1,2,21,0,1,1,2,0.2235,0.2079,0.691,0.372,152
1,1,2,22,0,1,1,2,0.3476,0.4002,0.8595,0.7372,80
1,1,2,23,0,1,1,2,0.327,0.3373,0.5876,0.6016,56
1,1,2,0,0,2,1,1,0.3541,0.322,0.3732,0.2881,37
1,1,2,1,0,2,1,3,0.2102,0.2102,0.4608,0.4937,15
1,1,2,2,0,2,1,1,0.201,0.2663,0.486,0.0766,11
1,1,2,3,0,2,1,1,0.2708,0.2633,0.5984,0.2507,11
1,1,2,4,1,2,0,1,0.2945,0.253,0.5363,0.4744,9
1,1,2,5,0,2,1,1,0.2704,0.259,0.8402,0.2247,51
1,1,2,6,0,2,1,1,0.2897,0.2945,0.5746,0.219,145
1,1,2,7,0,2,1,2,0.3764,0.3701,0.6831,0.3896,300
1,1,2,8,0,2,1,1,0.2501,0.2812,0.5658,0.2641,273
1,1,2,9,0,2,1,1,0.3219,0.3088,0.5814,0.3955,245
1,1,2,10,0,2,1,2,0.3017,0.2163,0.5432,0.1007,187
1,1,2,11,0,2,1,2,0.2721,0.2726,0.5856,0.1404,189
1,1,2,12,0,2,1,3,0.3187,0.3149,0.5267,0.2734,170
1,1,2,13,0,2,1,1,0.2117,0.2112,0.5907,0.1916,208
1,1,2,14,0,2,1,3,0.1976,0.1622,0.5196,0.5027,91
1,1,2,15,0,2,1,2,0.2957,0.3407,0.8585,0.3217,208
1,1,2,16,0,2,1,2,0.1508,0.1106,0.6334,0.3793,221
1,1,2,17,0,2,1,1,0.3012,0.2567,0.6558,0.4204,387
1,1,2,18,0,2,1,1,0.1864,0.1703,0.566,0.2913,363
1,1,2,19,0,2,1,1,0.3717,0.3929,0.4092,0.1766,243
1,1,2,20,0,2,1,2,0.2377,0.2669,0.4243,0.1327,153
1,1,2,21,0,2,1,2,0.3671,0.368,0.5654,0.2241,140
1,1,2,22,0,2,1,1,0.2507,0.2649,0.5614,0.5479,128
1,1,2,23,0,2,1,1,0.2477,0.1962,0.6332,0.2085,81
1,1,2,0,1,3,0,3,0.329,0.2615,0.6079,0.3544,10
1,1,2,1,1,3,0,2,0.2889,0.2633,0.5292,0.0511,7
1,1,2,2,0,3,1,2,0.2637,0.2771,0.9037,0.1039,11
1,1,2,3,0,3,1,3,0.2401,0.2554,0.6274,0.1535,8
1,1,2,4,0,3,1,1,0.2407,0.2026,0.5327,0.1145,17
1,1,2,5,0,3,1,2,0.4334,0.3824,0.5405,0.5956,52
1,1,2,6,0,3,1,2,0.1511,0.1786,0.6722,0.4236,104
1,1,2,7,0,3,1,1,0.1842,0.1807,0.5587,0.4695,301
1,1,2,8,0,3,1,1,0.3507,0.271,0.7,0.1367,328
1,1,2,9,0,3,1,3,0.3455,0.2945,0.5753,0.3747,161
1,1,2,10,0,3,1,1,0.2038,0.2081,0.5394,0.2105,155
1,1,2,11,0,3,1,1,0.1457,0.1028,0.4131,0.1079,205
1,1,2,12,0,3,1,1,0.3574,0.31,0.7103,0.224,240
1,1,2,13,0,3,1,2,0.1951,0.1569,0.4553,0.2363,159
1,1,2,14,0,3,1,1,0.234,0.2485,0.6757,0.2702,179
1,1,2,15,0,3,1,1,0.2751,0.261,0.514,0.4057,186
1,1,2,16,0,3,1,1,0.1933,0.2339,0.6889,0.1873,294
1,1,2,17,0,3,1,1,0.3331,0.3035,0.7396,0.0848,385
1,1,2,18,0,3,1,2,0.2698,0.25,0.4953,0.3364,287
1,1,2,19,1,3,0,3,0.2066,0.2063,0.4848,0.2275,67
1,1,2,20,0,3,1,1,0.2128,0.1834,0.8519,0.2177,172
1,1,2,21,0,3,1,2,0.3591,0.2932,0.6407,0.4692,120
1,1,2,22,0,3,1,2,0.2488,0.2258,0.6724,0.3628,105
1,1,2,23,0,3,1,2,0.3114,0.2733,0.4233,0.5361,56
1,1,2,0,0,4,1,2,0.2706,0.2533,0.4629,0.4051,35
1,1,2,1,0,4,1,1,0.1485,0.1231,0.6104,0.146,18
1,1,2,2,0,4,1,2,0.3236,0.321,0.5395,0.6027,8
1,1,2,3,0,4,1,2,0.3465,0.3186,0.4645,0.1907,11
1,1,2,4,0,4,1,2,0.4003,0.3318,0.6185,0.3084,15
1,1,2,5,0,4,1,1,0.1383,0.1127,0.38,0.3256,49
1,1,2,6,0,4,1,1,0.0502,0.0117,0.6214,0.1826,140
1,1,2,7,0,4,1,1,0.3161,0.3579,0.477,0.0599,345
1,1,2,8,0,4,1,1,0.2294,0.2193,0.6701,0.0579,369
1,1,2,9,0,4,1,1,0.1712,0.1827,0.5972,0.5854,208
1,1,2,10,0,4,1,1,0.2789,0.262,0.6484,0.0983,151
1,1,2,11,0,4,1,1,0.2399,0.2829,0.7458,0.2875,170
1,1,2,12,0,4,1,1,0.182,0.1351,0.5049,0.2787,208
1,1,2,13,0,4,1,4,0.2655,0.2285,0.4676,0.1995,114
1,1,2,14,0,4,1,2,0.311,0.3288,0.7292,0.4782,108
1,1,2,15,0,4,1,1,0.2836,0.2539,0.7882,0.3371,225
1,1,2,16,0,4,1,2,0.2841,0.2475,0.7388,0.1023,240
1,1,2,17,0,4,1,1,0.3024,0.2704,0.3053,0.3848,415
1,1,2,18,0,4,1,1,0.1529,0.2032,0.6573,0.4439,299
1,1,2,19,0,4,1,2,0.2677,0.3157,0.4729,0.2418,183
1,1,2,20,0,4,1,1,0.2881,0.286,0.6925,0.4544,231
1,1,2,21,0,4,1,2,0.2449,0.2385,0.5547,0.2956,105
1,1,2,22,0,4,1,1,0.2133,0.2261,0.5447,0.2478,111
1,1,2,23,0,4,1,2,0.2191,0.2199,0.5379,0.3767,61
1,1,2,0,0,5,0,1,0.2538,0.2464,0.5124,0.1304,26
1,1,2,1,0,5,0,1,0.3384,0.3079,0.4309,0.0266,13
1,1,2,2,1,5,0,2,0.3813,0.3437,0.5385,0.6643,4
1,1,2,3,0,5,0,1,0.367,0.3635,0.6002,0.0348,9
1,1,2,4,0,5,0,1,0.1651,0.161,0.7639,0.0846,13
1,1,2,5,0,5,0,1,0.2086,0.2422,0.6459,0.3156,45
1,1,2,6,0,5,0,2,0.3204,0.2966,0.5497,0.2402,74
1,1,2,7,0,5,0,2,0.3654,0.3194,0.5408,0.408,164
1,1,2,8,0,5,0,2,0.2067,0.1525,0.2261,0.3639,226
1,1,2,9,0,5,0,2,0.2872,0.2498,0.5374,0.2505,142
1,1,2,10,0,5,0,4,0.1951,0.1422,0.6005,0.4747,65
1,1,2,11,0,5,0,1,0.2937,0.3135,0.511,0.4846,141
1,1,2,12,0,5,0,2,0.2293,0.2051,0.5212,0.5331,116
1,1,2,13,0,5,0,1,0.2872,0.2498,0.2866,0.2357,135
1,1,2,14,0,5,0,1,0.1895,0.1945,0.4176,0.2203,123
1,1,2,15,0,5,0,2,0.16,0.2105,0.4524,0.3228,106
1,1,2,16,0,5,0,3,0.4912,0.4539,0.4976,0.1399,169
1,1,2,17,0,5,0,2,0.2792,0.2312,0.2196,0.4419,240
1,1,2,18,0,5,0,1,0.4238,0.3907,0.5616,0.3625,190
1,1,2,19,0,5,0,2,0.38,0.3052,0.5736,0.4656,128
1,1,2,20,0,5,0,1,0.1599,0.1673,0.6337,0.5853,115
1,1,2,21,0,5,0,2,0.2997,0.302,0.5328,0.61,69
1,1,2,22,0,5,0,1,0.1838,0.1614,0.6834,0.5224,68
1,1,2,23,0,5,0,1,0.2536,0.2073,0.7985,0.3301,56
1,1,2,0,0,6,0,1,0.1455,0.2102,0.4149,0.7195,27
1,1,2,1,0,6,0,3,0.1673,0.122,0.4341,0.4018,9
1,1,2,2,0,6,0,1,0.2176,0.1842,0.624,0.2297,7
1,1,2,3,0,6,0,1,0.2393,0.2283,0.6541,0.1535,8
1,1,2,4,1,6,0,1,0.2802,0.292,0.4376,0.2082,8
1,1,2,5,0,6,0,2,0.2049,0.1902,0.7862,0.504,32
1,1,2,6,0,6,0,1,0.2879,0.2746,0.4707,0.1317,88
1,1,2,7,0,6,0,2,0.357,0.3575,0.5544,0.2851,179
1,1,2,8,0,6,0,1,0.2966,0.378,0.6639,0.114,286
1,1,2,9,0,6,0,1,0.2727,0.2417,0.756,0.194,189
1,1,2,10,0,6,0,1,0.3014,0.271,0.4643,0.2592,118
1,1,2,11,0,6,0,1,0.177,0.1649,0.6727,0.2,164
1,1,2,12,0,6,0,2,0.3441,0.3473,0.5706,0.1754,163
1,1,2,13,0,6,0,1,0.1936,0.2597,0.4077,0.1998,151
1,1,2,14,0,6,0,2,0.3861,0.3635,0.5103,0.4526,101
1,1,2,15,0,6,0,1,0.3314,0.3315,0.4393,0.2474,142
1,1,2,16,0,6,0,1,0.3164,0.2358,0.6657,0.3282,221
1,1,2,17,0,6,0,1,0.3195,0.3054,0.4129,0.4099,228
1,1,2,18,0,6,0,2,0.2773,0.263,0.6361,0.1447,215
1,1,2,19,0,6,0,1,0.2224,0.2419,0.5819,0.2618,158
1,1,2,20,0,6,0,2,0.2115,0.1854,0.6235,0.0789,119
1,1,2,21,0,6,0,2,0.4001,0.3434,0.5831,0.0938,106
1,1,2,22,0,6,0,1,0.2847,0.2773,0.4779,0.1179,87
1,1,2,23,0,6,0,1,0.1994,0.1427,0.629,0.3545,47
1,1,2,0,0,0,1,1,0.3168,0.2768,0.598,0.0604,38
1,1,2,1,0,0,1,1,0.3046,0.291,0.5206,0.4152,16
1,1,2,2,0,0,1,1,0.2575,0.1728,0.8899,0.0832,12
1,1,2,3,0,0,1,2,0.2177,0.1992,0.4406,0.7928,10
1,1,2,4,0,0,1,2,0.3321,0.3629,0.6433,0.2449,17
1,1,2,5,0,0,1,2,0.3468,0.2811,0.6537,0.2776,53
1,1,2,6,0,0,1,1,0.3032,0.2675,0.548,0.1592,146
1,1,2,7,0,0,1,1,0.2856,0.289,0.6124,0.4419,254
1,1,2,8,0,0,1,2,0.2258,0.239,0.6362,0.4061,342
1,1,2,9,0,0,1,1,0.3142,0.3002,0.5738,0.2351,186
1,1,2,10,0,0,1,2,0.2362,0.2188,0.5157,0.2628,133
1,1,2,11,0,0,1,2,0.1915,0.2316,0.5731,0.0976,197
1,1,2,12,0,0,1,1,0.3594,0.3478,0.51,0.452,186
1,1,2,13,0,0,1,1,0.2085,0.1663,0.7473,0.1755,229
1,1,2,14,0,0,1,2,0.1478,0.144,0.6878,0.1636,145
1,1,2,15,0,0,1,2,0.3722,0.3496,0.5919,0.2895,174
1,1,2,16,0,0,1,1,0.1585,0.1374,0.4935,0.4946,239
1,1,2,17,0,0,1,1,0.2533,0.1902,0.5447,0.3593,253
1,1,2,18,0,0,1,1,0.2039,0.1935,0.5119,0.3571,305
1,1,2,19,0,0,1,2,0.2299,0.2359,0.5709,0.3449,218
1,1,2,20,0,0,1,1,0.4363,0.437,0.39,0.5194,213
1,1,2,21,0,0,1,2,0.2735,0.2601,0.5158,0.1156,144
1,1,2,22,0,0,1,3,0.3058,0.2916,0.451,0.3378,94
1,1,2,23,0,0,1,3,0.3359,0.3023,0.4984,0.0897,53
1,1,2,0,0,1,1,1,0.2385,0.2556,0.8015,0.6294,31
1,1,2,1,0,1,1,2,0.359,0.3054,0.5433,0.4754,16
1,1,2,2,0,1,1,3,0.3101,0.279,0.6053,0.3239,9
1,1,2,3,0,1,1,2,0.3366,0.2955,0.5551,0.3837,10
1,1,2,4,0,1,1,1,0.2331,0.218,0.6575,0.164,16
1,1,2,5,0,1,1,2,0.3149,0.3385,0.5353,0.6028,42
1,1,2,6,0,1,1,2,0.2832,0.2334,0.5162,0.4733,111
1,1,2,7,0,1,1,2,0.3629,0.3531,0.4999,0.1539,279
1,1,2,8,0,1,1,3,0.246,0.2427,0.4932,0.1806,263
1,1,2,9,0,1,1,4,0.426,0.3758,0.7628,0.1262,122
1,1,2,10,0,1,1,2,0.3075,0.2863,0.6283,0.1359,134
1,1,2,11,0,1,1,1,0.275,0.2344,0.5085,0.4099,193
1,1,2,12,0,1,1,2,0.2668,0.2565,0.6833,0.2011,211
1,1,2,13,0,1,1,2,0.2833,0.2656,0.7204,0.247,183
1,1,2,14,1,1,0,2,0.2398,0.2729,0.4969,0.4128,52
1,1,2,15,0,1,1,1,0.3305,0.291,0.5474,0.223,225
1,1,2,16,0,1,1,2,0.283,0.2636,0.5836,0.3506,208
1,1,2,17,0,1,1,2,0.4198,0.3876,0.4902,0.2167,281
1,1,2,18,0,1,1,3,0.2535,0.2815,0.5232,0.0911,220
1,1,2,19,0,1,1,2,0.2753,0.2468,0.5233,0.6241,206
1,1,2,20,0,1,1,1,0.2534,0.214,0.565,0.4661,215
1,1,2,21,0,1,1,2,0.4146,0.3706,0.9498,0.2336,115
1,1,2,22,0,1,1,2,0.1826,0.1497,0.4743,0.3568,104
1,1,2,23,0,1,1,2,0.2903,0.2584,0.4061,0.211,58
1,1,2,0,0,2,1,1,0.3089,0.2678,0.6995,0.1987,43
1,1,2,1,0,2,1,2,0.2081,0.1981,0.6041,0.1316,16
1,1,2,2,0,2,1,2,0.472,0.4095,0.5452,0.3441,8
1,1,2,3,0,2,1,2,0.2219,0.2281,0.686,0.3366,11
1,1,2,4,1,2,0,3,0.2894,0.2761,0.4352,0.1835,5
1,1,2,5,1,2,0,3,0.4049,0.4333,0.6199,0.3922,15
1,1,2,6,0,2,1,2,0.2608,0.2617,0.5595,0.3906,113
1,1,2,7,0,2,1,3,0.2971,0.2932,0.5862,0.347,193
1,1,2,8,0,2,1,2,0.2629,0.31,0.5881,0.2656,311
1,1,2,9,0,2,1,3,0.2833,0.2822,0.8681,0.3207,151
1,1,2,10,0,2,1,3,0.3627,0.3381,0.5217,0.1308,142
1,1,2,11,0,2,1,2,0.2575,0.2186,0.4809,0.3013,138
1,1,2,12,0,2,1,1,0.1012,0.1397,0.6464,0.1893,215
1,1,2,13,0,2,1,1,0.2847,0.2402,0.7047,0.2873,217
1,1,2,14,0,2,1,2,0.2914,0.2427,0.4199,0.1105,160
1,1,2,15,0,2,1,2,0.3007,0.2516,0.6289,0.1772,182
1,1,2,16,0,2,1,2,0.2742,0.2379,0.442,0.2058,195
1,1,2,17,0,2,1,2,0.2266,0.2166,0.4195,0.1343,306
1,1,2,18,0,2,1,2,0.2699,0.2485,0.5555,0.5065,212
1,1,2,19,0,2,1,1,0.4106,0.4058,0.5025,0.2281,313
1,1,2,20,0,2,1,1,0.2841,0.2372,0.4274,0.2544,198
1,1,2,21,1,2,0,2,0.3327,0.2899,0.4799,0.3372,49
1,1,2,22,0,2,1,1,0.2147,0.2085,0.5197,0.555,129
1,1,2,23,0,2,1,3,0.2666,0.2244,0.6566,0.0924,66
1,1,2,0,0,3,1,3,0.2203,0.1684,0.4637,0.0288,32
1,1,2,1,0,3,1,1,0.3809,0.3159,0.5902,0.1457,22
1,1,2,2,0,3,1,2,0.1814,0.1709,0.3603,0.3133,9
1,1,2,3,0,3,1,2,0.3164,0.2985,0.5552,0.7314,10
1,1,2,4,0,3,1,3,0.3142,0.295,0.6696,0.1796,12
1,1,2,5,0,3,1,2,0.3096,0.3307,0.5241,0.1297,56
1,1,2,6,0,3,1,3,0.1262,0.1289,0.6457,0.1855,97
1,1,2,7,0,3,1,2,0.1487,0.1413,0.3514,0.3083,291
1,1,2,8,0,3,1,1,0.2985,0.324,0.4476,0.1292,410
1,1,2,9,0,3,1,2,0.2257,0.2437,0.649,0.0415,210
1,1,2,10,0,3,1,2,0.2453,0.2111,0.6573,0.366,126
1,1,2,11,0,3,1,3,0.2606,0.2726,0.8058,0.1105,122
1,1,2,12,0,3,1,1,0.2166,0.259,0.6661,0.1159,219
1,1,2,13,0,3,1,1,0.2045,0.2476,0.7206,0.2297,139
1,1,2,14,0,3,1,2,0.2903,0.3051,0.4665,0.5587,135
1,1,2,15,0,3,1,3,0.1569,0.1607,0.5809,0.2363,147
1,1,2,16,0,3,1,2,0.2549,0.2509,0.4159,0.3846,202
1,1,2,17,0,3,1,1,0.2436,0.2751,0.7118,0.1728,430
1,1,2,18,0,3,1,3,0.2887,0.2341,0.5467,0.1451,260
1,1,2,19,0,3,1,2,0.4574,0.4726,0.6397,0.5355,203
1,1,2,20,0,3,1,3,0.2216,0.2144,0.3058,0.2713,141
1,1,2,21,0,3,1,2,0.3188,0.2751,0.2793,0.1872,129
1,1,2,22,0,3,1,1,0.3058,0.255,0.793,0.4755,119
1,1,2,23,0,3,1,3,0.3295,0.2619,0.9963,0.1914,52
1,1,2,0,0,4,1,1,0.2787,0.2817,0.6234,0.4357,40
1,1,2,1,0,4,1,3,0.3945,0.4325,0.7668,0.2522,12
1,1,2,2,0,4,1,1,0.3416,0.3096,0.4927,0.5014,13
1,1,2,3,0,4,1,2,0.3427,0.3,0.392,0.4548,9
1,1,2,4,0,4,1,1,0.1946,0.2212,0.7791,0.4161,15
1,1,2,5,0,4,1,1,0.3004,0.2888,0.5649,0.1458,49
1,1,2,6,0,4,1,4,0.258,0.2827,0.5555,0.1527,79
1,1,2,7,0,4,1,1,0.2333,0.1924,0.7807,0.193,317
1,1,2,8,0,4,1,1,0.2498,0.2569,0.5395,0.7143,299
1,1,2,9,0,4,1,3,0.2897,0.3297,0.4396,0.1724,178
1,1,2,10,0,4,1,1,0.3256,0.2778,0.4146,0.5664,163
1,1,2,11,0,4,1,2,0.3624,0.3346,0.5805,0.1711,197
1,1,2,12,0,4,1,3,0.3591,0.3303,0.6857,0.3634,155
1,1,2,13,0,4,1,2,0.3141,0.3209,0.5464,0.2393,173
1,1,2,14,0,4,1,1,0.2975,0.3205,0.5674,0.2278,187
1,1,2,15,0,4,1,2,0.2709,0.2369,0.4876,0.1471,224
1,1,2,16,0,4,1,2,0.2763,0.3374,0.5189,0.3786,210
1,1,2,17,0,4,1,1,0.239,0.2288,0.7695,0.0547,359
1,1,2,18,0,4,1,2,0.2637,0.2334,0.5644,0.329,193
1,1,2,19,0,4,1,1,0.3184,0.3453,0.488,0.417,250
1,1,2,20,0,4,1,1,0.4015,0.3856,0.7782,0.1487,152
1,1,2,21,0,4,1,1,0.2832,0.2577,0.5471,0.2247,136
1,1,2,22,0,4,1,3,0.2371,0.209,0.5597,0.3757,77
1,1,2,23,0,4,1,1,0.3615,0.4065,0.5498,0.1451,71
1,1,2,0,0,5,0,1,0.1569,0.1192,0.3847,0.2059,28
1,1,2,1,0,5,0,3,0.37,0.3853,0.5292,0.2354,10
1,1,2,2,0,5,0,1,0.1967,0.1625,0.6042,0.2534,8
1,1,2,3,0,5,0,3,0.343,0.3072,0.5281,0.4718,5
1,1,2,4,0,5,0,3,0.2637,0.2481,0.6972,0.6134,7
1,1,2,5,0,5,0,2,0.3195,0.3175,0.459,0.0902,34
1,1,2,6,0,5,0,1,0.4428,0.3714,0.613,0.2264,87
1,1,2,7,0,5,0,1,0.2384,0.2101,0.5167,0.3952,192
1,1,2,8,1,5,0,1,0.227,0.2465,0.6912,0.1404,181
1,1,2,9,0,5,0,1,0.3025,0.3181,0.7624,0.5191,138
1,1,2,10,0,5,0,2,0.4038,0.3749,0.7254,0.3408,78
1,1,2,11,0,5,0,1,0.3096,0.2588,0.5875,0.0695,137
1,1,2,12,0,5,0,2,0.3002,0.2916,0.5746,0.6163,123
1,1,2,13,0,5,0,1,0.3089,0.3184,0.5664,0.1627,112
1,1,2,14,0,5,0,1,0.2267,0.2208,0.4496,0.2319,150
1,1,2,15,0,5,0,1,0.3096,0.3363,0.6867,0.2449,129
1,1,2,16,0,5,0,1,0.2695,0.248,0.3237,0.03,202
1,1,2,17,0,5,0,2,0.3896,0.3306,0.5309,0.477,220
1,1,2,18,1,5,0,2,0.3529,0.3174,0.7723,0.4604,127
1,1,2,19,1,5,0,1,0.2044,0.1942,0.3826,0.4231,105
1,1,2,20,0,5,0,2,0.2772,0.2422,0.636,0.0429,136
1,1,2,21,0,5,0,1,0.334,0.3017,0.6696,0.1786,92
1,1,2,22,0,5,0,3,0.2283,0.2458,0.5098,0.597,47
1,1,2,23,0,5,0,1,0.2215,0.186,0.4528,0.2456,56
1,1,2,0,1,6,0,2,0.2681,0.2147,0.3758,0.126,13
1,1,2,1,0,6,0,1,0.3246,0.3326,0.5211,0.2221,12
1,1,2,2,0,6,0,1,0.3731,0.3738,0.4832,0.3527,7
1,1,2,3,0,6,0,2,0.3167,0.2697,0.404,0.4466,6
1,1,2,4,0,6,0,1,0.4728,0.4704,0.6964,0.012,13
1,1,2,5,0,6,0,2,0.2531,0.2065,0.4733,0.4078,31
1,1,2,6,0,6,0,2,0.3523,0.313,0.6318,0.0776,65
1,1,2,7,0,6,0,1,0.2228,0.1785,0.4732,0.1062,180
1,1,2,8,0,6,0,4,0.4132,0.3788,0.6414,0.4091,146
1,1,2,9,0,6,0,1,0.3956,0.3928,0.6021,0.1492,150
1,1,2,10,0,6,0,3,0.3503,0.3408,0.7016,0.6643,75
1,1,2,11,0,6,0,2,0.1789,0.1456,0.3856,0.2029,112
1,1,2,12,0,6,0,1,0.3496,0.3378,0.4855,0.1341,197
1,1,2,13,0,6,0,1,0.2431,0.2424,0.6879,0.1216,129
1,1,2,14,0,6,0,2,0.3322,0.3443,0.4994,0.2171,94
1,1,2,15,0,6,0,2,0.1986,0.1995,0.5304,0.7497,121
1,1,2,16,0,6,0,2,0.3194,0.3255,0.6428,0.2701,182
1,1,2,17,0,6,0,1,0.2757,0.2639,0.5415,0.3824,255
1,1,2,18,0,6,0,1,0.246,0.2092,0.5905,0.5039,210
1,1,2,19,0,6,0,2,0.3419,0.3297,0.5628,0.2083,151
1,1,2,20,0,6,0,3,0.2969,0.3185,0.5368,0.3655,82
1,1,2,21,0,6,0,1,0.2861,0.3098,0.4121,0.1206,91
1,1,2,22,0,6,0,2,0.3521,0.257,0.5213,0.387,72
1,1,2,23,0,6,0,2,0.4337,0.4309,0.6423,0.131,50
1,1,2,0,0,0,1,2,0.3232,0.2922,0.5385,0.4372,31
1,1,2,1,0,0,1,2,0.1775,0.1807,0.6359,0.6095,16
1,1,2,2,0,0,1,1,0.1948,0.1441,0.5376,0.4518,12
1,1,2,3,0,0,1,1,0.3087,0.2804,0.635,0.2401,11
1,1,2,4,0,0,1,2,0.3758,0.3089,0.5028,0.3494,17
1,1,2,5,0,0,1,3,0.3134,0.2847,0.4369,0.2778,41
1,1,2,6,0,0,1,2,0.3397,0.341,0.6809,0.2839,116
1,1,2,7,0,0,1,1,0.2998,0.2982,0.4449,0.2384,281
1,1,2,8,0,0,1,1,0.3713,0.4171,0.4937,0.6256,417
1,1,2,9,0,0,1,1,0.3471,0.3143,0.578,0.0884,207
1,1,2,10,0,0,1,2,0.2326,0.1946,0.3605,0.3016,122
1,1,2,11,0,0,1,1,0.3353,0.3601,0.508,0.1288,228
1,1,2,12,0,0,1,1,0.1959,0.1347,0.4978,0.4177,254
1,1,2,13,0,0,1,2,0.3353,0.3243,0.5442,0.0257,225
1,1,2,14,0,0,1,1,0.2842,0.285,0.548,0.2736,123
1,1,2,15,0,0,1,1,0.3152,0.2301,0.5198,0.3091,222
1,1,2,16,0,0,1,2,0.3266,0.2776,0.5558,0.194,247
1,1,2,17,0,0,1,1,0.3236,0.2665,0.7519,0.0695,434
1,1,2,18,0,0,1,1,0.4031,0.408,0.8583,0.1359,284
1,1,2,19,0,0,1,1,0.3063,0.2717,0.637,0.1969,271
1,1,2,20,0,0,1,1,0.3171,0.2935,0.5377,0.6799,158
1,1,2,21,0,0,1,3,0.397,0.3288,0.4683,0.163,95
1,1,2,22,0,0,1,2,0.4367,0.3906,0.4881,0.3733,112
1,1,2,23,0,0,1,1,0.3027,0.2638,0.5482,0.3506,78
1,1,2,0,0,1,1,1,0.2716,0.2515,0.7119,0.3909,40
1,1,2,1,0,1,1,1,0.2751,0.2521,0.4526,0.4362,15
1,1,2,2,0,1,1,3,0.339,0.3661,0.6189,0.3344,9
1,1,2,3,0,1,1,2,0.2932,0.2993,0.5132,0.1026,10
1,1,2,4,0,1,1,2,0.185,0.1224,0.6911,0.5253,16
1,1,2,5,0,1,1,1,0.3861,0.3973,0.5306,0.2764,51
1,1,2,6,0,1,1,3,0.3645,0.3727,0.4846,0.4765,93
1,1,2,7,0,1,1,2,0.3877,0.3704,0.4925,0.5099,279
1,1,2,8,0,1,1,1,0.4015,0.411,0.7839,0.2313,362
1,1,2,9,0,1,1,1,0.3208,0.3408,0.5697,0.1136,229
1,1,2,10,1,1,0,1,0.3257,0.2948,0.7062,0.0424,85
1,1,2,11,0,1,1,2,0.3779,0.3224,0.617,0.2652,143
1,1,2,12,0,1,1,1,0.2224,0.2282,0.6479,0.5154,263
1,1,2,13,0,1,1,1,0.2828,0.2442,0.5301,0.1433,185
1,1,2,14,0,1,1,2,0.3033,0.2961,0.5615,0.4821,159
1,1,2,15,0,1,1,2,0.372,0.3222,0.4479,0.438,204
1,1,2,16,0,1,1,1,0.2697,0.2855,0.4541,0.0629,264
1,1,2,17,0,1,1,2,0.2576,0.2219,0.5464,0.1414,334
1,1,2,18,0,1,1,1,0.2773,0.2571,0.5339,0.2133,316
1,1,2,19,0,1,1,1,0.3403,0.315,0.5572,0.198,258
1,1,2,20,0,1,1,2,0.3027,0.245,0.6672,0.0408,138
1,1,2,21,0,1,1,2,0.2059,0.228,0.7971,0.3434,109
1,1,2,22,1,1,0,3,0.2197,0.2473,0.4556,0.2145,31
1,1,2,23,0,1,1,2,0.317,0.2968,0.6199,0.1331,58
1,1,2,0,0,2,1,2,0.3229,0.284,0.5031,0.2874,28
1,1,2,1,0,2,1,1,0.3129,0.2903,0.375,0.1525,19
1,1,2,2,0,2,1,1,0.278,0.249,0.857,0.5225,10
1,1,2,3,0,2,1,3,0.3661,0.3471,0.5651,0.5937,7
1,1,2,4,0,2,1,2,0.3368,0.3106,0.5281,0.2542,17
1,1,2,5,0,2,1,3,0.3344,0.2905,0.6806,0.1395,40
1,1,2,6,0,2,1,2,0.3369,0.354,0.8623,0.3035,94
1,1,2,7,0,2,1,1,0.4228,0.3953,0.6104,0.1967,304
1,1,2,8,0,2,1,1,0.2393,0.2853,0.8784,0.0466,344
1,1,2,9,0,2,1,1,0.2815,0.2706,0.572,0.3762,242
1,1,2,10,0,2,1,2,0.2875,0.2609,0.6964,0.2979,108
1,1,2,11,0,2,1,3,0.399,0.3706,0.4773,0.1895,121
1,1,2,12,1,2,0,2,0.2848,0.2596,0.4787,0.4716,74
1,1,2,13,0,2,1,2,0.2555,0.2396,0.6117,0.2571,150
1,1,2,14,0,2,1,1,0.3036,0.2951,0.7338,0.6002,158
1,1,2,15,0,2,1,1,0.3183,0.2687,0.5153,0.162,222
1,1,2,16,0,2,1,1,0.3947,0.3444,0.6874,0.3792,308
1,1,2,17,0,2,1,3,0.2844,0.2936,0.6212,0.2575,250
1,1,2,18,1,2,0,2,0.2629,0.2651,0.5431,0.0334,97
1,1,2,19,0,2,1,2,0.2473,0.1877,0.6634,0.0487,187
1,1,2,20,0,2,1,3,0.2869,0.2882,0.4817,0.1588,133
1,1,2,21,0,2,1,1,0.4905,0.4911,0.7005,0.107,169
1,1,2,22,0,2,1,3,0.3378,0.3284,0.5498,0.6031,70
1,1,2,23,0,2,1,2,0.3529,0.2856,0.6648,0.0637,61
1,1,2,0,0,3,1,1,0.3146,0.2587,0.6028,0.211,34
1,1,2,1,0,3,1,2,0.3242,0.3066,0.5886,0.3407,17
1,1,2,2,0,3,1,1,0.3696,0.4076,0.1715,0.5049,9
1,1,2,3,0,3,1,2,0.354,0.3201,0.5098,0.3175,11
1,1,2,4,0,3,1,1,0.339,0.3402,0.4585,0.2381,18
1,1,2,5,0,3,1,1,0.3157,0.2806,0.6441,0.0985,60
1,1,2,6,0,3,1,2,0.2899,0.3264,0.5502,0.0359,114
1,1,2,7,0,3,1,1,0.3443,0.3283,0.3773,0.4601,323
1,1,2,8,0,3,1,1,0.3204,0.268,0.6458,0.528,326
1,1,2,9,0,3,1,2,0.4639,0.4162,0.5581,0.2209,188
1,1,2,10,0,3,1,1,0.3881,0.3418,0.5709,0.3964,171
1,1,2,11,0,3,1,2,0.2674,0.2575,0.6332,0.5134,181
1,1,2,12,0,3,1,2,0.2327,0.2002,0.6083,0.308,214
1,1,2,13,0,3,1,1,0.2867,0.2575,0.8196,0.5715,191
1,1,2,14,0,3,1,4,0.2388,0.2852,0.6873,0.2919,86
1,1,2,15,0,3,1,1,0.2825,0.2508,0.5864,0.2838,188
1,1,2,16,0,3,1,1,0.2467,0.2397,0.6176,0.5888,306
1,1,2,17,0,3,1,1,0.2917,0.2689,0.552,0.3902,292
1,1,2,18,0,3,1,2,0.2925,0.2764,0.5196,0.2428,273
1,1,2,19,0,3,1,1,0.3249,0.3287,0.6839,0.382,225
1,1,2,20,0,3,1,1,0.3001,0.2192,0.7718,0.4071,166
1,1,2,21,0,3,1,2,0.2514,0.2434,0.5581,0.098,121
1,1,2,22,0,3,1,2,0.3996,0.3684,0.6434,0.2208,82
1,1,2,23,0,3,1,1,0.3428,0.3309,0.469,0.0853,86
1,1,2,0,0,4,1,1,0.2801,0.26,0.6552,0.1047,36
1,1,2,1,0,4,1,1,0.2562,0.2376,0.4664,0.0787,21
1,1,2,2,0,4,1,1,0.2155,0.2136,0.6021,0.1983,11
1,1,2,3,0,4,1,2,0.2104,0.1834,0.631,0.1946,9
1,1,2,4,0,4,1,1,0.3916,0.431,0.736,0.1108,20
1,1,2,5,0,4,1,1,0.3841,0.3361,0.3307,0.2157,68
1,1,2,6,0,4,1,1,0.2773,0.3066,0.7702,0.25,134
1,1,2,7,0,4,1,2,0.4139,0.3559,0.7234,0.2818,274
1,1,2,8,0,4,1,2,0.3614,0.3354,0.6413,0.0581,377
1,1,2,9,0,4,1,1,0.3325,0.3252,0.5408,0.1973,263
1,1,2,10,0,4,1,2,0.3786,0.3317,0.7059,0.3692,136
1,1,2,11,0,4,1,2,0.3615,0.3134,0.8043,0.0781,184
1,1,2,12,0,4,1,1,0.329,0.3041,0.5458,0.4816,227
1,1,2,13,0,4,1,1,0.3014,0.3132,0.7526,0.5055,196
1,1,2,14,0,4,1,1,0.3107,0.2976,0.6966,0.1946,196
1,1,2,15,0,4,1,2,0.2057,0.2522,0.728,0.4456,188
1,1,2,16,0,4,1,1,0.2622,0.266,0.6721,0.2033,299
1,1,2,17,0,4,1,1,0.4442,0.4083,0.5805,0.3974,361
1,1,2,18,1,4,0,2,0.2603,0.1665,0.4366,0.0985,110
1,1,2,19,0,4,1,2,0.1887,0.1327,0.5204,0.1785,211
1,1,2,20,0,4,1,2,0.3815,0.3545,0.6606,0.1334,166
1,1,2,21,0,4,1,1,0.3356,0.2719,0.5546,0.2822,159
1,1,2,22,0,4,1,1,0.3396,0.3168,0.3496,0.4659,104
1,1,2,23,0,4,1,2,0.3072,0.2985,0.5074,0.0492,74
1,1,3,0,0,5,0,2,0.3857,0.3576,0.4447,0.4171,24
1,1,3,1,0,5,0,4,0.429,0.3994,0.6088,0.363,6
1,1,3,2,0,5,0,2,0.2854,0.3299,0.6815,0.1889,6
1,1,3,3,0,5,0,2,0.3662,0.3499,0.6043,0.4796,7
1,1,3,4,0,5,0,1,0.4002,0.3761,0.4,0.3771,11
1,1,3,5,0,5,0,3,0.2815,0.2376,0.5323,0.5065,27
1,1,3,6,0,5,0,2,0.4276,0.4061,0.4528,0.1523,72
1,1,3,7,0,5,0,1,0.4,0.3656,0.5616,0.0587,226
1,1,3,8,0,5,0,1,0.235,0.2773,0.67,0.4785,346
1,1,3,9,0,5,0,2,0.4336,0.429,0.5905,0.227,129
1,1,3,10,1,5,0,1,0.2386,0.2693,0.5828,0.2091,80
1,1,3,11,0,5,0,2,0.2738,0.2664,0.7684,0.1701,114
1,1,3,12,1,5,0,2,0.3698,0.3887,0.4717,0.3347,83
1,1,3,13,0,5,0,1,0.3948,0.345,0.7134,0.097,171
1,1,3,14,0,5,0,3,0.3288,0.3199,0.5435,0.1542,67
1,1,3,15,0,5,0,3,0.2778,0.2378,0.8803,0.189,74
1,1,3,16,0,5,0,1,0.3037,0.2753,0.6128,0.3263,179
1,1,3,17,1,5,0,1,0.2954,0.2819,0.363,0.3536,125
1,1,3,18,0,5,0,3,0.3808,0.333,0.5337,0.5081,166
1,1,3,19,0,5,0,1,0.2935,0.235,0.4264,0.0874,165
1,1,3,20,0,5,0,3,0.2763,0.292,0.8349,0.4936,72
1,1,3,21,0,5,0,1,0.2185,0.1572,0.4932,0.0531,105
1,1,3,22,0,5,0,2,0.2803,0.317,0.7287,0.1666,75
1,1,3,23,0,5,0,2,0.3136,0.2735,0.6929,0.1732,40
1,1,3,0,0,6,0,1,0.2465,0.2512,0.4382,0.2347,24
1,1,3,1,0,6,0,2,0.2035,0.2121,0.3953,0.115,12
1,1,3,2,0,6,0,1,0.3942,0.3413,0.6963,0.1687,7
1,1,3,3,0,6,0,1,0.2556,0.2566,0.5367,0.1026,10
1,1,3,4,0,6,0,1,0.234,0.2274,0.579,0.2015,13
1,1,3,5,0,6,0,1,0.4355,0.4327,0.597,0.1687,43
1,1,3,6,0,6,0,1,0.385,0.4021,0.2267,0.2007,86
1,1,3,7,0,6,0,1,0.3974,0.4019,0.5683,0.1817,219
1,1,3,8,0,6,0,1,0.361,0.3169,0.7144,0.3966,311
1,1,3,9,0,6,0,1,0.4174,0.3925,0.3656,0.5388,175
1,1,3,10,0,6,0,1,0.3875,0.3434,0.6747,0.2757,118
1,1,3,11,0,6,0,2,0.3015,0.2692,0.5506,0.2125,105
1,1,3,12,0,6,0,1,0.2511,0.2532,0.4402,0.2334,170
1,1,3,13,0,6,0,2,0.2358,0.2422,0.6182,0.1688,89
1,1,3,14,0,6,0,1,0.3158,0.3175,0.5746,0.3942,125
1,1,3,15,0,6,0,1,0.2486,0.2448,0.7402,0.4454,123
1,1,3,16,0,6,0,1,0.2698,0.2695,0.5096,0.5157,186
1,1,3,17,1,6,0,1,0.315,0.2856,0.7314,0.6504,136
1,1,3,18,0,6,0,2,0.4235,0.4428,0.5722,0.1973,218
1,1,3,19,0,6,0,2,0.2199,0.2289,0.6285,0.2403,147
1,1,3,20,0,6,0,1,0.3277,0.3107,0.5344,0.1925,132
1,1,3,21,0,6,0,1,0.238,0.2599,0.4613,0.2652,124
1,1,3,22,0,6,0,2,0.2867,0.2569,0.6899,0.1627,76
1,1,3,23,0,6,0,1,0.3907,0.3748,0.5711,0.1918,49
1,1,3,0,0,0,1,2,0.27,0.2833,0.5367,0.5417,32
1,1,3,1,0,0,1,2,0.3109,0.2588,0.6956,0.5303,14
1,1,3,2,0,0,1,1,0.3392,0.389,0.756,0.1663,11
1,1,3,3,0,0,1,1,0.3785,0.3419,0.5124,0.2663,10
1,1,3,4,0,0,1,1,0.291,0.2629,0.7733,0.1503,17
1,1,3,5,0,0,1,2,0.4176,0.3973,0.4824,0.3075,44
1,1,3,6,0,0,1,3,0.2982,0.3055,0.6017,0.413,79
1,1,3,7,0,0,1,1,0.3633,0.3702,0.6796,0.1871,320
1,1,3,8,0,0,1,3,0.3161,0.3452,0.1632,0.5199,233
1,1,3,9,0,0,1,1,0.3812,0.3603,0.459,0.3647,240
1,1,3,10,0,0,1,1,0.4713,0.4576,0.5247,0.0823,172
1,1,3,11,0,0,1,2,0.3099,0.2483,0.6082,0.3285,197
1,1,3,12,0,0,1,3,0.3283,0.2797,0.5762,0.4198,145
1,1,3,13,0,0,1,2,0.2991,0.2814,0.2797,0.5,127
1,1,3,14,0,0,1,2,0.2884,0.2847,0.5288,0.1141,151
1,1,3,15,0,0,1,2,0.2804,0.265,0.3878,0.2193,207
1,1,3,16,0,0,1,3,0.3281,0.3274,0.5014,0.3546,191
1,1,3,17,0,0,1,2,0.275,0.2595,0.5339,0.1434,323
1,1,3,18,0,0,1,2,0.2771,0.2562,0.6008,0.2842,238
1,1,3,19,0,0,1,2,0.1078,0.1744,0.5211,0.3583,228
1,1,3,20,0,0,1,2,0.4263,0.3971,0.5787,0.483,152
1,1,3,21,0,0,1,3,0.4444,0.4526,0.5098,0.2073,113
1,1,3,22,0,0,1,2,0.3748,0.3169,0.6147,0.4043,83
1,1,3,23,0,0,1,1,0.2682,0.2585,0.4182,0.0537,71
1,1,3,0,0,1,1,3,0.2447,0.2122,0.5661,0.4944,24
1,1,3,1,0,1,1,2,0.2236,0.2719,0.4371,0.0914,15
1,1,3,2,0,1,1,2,0.3779,0.3423,0.526,0.3186,11
1,1,3,3,0,1,1,2,0.4217,0.3997,0.5991,0.182,10
1,1,3,4,0,1,1,1,0.3448,0.3028,0.4663,0.3901,19
1,1,3,5,0,1,1,1,0.3932,0.347,0.5586,0.1008,68
1,1,3,6,0,1,1,1,0.3643,0.3438,0.5312,0.2985,142
1,1,3,7,0,1,1,3,0.2792,0.2761,0.8205,0.2009,252
1,1,3,8,0,1,1,2,0.4038,0.4154,0.6159,0.1845,281
1,1,3,9,0,1,1,2,0.3994,0.362,0.6335,0.4901,190
1,1,3,10,0,1,1,1,0.2638,0.2328,0.4685,0.1836,139
1,1,3,11,0,1,1,4,0.3897,0.4087,0.2725,0.2091,104
1,1,3,12,0,1,1,1,0.3228,0.3545,0.5003,0.5587,229
1,1,3,13,0,1,1,1,0.3149,0.2966,0.378,0.2439,211
1,1,3,14,0,1,1,3,0.3605,0.3564,0.5994,0.1451,126
1,1,3,15,0,1,1,2,0.3583,0.3905,0.6056,0.1321,183
1,1,3,16,0,1,1,3,0.3954,0.4551,0.5974,0.4216,245
1,1,3,17,0,1,1,2,0.2737,0.2726,0.5637,0.5193,268
1,1,3,18,0,1,1,1,0.3728,0.3767,0.4659,0.4848,273
1,1,3,19,0,1,1,1,0.252,0.2434,0.4847,0.2826,316
1,1,3,20,0,1,1,3,0.3206,0.2602,0.622,0.2943,160
1,1,3,21,0,1,1,2,0.3253,0.3194,0.8113,0.2223,142
1,1,3,22,0,1,1,2,0.4011,0.4221,0.6017,0.2142,109
1,1,3,23,0,1,1,1,0.3338,0.2945,0.6164,0.3705,71
1,1,3,0,0,2,1,1,0.3187,0.2471,0.8002,0.4286,36
1,1,3,1,0,2,1,2,0.4368,0.4327,0.5702,0.1926,17
1,1,3,2,0,2,1,3,0.307,0.2389,0.4596,0.1945,8
1,1,3,3,0,2,1,1,0.304,0.2416,0.6176,0.1592,11
1,1,3,4,0,2,1,1,0.2056,0.1463,0.7712,0.0331,21
1,1,3,5,0,2,1,1,0.3218,0.2456,0.6805,0.1633,76
1,1,3,6,0,2,1,1,0.2712,0.2894,0.5988,0.5339,135
1,1,3,7,0,2,1,2,0.3194,0.3076,0.3439,0.5761,306
1,1,3,8,0,2,1,1,0.3538,0.3978,0.3896,0.1575,410
1,1,3,9,0,2,1,1,0.261,0.27,0.6153,0.3947,249
1,1,3,10,0,2,1,2,0.2794,0.3272,0.533,0.3263,148
1,1,3,11,0,2,1,2,0.225,0.1944,0.5638,0.3418,183
1,1,3,12,0,2,1,1,0.3013,0.2971,0.6923,0.4528,217
1,1,3,13,0,2,1,3,0.2709,0.2191,0.4244,0.2696,133
1,1,3,14,1,2,0,1,0.4871,0.4544,0.5004,0.3794,75
1,1,3,15,0,2,1,1,0.4423,0.4632,0.7195,0.0315,247
1,1,3,16,0,2,1,3,0.4309,0.4081,0.425,0.2183,225
1,1,3,17,0,2,1,1,0.2463,0.227,0.7147,0.4539,390
1,1,3,18,0,2,1,4,0.3246,0.3077,0.6177,0.3957,141
1,1,3,19,0,2,1,2,0.2528,0.2444,0.5603,0.2286,214
1,1,3,20,0,2,1,3,0.466,0.447,0.593,0.3471,146
1,1,3,21,0,2,1,1,0.3952,0.4154,0.6196,0.0964,113
1,1,3,22,0,2,1,1,0.2633,0.2285,0.6542,0.1309,120
1,1,3,23,0,2,1,3,0.3628,0.3385,0.331,0.3977,52
1,1,3,0,0,3,1,2,0.2371,0.2281,0.727,0.2354,35
1,1,3,1,0,3,1,3,0.3313,0.2876,0.6044,0.4385,12
1,1,3,2,0,3,1,1,0.3285,0.2987,0.7132,0.1307,13
1,1,3,3,0,3,1,2,0.3926,0.396,0.6287,0.0389,11
1,1,3,4,0,3,1,1,0.41,0.3648,0.837,0.4541,18
1,1,3,5,1,3,0,1,0.3423,0.4084,0.4894,0.1489,24
1,1,3,6,0,3,1,2,0.3252,0.358,0.769,0.2621,110
1,1,3,7,0,3,1,2,0.1144,0.114,0.4716,0.5148,246
1,1,3,8,0,3,1,2,0.4502,0.4449,0.6404,0.378,305
1,1,3,9,0,3,1,1,0.2948,0.3032,0.7024,0.4642,223
1,1,3,10,0,3,1,2,0.348,0.3474,0.5772,0.3329,144
1,1,3,11,0,3,1,3,0.499,0.4769,0.3412,0.1876,147
1,1,3,12,0,3,1,1,0.2573,0.3269,0.5911,0.4338,218
1,1,3,13,1,3,0,2,0.3423,0.3037,0.5185,0.2068,80
1,1,3,14,0,3,1,3,0.3756,0.3452,0.6833,0.3186,134
1,1,3,15,0,3,1,1,0.4173,0.3986,0.4683,0.2076,248
1,1,3,16,0,3,1,2,0.3409,0.3432,0.5096,0.0191,266
1,1,3,17,0,3,1,3,0.4231,0.4623,0.4942,0.4364,270
1,1,3,18,0,3,1,2,0.3117,0.2961,0.5375,0.6283,238
1,1,3,19,0,3,1,1,0.3789,0.3773,0.5852,0.1825,255
1,1,3,20,0,3,1,2,0.3698,0.3629,0.6436,0.2915,165
1,1,3,21,0,3,1,2,0.3345,0.3153,0.6342,0.111,144
1,1,3,22,1,3,0,2,0.3635,0.3826,0.4216,0.2207,35
1,1,3,23,0,3,1,1,0.2796,0.2785,0.4711,0.3836,68
1,1,3,0,0,4,1,1,0.3238,0.3373,0.5043,0.7479,35
1,1,3,1,0,4,1,2,0.2546,0.2331,0.5327,0.2523,18
1,1,3,2,0,4,1,2,0.3138,0.2819,0.4707,0.2786,11
1,1,3,3,0,4,1,3,0.4244,0.3929,0.4847,0.275,10
1,1,3,4,0,4,1,1,0.3742,0.3644,0.7303,0.0494,19
1,1,3,5,0,4,1,2,0.3663,0.3815,0.6116,0.2905,54
1,1,3,6,0,4,1,1,0.2328,0.2841,0.442,0.3367,114
1,1,3,7,0,4,1,2,0.3671,0.354,0.6226,0.0891,294
1,1,3,8,0,4,1,3,0.3403,0.3792,0.5252,0.2223,290
1,1,3,9,0,4,1,1,0.3823,0.382,0.7963,0.3311,247
1,1,3,10,0,4,1,1,0.4415,0.3994,0.499,0.1368,194
1,1,3,11,0,4,1,3,0.3161,0.3039,0.5153,0.0313,133
1,1,3,12,0,4,1,2,0.3226,0.3296,0.5391,0.1616,245
1,1,3,13,0,4,1,2,0.409,0.4139,0.4421,0.2445,135
1,1,3,14,0,4,1,1,0.3025,0.273,0.6302,0.1626,165
1,1,3,15,0,4,1,3,0.3508,0.3226,0.5802,0.8609,134
1,1,3,16,0,4,1,2,0.205,0.1847,0.6154,0.426,235
1,1,3,17,0,4,1,1,0.3232,0.3011,0.5781,0.1118,318
1,1,3,18,0,4,1,2,0.4361,0.4234,0.5967,0.0945,304
1,1,3,19,0,4,1,1,0.3682,0.4064,0.7693,0.3622,309
1,1,3,20,0,4,1,2,0.4077,0.3747,0.6406,0.1519,171
1,1,3,21,0,4,1,2,0.4117,0.3419,0.3592,0.4423,126
1,1,3,22,0,4,1,1,0.4392,0.3661,0.6121,0.1676,102
1,1,3,23,0,4,1,1,0.3204,0.3289,0.7146,0.3313,64
1,1,3,0,0,5,0,1,0.4146,0.3775,0.2963,0.5072,22
1,1,3,1,0,5,0,1,0.506,0.4888,0.4347,0.1926,15
1,1,3,2,0,5,0,3,0.3468,0.3082,0.6464,0.4607,6
1,1,3,3,1,5,0,2,0.2563,0.239,0.6908,0.664,4
1,1,3,4,0,5,0,1,0.307,0.2819,0.595,0.5007,13
1,1,3,5,0,5,0,1,0.3814,0.3418,0.6267,0.3132,38
1,1,3,6,0,5,0,1,0.2323,0.2578,0.7387,0.1803,84
1,1,3,7,0,5,0,2,0.2953,0.3198,0.5126,0.4693,140
1,1,3,8,0,5,0,1,0.3256,0.3285,0.4613,0.1892,262
1,1,3,9,0,5,0,1,0.3563,0.3998,0.5441,0.5142,141
1,1,3,10,0,5,0,3,0.4744,0.4112,0.5953,0.1098,107
1,1,3,11,1,5,0,2,0.3968,0.3706,0.6121,0.0706,89
1,1,3,12,0,5,0,2,0.2707,0.2467,0.667,0.7377,117
1,1,3,13,0,5,0,1,0.6194,0.6097,0.7742,0.4677,141
1,1,3,14,1,5,0,1,0.3475,0.2923,0.5965,0.2117,50
1,1,3,15,0,5,0,3,0.231,0.2395,0.424,0.5813,97
1,1,3,16,0,5,0,2,0.276,0.2189,0.4817,0.2309,177
1,1,3,17,0,5,0,2,0.2764,0.285,0.5908,0.4735,214
1,1,3,18,0,5,0,2,0.2543,0.2762,0.7488,0.083,215
1,1,3,19,0,5,0,1,0.3846,0.3314,0.6528,0.3151,173
1,1,3,20,0,5,0,2,0.162,0.1428,0.4675,0.4564,105
1,1,3,21,0,5,0,1,0.4174,0.4322,0.4962,0.5475,101
1,1,3,22,0,5,0,1,0.4057,0.4271,0.5392,0.3795,69
1,1,3,23,0,5,0,2,0.3167,0.258,0.5832,0.2087,45
1,1,3,0,0,6,0,1,0.4167,0.4072,0.5413,0.2988,29
1,1,3,1,0,6,0,1,0.2761,0.2819,0.469,0.4226,12
1,1,3,2,0,6,0,1,0.2936,0.2787,0.4837,0.2476,9
1,1,3,3,0,6,0,1,0.3911,0.4146,0.5651,0.3004,8
1,1,3,4,0,6,0,3,0.3379,0.3046,0.5991,0.4575,8
1,1,3,5,0,6,0,3,0.3088,0.2809,0.4573,0.4369,24
1,1,3,6,0,6,0,1,0.3446,0.3076,0.6125,0.4173,87
1,1,3,7,0,6,0,1,0.4449,0.43,0.7918,0.4352,189
1,1,3,8,0,6,0,2,0.4422,0.412,0.5988,0.3034,232
1,1,3,9,0,6,0,1,0.3824,0.3895,0.6067,0.4041,166
1,1,3,10,0,6,0,2,0.3277,0.3009,0.4094,0.2409,131
1,1,3,11,0,6,0,1,0.3891,0.3647,0.6624,0.2863,133
1,1,3,12,0,6,0,2,0.2922,0.2852,0.5044,0.1738,148
1,1,3,13,0,6,0,1,0.4344,0.3894,0.7024,0.1218,160
1,1,3,14,0,6,0,2,0.4191,0.4303,0.7901,0.1102,112
1,1,3,15,0,6,0,2,0.4878,0.4856,0.4927,0.1866,136
1,1,3,16,0,6,0,1,0.2964,0.3028,0.4964,0.2284,228
1,1,3,17,0,6,0,1,0.2878,0.2444,0.6379,0.3313,234
1,1,3,18,0,6,0,2,0.3912,0.4196,0.4215,0.1942,196
1,1,3,19,1,6,0,4,0.3334,0.2628,0.5859,0.1896,62
1,1,3,20,0,6,0,2,0.4225,0.4252,0.5392,0.0631,95
1,1,3,21,0,6,0,1,0.4448,0.4284,0.5643,0.3559,98
1,1,3,22,0,6,0,2,0.4718,0.4699,0.3315,0.6245,64
1,1,3,23,0,6,0,1,0.3567,0.334,0.6348,0.314,58
1,1,3,0,0,0,1,3,0.4182,0.4015,0.8685,0.1459,27
1,1,3,1,0,0,1,2,0.3204,0.327,0.5239,0.2782,17
1,1,3,2,1,0,0,1,0.3718,0.3548,0.4009,0.3519,4
1,1,3,3,0,0,1,2,0.3528,0.3433,0.6696,0.1617,9
1,1,3,4,0,0,1,2,0.3491,0.3408,0.4694,0.1207,13
1,1,3,5,0,0,1,1,0.4842,0.5275,0.5773,0.1977,60
1,1,3,6,0,0,1,2,0.2626,0.2032,0.4885,0.1904,107
1,1,3,7,0,0,1,1,0.3562,0.379,0.4021,0.2626,331
1,1,3,8,0,0,1,2,0.3603,0.3576,0.6109,0.232,332
1,1,3,9,0,0,1,2,0.4016,0.3931,0.4909,0.1516,191
1,1,3,10,0,0,1,2,0.2798,0.2293,0.3818,0.0817,156
1,1,3,11,0,0,1,2,0.3356,0.3551,0.6087,0.1052,194
1,1,3,12,0,0,1,1,0.3149,0.2668,0.9183,0.1293,240
1,1,3,13,0,0,1,2,0.1989,0.2349,0.6957,0.2604,185
1,1,3,14,1,0,0,2,0.4379,0.4014,0.569,0.0983,55
1,1,3,15,0,0,1,2,0.2537,0.2869,0.9376,0.3998,177
1,1,3,16,0,0,1,1,0.2443,0.2125,0.3627,0.3988,293
1,1,3,17,0,0,1,2,0.4229,0.3754,0.6427,0.2112,307
1,1,3,18,0,0,1,1,0.3331,0.3152,0.7935,0.2625,305
1,1,3,19,0,0,1,1,0.3356,0.2981,0.4514,0.3971,200
1,1,3,20,0,0,1,1,0.3369,0.3146,0.6098,0.2223,205
1,1,3,21,0,0,1,2,0.4318,0.4624,0.498,0.3392,114
1,1,3,22,0,0,1,1,0.3179,0.287,0.5329,0.3016,91
1,1,3,23,0,0,1,1,0.3982,0.3851,0.6229,0.0562,79
1,1,3,0,0,1,1,1,0.2807,0.316,0.3615,0.0937,34
1,1,3,1,0,1,1,2,0.3837,0.3732,0.4525,0.2055,14
1,1,3,2,0,1,1,3,0.4238,0.4379,0.5779,0.3554,8
1,1,3,3,0,1,1,3,0.4589,0.4543,0.3627,0.6112,8
1,1,3,4,0,1,1,3,0.2521,0.2711,0.5291,0.1274,14
1,1,3,5,0,1,1,3,0.3398,0.3224,0.3907,0.5502,45
1,1,3,6,0,1,1,1,0.4725,0.4679,0.3976,0.0766,143
1,1,3,7,0,1,1,1,0.4251,0.4597,0.6839,0.4347,304
1,1,3,8,0,1,1,1,0.3466,0.321,0.5852,0.1828,359
1,1,3,9,0,1,1,1,0.3608,0.3569,0.5471,0.1458,279
1,1,3,10,0,1,1,2,0.3814,0.3435,0.5204,0.3482,129
1,1,3,11,0,1,1,3,0.3345,0.3504,0.611,0.1924,181
1,1,3,12,0,1,1,2,0.3989,0.3304,0.5159,0.2717,180
1,1,3,13,0,1,1,3,0.3949,0.3678,0.4829,0.4354,133
1,1,3,14,0,1,1,2,0.2825,0.3002,0.6989,0.2879,158
1,1,3,15,0,1,1,1,0.3263,0.307,0.4994,0.7547,212
1,1,3,16,0,1,1,1,0.3288,0.2602,0.7342,0.0962,248
1,1,3,17,0,1,1,3,0.3427,0.304,0.5067,0.4553,250
1,1,3,18,0,1,1,2,0.3795,0.3415,0.6634,0.2158,304
1,1,3,19,0,1,1,1,0.3732,0.4033,0.6041,0.6153,247
1,1,3,20,0,1,1,1,0.3102,0.3199,0.6407,0.6116,189
1,1,3,21,0,1,1,2,0.4544,0.46,0.6081,0.5941,108
1,1,3,22,1,1,0,2,0.3609,0.3074,0.6589,0.1042,51
1,1,3,23,0,1,1,2,0.463,0.4415,0.7479,0.1741,57
1,1,3,0,0,2,1,4,0.4654,0.4903,0.4673,0.2695,23
1,1,3,1,0,2,1,1,0.2905,0.3043,0.7517,0.118,22
1,1,3,2,0,2,1,3,0.3303,0.3,0.5373,0.5433,9
1,1,3,3,0,2,1,2,0.3354,0.3437,0.3556,0.1231,12
1,1,3,4,0,2,1,2,0.3865,0.3302,0.6551,0.1612,19
1,1,3,5,0,2,1,3,0.4155,0.3704,0.6725,0.0901,49
1,1,3,6,0,2,1,2,0.3749,0.3011,0.6333,0.2648,112
1,1,3,7,0,2,1,1,0.326,0.3078,0.5323,0.3657,279
1,1,3,8,0,2,1,3,0.4802,0.4767,0.4604,0.2202,310
1,1,3,9,0,2,1,2,0.3339,0.2898,0.5095,0.1305,223
1,1,3,10,0,2,1,1,0.4165,0.3944,0.5929,0.2857,187
1,1,3,11,0,2,1,2,0.362,0.3202,0.54,0.2644,177
1,1,3,12,0,2,1,2,0.36,0.3258,0.4477,0.173,164
1,1,3,13,0,2,1,2,0.4118,0.3613,0.5419,0.1633,210
1,1,3,14,0,2,1,1,0.4726,0.4877,0.4732,0.0833,189
1,1,3,15,0,2,1,1,0.386,0.3474,0.4924,0.3677,227
1,1,3,16,0,2,1,1,0.3304,0.3079,0.6604,0.0884,282
1,1,3,17,0,2,1,2,0.4682,0.4305,0.4304,0.1231,320
1,1,3,18,0,2,1,1,0.3992,0.3901,0.6125,0.4992,288
1,1,3,19,0,2,1,2,0.3765,0.4339,0.5081,0.1226,209
1,1,3,20,0,2,1,2,0.4365,0.4998,0.6054,0.2467,168
1,1,3,21,0,2,1,1,0.3872,0.3627,0.4619,0.1597,204
1,1,3,22,0,2,1,1,0.5366,0.5238,0.5464,0.1638,92
1,1,3,23,0,2,1,1,0.3647,0.3769,0.4697,0.1536,83
1,1,3,0,0,3,1,3,0.4491,0.4659,0.6075,0.2333,33
1,1,3,1,0,3,1,3,0.3996,0.4002,0.3532,0.3821,15
1,1,3,2,0,3,1,1,0.3994,0.4141,0.5609,0.0633,14
1,1,3,3,0,3,1,1,0.3433,0.3401,0.4137,0.5358,9
1,1,3,4,0,3,1,2,0.3437,0.3091,0.4934,0.2131,14
1,1,3,5,0,3,1,1,0.4034,0.4178,0.5314,0.287,61
1,1,3,6,0,3,1,2,0.3079,0.2982,0.6574,0.2586,144
1,1,3,7,0,3,1,1,0.3284,0.3236,0.3688,0.2087,295
1,1,3,8,0,3,1,2,0.3697,0.3122,0.3467,0.212,282
1,1,3,9,0,3,1,1,0.4555,0.4112,0.7059,0.3425,231
1,1,3,10,0,3,1,3,0.3743,0.3456,0.5298,0.2026,132
1,1,3,11,0,3,1,1,0.3732,0.3719,0.362,0.1244,226
1,1,3,12,0,3,1,1,0.2946,0.3353,0.5207,0.37,270
1,1,3,13,0,3,1,3,0.4874,0.4879,0.5138,0.5232,154
1,1,3,14,0,3,1,1,0.4462,0.42,0.5017,0.418,157
1,1,3,15,0,3,1,1,0.454,0.4033,0.5981,0.4529,226
1,1,3,16,0,3,1,1,0.267,0.2926,0.3672,0.4972,235
1,1,3,17,0,3,1,2,0.3933,0.3847,0.5757,0.3476,286
1,1,3,18,0,3,1,2,0.303,0.1934,0.5142,0.3435,313
1,1,3,19,0,3,1,2,0.4227,0.4344,0.5625,0.0911,178
1,1,3,20,1,3,0,1,0.3912,0.3844,0.6769,0.1056,78
1,1,3,21,0,3,1,1,0.405,0.3218,0.6908,0.2926,148
1,1,3,22,0,3,1,1,0.3185,0.3228,0.7599,0.0995,110
1,1,3,23,0,3,1,1,0.2959,0.2852,0.3405,0.1596,80
1,1,3,0,0,4,1,1,0.3279,0.2736,0.6121,0.1331,33
1,1,3,1,0,4,1,2,0.3943,0.4373,0.6617,0.46,14
1,1,3,2,0,4,1,2,0.3558,0.3527,0.4984,0.5136,8
1,1,3,3,0,4,1,2,0.3905,0.3579,0.5654,0.5354,11
1,1,3,4,0,4,1,2,0.3011,0.264,0.7282,0.2693,15
1,1,3,5,0,4,1,2,0.3723,0.3494,0.5437,0.4322,55
1,1,3,6,0,4,1,1,0.4704,0.4436,0.7241,0.1193,100
1,1,3,7,0,4,1,2,0.396,0.395,0.562,0.144,270
1,1,3,8,0,4,1,1,0.4004,0.3747,0.6231,0.4114,419
1,1,3,9,0,4,1,2,0.4009,0.37,0.6793,0.0506,214
1,1,3,10,1,4,0,1,0.3369,0.3263,0.4373,0.482,73
1,1,3,11,0,4,1,2,0.487,0.451,0.6197,0.4455,150
1,1,3,12,0,4,1,3,0.3977,0.3759,0.5105,0.5985,158
1,1,3,13,0,4,1,1,0.3851,0.4088,0.7142,0.3179,226
1,1,3,14,0,4,1,1,0.4208,0.3868,0.5318,0.3305,181
1,1,3,15,0,4,1,3,0.4386,0.4129,0.5302,0.226,171
1,1,3,16,0,4,1,1,0.2856,0.2484,0.4688,0.4004,286
1,1,3,17,0,4,1,1,0.3767,0.391,0.5641,0.72,362
1,1,3,18,0,4,1,1,0.5292,0.4521,0.6362,0.1247,395
1,1,3,19,0,4,1,1,0.4886,0.4393,0.5794,0.4522,268
1,1,3,20,0,4,1,2,0.3653,0.3684,0.8368,0.1109,162
1,1,3,21,0,4,1,2,0.4237,0.398,0.5179,0.164,137
1,1,3,22,0,4,1,2,0.3499,0.3589,0.4674,0.2068,108
1,1,3,23,0,4,1,2,0.3975,0.3718,0.5565,0.2379,72
1,1,3,0,0,5,0,2,0.3448,0.3074,0.6131,0.3874,21
1,1,3,1,0,5,0,2,0.3436,0.3227,0.419,0.2593,11
1,1,3,2,0,5,0,1,0.3354,0.2799,0.7293,0.2812,7
1,1,3,3,0,5,0,2,0.4946,0.4451,0.5414,0.6033,7
1,1,3,4,0,5,0,1,0.3432,0.3534,0.7757,0.4208,14
1,1,3,5,0,5,0,1,0.4568,0.4262,0.7323,0.0779,45
1,1,3,6,0,5,0,2,0.3466,0.3284,0.6515,0.2212,79
1,1,3,7,0,5,0,2,0.3386,0.3254,0.5696,0.3272,206
1,1,3,8,0,5,0,3,0.4041,0.3369,0.4508,0.489,209
1,1,3,9,0,5,0,2,0.2859,0.2249,0.4965,0.088,141
1,1,3,10,0,5,0,1,0.4234,0.4137,0.4431,0.3754,106
1,1,3,11,0,5,0,1,0.3673,0.3366,0.4379,0.4253,108
1,1,3,12,0,5,0,1,0.3383,0.3148,0.6067,0.1097,153
1,1,3,13,0,5,0,1,0.3233,0.3256,0.6113,0.1772,162
1,1,3,14,0,5,0,2,0.5148,0.4611,0.3854,0.1554,94
1,1,3,15,0,5,0,2,0.3744,0.3387,0.5136,0.2525,134
1,1,3,16,0,5,0,1,0.3715,0.3423,0.475,0.2782,175
1,1,3,17,0,5,0,1,0.438,0.4262,0.747,0.0569,224
1,1,3,18,0,5,0,1,0.3179,0.2913,0.3206,0.1265,246
1,1,3,19,0,5,0,2,0.4563,0.4145,0.8024,0.4457,140
1,1,3,20,0,5,0,1,0.3743,0.4064,0.6418,0.1401,126
1,1,3,21,0,5,0,1,0.28,0.2672,0.2649,0.4172,110
1,1,3,22,0,5,0,1,0.3397,0.3424,0.4952,0.1919,97
1,1,3,23,0,5,0,1,0.3002,0.2309,0.6258,0.2448,49
1,1,3,0,0,6,0,1,0.3867,0.3287,0.4902,0.1667,27
1,1,3,1,0,6,0,2,0.3254,0.3267,0.5392,0.2043,11
1,1,3,2,0,6,0,1,0.3177,0.2946,0.845,0.3213,8
1,1,3,3,0,6,0,1,0.4014,0.3698,0.5212,0.3367,8
1,1,3,4,0,6,0,1,0.3841,0.3363,0.4421,0.2245,13
1,1,3,5,0,6,0,1,0.4656,0.4716,0.6819,0.1522,51
1,1,3,6,0,6,0,3,0.4625,0.459,0.4036,0.2163,54
1,1,3,7,0,6,0,2,0.3853,0.3641,0.6563,0.1645,187
1,1,3,8,0,6,0,1,0.416,0.4025,0.642,0.2963,287
1,1,3,9,0,6,0,2,0.2824,0.2592,0.7911,0.1709,131
1,1,3,10,0,6,0,1,0.4297,0.3877,0.6217,0.2457,128
1,1,3,11,0,6,0,1,0.4097,0.3737,0.5439,0.1962,155
1,1,3,12,0,6,0,1,0.4478,0.4483,0.5684,0.2456,199
1,1,3,13,0,6,0,2,0.3595,0.3297,0.8285,0.2832,141
1,1,3,14,0,6,0,2,0.3601,0.3439,0.5795,0.619,93
1,1,3,15,0,6,0,1,0.3606,0.3297,0.5463,0.3377,161
1,1,3,16,0,6,0,2,0.4814,0.4855,0.5641,0.2942,203
1,1,3,17,0,6,0,1,0.4008,0.3612,0.629,0.5094,250
1,1,3,18,0,6,0,1,0.2763,0.3083,0.5268,0.3915,209
1,1,3,19,0,6,0,1,0.4261,0.3876,0.4479,0.1248,169
1,1,3,20,0,6,0,1,0.3485,0.3139,0.4914,0.1573,149
1,1,3,21,0,6,0,1,0.4569,0.4942,0.4657,0.4665,93
1,1,3,22,0,6,0,3,0.4187,0.3658,0.5535,0.3242,52
1,1,3,23,0,6,0,1,0.4678,0.4433,0.4983,0.2666,56
1,1,3,0,0,0,1,1,0.4578,0.4653,0.5502,0.391,34
1,1,3,1,0,0,1,1,0.4507,0.3819,0.5535,0.0546,20
1,1,3,2,0,0,1,1,0.4645,0.4491,0.6033,0.1507,13
1,1,3,3,0,0,1,1,0.4422,0.3739,0.4561,0.5135,9
1,1,3,4,0,0,1,1,0.3366,0.3208,0.7761,0.2616,20
1,1,3,5,0,0,1,1,0.3051,0.3509,0.7212,0.1319,63
1,1,3,6,0,0,1,1,0.327,0.2401,0.6365,0.3083,152
1,1,3,7,0,0,1,1,0.4363,0.4122,0.6601,0.0031,327
1,1,3,8,0,0,1,2,0.2295,0.2044,0.4354,0.1141,327
1,1,3,9,0,0,1,3,0.384,0.3346,0.5017,0.3276,153
1,1,3,10,0,0,1,1,0.3665,0.3023,0.5149,0.2431,155
1,1,3,11,0,0,1,2,0.4708,0.4802,0.4012,0.3641,202
1,1,3,12,0,0,1,2,0.3769,0.364,0.5263,0.0691,225
1,1,3,13,0,0,1,2,0.3593,0.2856,0.8444,0.3839,175
1,1,3,14,0,0,1,2,0.4772,0.4251,0.5845,0.3236,146
1,1,3,15,0,0,1,2,0.3787,0.3433,0.7554,0.3513,169
1,1,3,16,0,0,1,3,0.3674,0.3019,0.7474,0.5312,177
1,1,3,17,0,0,1,1,0.3509,0.336,0.4585,0.4764,338
1,1,3,18,0,0,1,2,0.4051,0.3925,0.5761,0.2431,251
1,1,3,19,0,0,1,2,0.3619,0.351,0.5241,0.5212,194
1,1,3,20,0,0,1,3,0.3622,0.4047,0.6835,0.1206,130
1,1,3,21,0,0,1,2,0.4866,0.4341,0.6281,0.2893,128
1,1,3,22,0,0,1,3,0.3885,0.3549,0.7716,0.3102,65
1,1,3,23,0,0,1,2,0.3537,0.3202,0.5965,0.1068,77
1,1,3,0,0,1,1,2,0.3196,0.3293,0.6707,0.1322,33
1,1,3,1,0,1,1,2,0.4032,0.4054,0.4943,0.2034,16
1,1,3,2,0,1,1,2,0.3501,0.2987,0.3956,0.143,9
1,1,3,3,0,1,1,2,0.3635,0.3887,0.652,0.1323,12
1,1,3,4,0,1,1,2,0.3297,0.286,0.5893,0.0308,16
1,1,3,5,0,1,1,1,0.4031,0.4085,0.6379,0.076,68
1,1,3,6,0,1,1,3,0.2981,0.307,0.7414,0.3684,84
1,1,3,7,0,1,1,2,0.4181,0.4091,0.6119,0.0932,289
1,1,3,8,0,1,1,2,0.351,0.3236,0.671,0.1744,354
1,1,3,9,0,1,1,1,0.4395,0.4082,0.6941,0.5593,250
1,1,3,10,0,1,1,1,0.4233,0.4165,0.5538,0.2247,179
1,1,3,11,0,1,1,1,0.3966,0.3925,0.4995,0.3408,199
1,1,3,12,0,1,1,1,0.4485,0.4474,0.8089,0.38,278
1,1,3,13,0,1,1,2,0.4983,0.4947,0.6178,0.6356,181
1,1,3,14,0,1,1,3,0.4781,0.4645,0.606,0.4734,92
1,1,3,15,0,1,1,2,0.2975,0.3251,0.4535,0.0815,217
1,1,3,16,0,1,1,1,0.3469,0.3116,0.6012,0.1865,262
1,1,3,17,0,1,1,3,0.3555,0.339,0.6102,0.2001,277
1,1,3,18,0,1,1,3,0.434,0.3955,0.4591,0.2854,228
1,1,3,19,0,1,1,2,0.3527,0.4084,0.6601,0.1124,140
1,1,3,20,0,1,1,1,0.35,0.3554,0.5408,0.2753,226
1,1,3,21,0,1,1,2,0.3379,0.3514,0.3063,0.3669,141
1,1,3,22,0,1,1,1,0.4102,0.4031,0.5086,0.3549,108
1,1,3,23,0,1,1,1,0.4337,0.4103,0.6877,0.2803,98
1,1,3,0,0,2,1,2,0.3087,0.3733,0.4636,0.2959,31
1,1,3,1,0,2,1,2,0.3575,0.3761,0.8615,0.193,16
1,1,3,2,0,2,1,1,0.2608,0.2382,0.6286,0.1652,11
1,1,3,3,0,2,1,3,0.2261,0.2066,0.8397,0.3469,8
1,1,3,4,0,2,1,3,0.4274,0.4127,0.439,0.2106,14
1,1,3,5,0,2,1,2,0.4156,0.3785,0.4261,0.2666,48
1,1,3,6,0,2,1,1,0.4055,0.3748,0.5426,0.1542,131
1,1,3,7,0,2,1,1,0.5046,0.4337,0.4191,0.5036,323
1,1,3,8,0,2,1,2,0.2762,0.1905,0.5165,0.505,283
1,1,3,9,0,2,1,2,0.2479,0.2948,0.7618,0.5722,192
1,1,3,10,0,2,1,2,0.3148,0.2839,0.5343,0.2721,149
1,1,3,11,0,2,1,1,0.2451,0.2237,0.3803,0.4574,148
1,1,3,12,0,2,1,1,0.3505,0.3351,0.6075,0.4812,239
1,1,3,13,0,2,1,1,0.4343,0.4334,0.73,0.1815,192
1,1,3,14,0,2,1,2,0.4142,0.4168,0.3468,0.2903,149
1,1,3,15,0,2,1,2,0.4654,0.473,0.4092,0.3754,183
1,1,3,16,0,2,1,1,0.4194,0.4157,0.578,0.2667,330
1,1,3,17,0,2,1,2,0.3652,0.3389,0.4276,0.0382,335
1,1,3,18,0,2,1,3,0.3567,0.3768,0.5512,0.4272,229
1,1,3,19,0,2,1,1,0.4241,0.3975,0.7442,0.7043,209
1,1,3,20,0,2,1,1,0.2864,0.303,0.526,0.3256,178
1,1,3,21,0,2,1,2,0.171,0.1163,0.6262,0.3173,143
1,1,3,22,0,2,1,3,0.4208,0.4388,0.6348,0.0762,77
1,1,3,23,0,2,1,1,0.4099,0.3626,0.4761,0.1125,74
1,1,3,0,0,3,1,1,0.5075,0.4386,0.4445,0.666,35
1,1,3,1,0,3,1,2,0.4464,0.3851,0.6905,0.5952,18
1,1,3,2,0,3,1,1,0.4193,0.4044,0.577,0.6586,10
1,1,3,3,0,3,1,3,0.3758,0.4256,0.5962,0.4837,10
1,1,3,4,0,3,1,2,0.3409,0.318,0.5668,0.4765,18
1,1,3,5,0,3,1,1,0.3781,0.3558,0.5557,0.3689,65
1,1,3,6,0,3,1,3,0.4645,0.4644,0.5944,0.5895,83
1,1,3,7,0,3,1,2,0.4301,0.3913,0.437,0.5191,241
1,1,3,8,0,3,1,2,0.4631,0.4354,0.6178,0.3441,307
1,1,3,9,0,3,1,1,0.4051,0.3744,0.4509,0.086,264
1,1,3,10,0,3,1,2,0.3347,0.377,0.8502,0.4666,141
1,1,3,11,0,3,1,3,0.4789,0.4572,0.6446,0.4527,144
1,1,3,12,0,3,1,1,0.4726,0.4714,0.605,0.2489,238
1,1,3,13,0,3,1,1,0.4107,0.3688,0.4433,0.6085,211
1,1,3,14,0,3,1,3,0.4366,0.3806,0.7036,0.1364,125
1,1,3,15,0,3,1,1,0.4327,0.431,0.5142,0.0911,187
1,1,3,16,0,3,1,1,0.3649,0.3542,0.6437,0.2438,288
1,1,3,17,0,3,1,1,0.3795,0.3914,0.4909,0.2511,329
1,1,3,18,0,3,1,2,0.334,0.2907,0.3413,0.388,222
1,1,3,19,0,3,1,2,0.3792,0.3575,0.7561,0.2787,159
1,1,3,20,0,3,1,1,0.4698,0.4077,0.6406,0.3093,159
1,1,3,21,0,3,1,1,0.4565,0.4189,0.5241,0.1015,186
1,1,3,22,0,3,1,2,0.4368,0.3716,0.8071,0.2082,85
1,1,3,23,0,3,1,2,0.4648,0.433,0.5689,0.2313,70
1,1,3,0,0,4,1,1,0.3763,0.3967,0.7161,0.7371,43
1,1,3,1,0,4,1,1,0.3198,0.278,0.3749,0.1776,17
1,1,3,2,0,4,1,2,0.3909,0.3452,0.5316,0.3208,9
1,1,3,3,0,4,1,1,0.3964,0.3716,0.5359,0.5472,13
1,1,3,4,0,4,1,1,0.4492,0.4212,0.4525,0.6616,20
1,1,3,5,0,4,1,3,0.4377,0.4389,0.4648,0.3842,46
1,1,3,6,0,4,1,3,0.4726,0.41,0.5888,0.2237,90
1,1,3,7,0,4,1,1,0.2608,0.1727,0.55,0.1901,341
1,1,3,8,0,4,1,3,0.346,0.3306,0.5474,0.1959,251
1,1,3,9,0,4,1,2,0.3955,0.4264,0.5097,0.2295,183
1,1,3,10,0,4,1,3,0.4354,0.4079,0.6934,0.2621,151
1,1,3,11,0,4,1,3,0.5485,0.5329,0.4215,0.4401,157
1,1,3,12,0,4,1,2,0.3335,0.3144,0.5774,0.3876,241
1,1,3,13,0,4,1,1,0.3522,0.357,0.5168,0.1164,179
1,1,3,14,0,4,1,1,0.3723,0.3448,0.5073,0.2064,161
1,1,3,15,0,4,1,2,0.3497,0.33,0.3095,0.232,147
1,1,3,16,0,4,1,1,0.3397,0.3719,0.5661,0.1473,289
1,1,3,17,0,4,1,2,0.4051,0.4192,0.4973,0.3255,373
1,1,3,18,0,4,1,1,0.4707,0.4265,0.6042,0.3505,311
1,1,3,19,0,4,1,2,0.4102,0.3698,0.9397,0.5627,202
1,1,3,20,0,4,1,3,0.3417,0.3067,0.5916,0.153,145
1,1,3,21,0,4,1,1,0.3882,0.335,0.6267,0.2168,156
1,1,3,22,0,4,1,2,0.3292,0.2962,0.4769,0.4169,93
1,1,3,23,0,4,1,2,0.4707,0.4435,0.5918,0.0801,64
1,1,3,0,0,5,0,2,0.5091,0.4604,0.5573,0.3311,22
1,1,3,1,0,5,0,3,0.2945,0.2951,0.4716,0.183,10
1,1,3,2,0,5,0,2,0.4221,0.3508,0.4615,0.2639,7
1,1,3,3,0,5,0,1,0.3516,0.2987,0.6277,0.1821,9
1,1,3,4,0,5,0,2,0.4105,0.4098,0.49,0.1497,11
1,1,3,5,0,5,0,2,0.4001,0.4371,0.4577,0.2527,38
1,1,3,6,0,5,0,1,0.3122,0.3042,0.729,0.3755,88
1,1,3,7,0,5,0,2,0.4907,0.4412,0.7543,0.2004,188
1,1,3,8,0,5,0,2,0.3955,0.3423,0.4593,0.1639,208
1,1,3,9,0,5,0,1,0.3732,0.3433,0.6976,0.0557,167
1,1,3,10,0,5,0,1,0.4143,0.4315,0.374,0.3041,119
1,1,3,11,0,5,0,1,0.3452,0.3433,0.4565,0.1073,160
1,1,3,12,0,5,0,1,0.3933,0.3365,0.4249,0.3225,147
1,1,3,13,0,5,0,2,0.2775,0.2745,0.5106,0.1878,111
1,1,3,14,1,5,0,1,0.2411,0.2721,0.5706,0.3495,79
1,1,3,15,0,5,0,2,0.3382,0.3567,0.4199,0.2657,110
1,1,3,16,0,5,0,3,0.3689,0.3903,0.5183,0.3957,135
1,1,3,17,0,5,0,2,0.2831,0.293,0.457,0.2876,194
1,1,3,18,0,5,0,2,0.3713,0.3143,0.5986,0.2659,193
1,1,3,19,0,5,0,3,0.3688,0.3261,0.5847,0.155,124
1,1,3,20,0,5,0,1,0.4018,0.4339,0.7372,0.1479,143
1,1,3,21,0,5,0,1,0.4491,0.4164,0.3607,0.2653,95
1,1,3,22,0,5,0,1,0.526,0.4428,0.7064,0.1149,74
1,1,3,23,0,5,0,1,0.4361,0.4325,0.7069,0.3383,62
1,1,3,0,0,6,0,1,0.3415,0.3563,0.5057,0.3499,31
1,1,3,1,0,6,0,2,0.457,0.4318,0.526,0.3942,10
1,1,3,2,0,6,0,1,0.5084,0.4995,0.6097,0.1455,9
1,1,3,3,0,6,0,1,0.3319,0.2905,0.6911,0.2178,7
1,1,3,4,0,6,0,1,0.3358,0.3051,0.3239,0.2258,13
1,1,3,5,0,6,0,1,0.3109,0.2411,0.5148,0.1661,46
1,1,3,6,0,6,0,2,0.3708,0.3201,0.6225,0.2855,74
1,1,3,7,0,6,0,1,0.4365,0.4578,0.5785,0.4613,235
1,1,3,8,0,6,0,1,0.5142,0.389,0.5733,0.1102,219
1,1,3,9,0,6,0,1,0.4728,0.4375,0.3748,0.236,180
1,1,3,10,0,6,0,2,0.4373,0.3995,0.5105,0.2183,106
1,1,3,11,0,6,0,1,0.4136,0.4107,0.5235,0.0339,162
1,1,3,12,0,6,0,2,0.4378,0.3519,0.4635,0.3732,128
1,1,3,13,0,6,0,2,0.4419,0.3969,0.7036,0.6046,96
1,1,3,14,1,6,0,2,0.5016,0.4589,0.5256,0.1197,60
1,1,3,15,0,6,0,1,0.4089,0.4006,0.4677,0.297,196
1,1,3,16,0,6,0,2,0.4287,0.407,0.8057,0.5533,150
1,1,3,17,0,6,0,1,0.3818,0.313,0.6242,0.2772,227
1,1,3,18,0,6,0,2,0.4183,0.3872,0.5898,0.2992,183
1,1,3,19,0,6,0,2,0.3924,0.3495,0.5548,0.3664,145
1,1,3,20,0,6,0,1,0.3271,0.3246,0.4896,0.1779,129
1,1,3,21,0,6,0,1,0.4715,0.4405,0.4699,0.175,110
1,1,3,22,0,6,0,2,0.5145,0.5413,0.4298,0.424,67
1,1,3,23,0,6,0,2,0.4077,0.3674,0.5304,0.1383,50
1,1,3,0,0,0,1,1,0.4379,0.3989,0.3886,0.2691,38
1,1,3,1,0,0,1,2,0.4749,0.4352,0.6785,0.3911,16
1,1,3,2,0,0,1,1,0.4046,0.3786,0.4896,0.2345,9
1,1,3,3,0,0,1,3,0.4279,0.4317,0.6733,0.0612,8
1,1,3,4,0,0,1,2,0.3994,0.3662,0.4702,0.3373,15
1,1,3,5,0,0,1,1,0.3761,0.3455,0.6168,0.1798,53
1,1,3,6,0,0,1,1,0.4511,0.4393,0.4018,0.499,133
1,1,3,7,0,0,1,1,0.4505,0.3996,0.4938,0.2982,283
1,1,3,8,0,0,1,2,0.4792,0.4742,0.5079,0.1512,293
1,1,3,9,0,0,1,1,0.4144,0.3823,0.6004,0.3174,263
1,1,3,10,0,0,1,1,0.3306,0.287,0.4196,0.175,168
1,1,3,11,0,0,1,2,0.4922,0.4124,0.7445,0.3213,193
1,1,3,12,0,0,1,1,0.3632,0.312,0.5676,0.116,240
1,1,3,13,0,0,1,1,0.362,0.3377,0.5626,0.0194,198
1,1,3,14,0,0,1,2,0.3774,0.3557,0.3959,0.6021,113
1,1,3,15,0,0,1,2,0.2926,0.2694,0.607,0.1701,216
1,1,3,16,0,0,1,2,0.3994,0.335,0.7018,0.3644,258
1,1,3,17,0,0,1,1,0.458,0.4287,0.4584,0.2487,333
1,1,3,18,0,0,1,2,0.3843,0.3185,0.4978,0.1986,349
1,1,3,19,0,0,1,2,0.5083,0.4448,0.5388,0.1682,172
1,1,3,20,0,0,1,1,0.5039,0.5113,0.5317,0.3645,192
1,1,3,21,0,0,1,3,0.4769,0.449,0.4557,0.4417,87
1,1,3,22,0,0,1,1,0.2792,0.2779,0.618,0.127,100
1,1,3,23,0,0,1,1,0.515,0.5312,0.711,0.2032,51
1,1,3,0,0,1,1,3,0.4023,0.3795,0.5616,0.2237,27
1,1,3,1,0,1,1,1,0.5364,0.5374,0.4618,0.3578,20
1,1,3,2,0,1,1,3,0.3766,0.3684,0.436,0.5197,8
1,1,3,3,0,1,1,1,0.4091,0.3661,0.8609,0.3356,12
1,1,3,4,0,1,1,1,0.4252,0.3986,0.5174,0.6121,18
1,1,3,5,0,1,1,1,0.3536,0.3124,0.6305,0.3795,63
1,1,3,6,0,1,1,1,0.3054,0.3075,0.3704,0.3117,148
1,1,3,7,0,1,1,3,0.251,0.2674,0.4795,0.1056,199
1,1,3,8,0,1,1,3,0.6256,0.5523,0.6995,0.0976,306
1,1,3,9,0,1,1,2,0.3021,0.2596,0.4645,0.4351,203
1,1,3,10,0,1,1,1,0.303,0.2762,0.4711,0.2398,150
1,1,3,11,0,1,1,1,0.4589,0.4105,0.6132,0.0618,224
1,1,3,12,0,1,1,1,0.3192,0.2952,0.491,0.115,212
1,1,3,13,0,1,1,1,0.3062,0.3008,0.6354,0.2298,201
1,1,3,14,0,1,1,1,0.2177,0.2444,0.4907,0.3606,177
1,1,3,15,0,1,1,1,0.4394,0.4012,0.5579,0.3542,226
1,1,3,16,0,1,1,1,0.344,0.3092,0.6481,0.2163,259
1,1,3,17,0,1,1,2,0.4639,0.4509,0.515,0.1268,325
1,1,3,18,0,1,1,1,0.4136,0.3903,0.4195,0.1134,376
1,1,3,19,0,1,1,1,0.4249,0.3558,0.5178,0.1214,250
1,1,3,20,0,1,1,1,0.3871,0.3409,0.4509,0.2967,182
1,1,3,21,0,1,1,2,0.3996,0.368,0.5108,0.2417,151
1,1,3,22,0,1,1,2,0.3562,0.3607,0.571,0.2643,105
1,1,3,23,0,1,1,1,0.3629,0.3769,0.5709,0.37,77
1,1,3,0,0,2,1,3,0.3465,0.2962,0.6787,0.2916,21
1,1,3,1,0,2,1,2,0.5291,0.4784,0.4762,0.3896,16
1,1,3,2,0,2,1,1,0.3954,0.4004,0.5677,0.3647,11
1,1,3,3,0,2,1,1,0.2646,0.2364,0.7343,0.2666,10
1,1,3,4,0,2,1,3,0.4413,0.4288,0.6091,0.1807,14
1,1,3,5,0,2,1,1,0.3669,0.3416,0.6835,0.4401,63
1,1,3,6,0,2,1,1,0.42,0.3988,0.5634,0.3931,163
1,1,3,7,0,2,1,2,0.4043,0.3704,0.6667,0.1137,291
1,1,3,8,0,2,1,1,0.5275,0.5334,0.5481,0.2404,340
1,1,3,9,0,2,1,2,0.3963,0.3287,0.4011,0.2308,187
1,1,3,10,0,2,1,2,0.4803,0.4432,0.6477,0.4351,134
1,1,3,11,0,2,1,2,0.4729,0.4787,0.6144,0.4227,156
1,1,3,12,0,2,1,2,0.3275,0.3035,0.5749,0.3448,224
1,1,3,13,0,2,1,2,0.4363,0.4098,0.4565,0.3073,169
1,1,3,14,0,2,1,1,0.3701,0.3789,0.7569,0.1789,147
1,1,3,15,0,2,1,3,0.3385,0.3341,0.6656,0.253,149
1,1,3,16,0,2,1,1,0.3388,0.3458,0.4941,0.4815,328
1,1,3,17,0,2,1,1,0.4806,0.491,0.7409,0.2404,387
1,1,3,18,0,2,1,4,0.6082,0.5329,0.7344,0.2885,168
1,1,3,19,0,2,1,3,0.3668,0.3332,0.546,0.1296,215
1,1,3,20,0,2,1,2,0.4383,0.3901,0.4675,0.132,166
1,1,3,21,0,2,1,2,0.4449,0.4307,0.6268,0.2,135
1,1,3,22,0,2,1,1,0.3861,0.3963,0.5468,0.3008,117
1,1,3,23,0,2,1,2,0.5217,0.4189,0.8933,0.4335,76
1,1,3,0,0,3,1,1,0.5812,0.503,0.4464,0.377,37
1,1,3,1,0,3,1,1,0.3856,0.3024,0.758,0.2121,18
1,1,3,2,0,3,1,1,0.5488,0.4937,0.5213,0.3571,13
1,1,3,3,0,3,1,3,0.3892,0.3687,0.5421,0.0745,10
1,1,3,4,0,3,1,3,0.3595,0.3877,0.4692,0.443,13
1,1,3,5,0,3,1,3,0.4177,0.3551,0.5844,0.2043,39
1,1,3,6,0,3,1,2,0.4883,0.5331,0.4654,0.182,123
1,1,3,7,0,3,1,1,0.4201,0.4123,0.5424,0.0619,230
1,1,3,8,0,3,1,1,0.4791,0.4693,0.4187,0.4127,354
1,1,3,9,0,3,1,1,0.4433,0.4399,0.3305,0.1744,199
1,1,3,10,0,3,1,1,0.5221,0.4509,0.5428,0.0476,148
1,1,3,11,0,3,1,2,0.4646,0.4209,0.7265,0.0296,156
1,1,3,12,0,3,1,1,0.5346,0.4744,0.5995,0.3323,246
1,1,3,13,0,3,1,3,0.3674,0.3656,0.5491,0.3877,129
1,1,3,14,0,3,1,1,0.4132,0.3625,0.8832,0.1152,149
1,1,3,15,0,3,1,1,0.4273,0.3966,0.2909,0.0725,219
1,1,3,16,0,3,1,2,0.3677,0.3263,0.6033,0.2471,238
1,1,3,17,0,3,1,2,0.3569,0.379,0.4638,0.3189,319
1,1,3,18,0,3,1,1,0.4542,0.4102,0.5745,0.5628,321
1,1,3,19,0,3,1,2,0.474,0.4143,0.4751,0.1582,208
1,1,3,20,0,3,1,2,0.4353,0.425,0.4885,0.5231,166
1,1,3,21,0,3,1,1,0.5016,0.4716,0.6019,0.4449,137
1,1,3,22,0,3,1,1,0.3502,0.3718,0.5469,0.4929,103
1,1,3,23,0,3,1,3,0.4001,0.3863,0.4815,0.3734,53
1,1,3,0,0,4,1,1,0.3491,0.3369,0.4078,0.3467,41
1,1,3,1,0,4,1,1,0.4415,0.4428,0.6606,0.1716,19
1,1,3,2,0,4,1,1,0.4659,0.4534,0.5405,0.1446,10
1,1,3,3,0,4,1,2,0.5257,0.5201,0.4211,0.3945,11
1,1,3,4,0,4,1,3,0.3493,0.3501,0.365,0.1642,12
1,1,3,5,0,4,1,1,0.4578,0.4221,0.6018,0.2136,62
1,1,3,6,0,4,1,2,0.5323,0.4666,0.5314,0.1418,104
1,1,3,7,0,4,1,2,0.3616,0.3352,0.5891,0.1518,198
1,1,3,8,0,4,1,1,0.3452,0.2647,0.8731,0.5262,341
1,1,3,9,0,4,1,2,0.3285,0.287,0.6657,0.1701,216
1,1,3,10,0,4,1,3,0.4754,0.4368,0.5646,0.3583,101
1,1,3,11,0,4,1,3,0.3809,0.3978,0.3672,0.3579,139
1,1,3,12,0,4,1,2,0.4652,0.4344,0.7642,0.6861,209
1,1,3,13,0,4,1,1,0.4166,0.4454,0.578,0.5233,209
1,1,3,14,0,4,1,1,0.5578,0.5411,0.8626,0.4244,238
1,1,3,15,0,4,1,1,0.4869,0.4107,0.4716,0.2899,227
1,1,3,16,0,4,1,2,0.3755,0.3881,0.4144,0.1679,255
1,1,3,17,0,4,1,1,0.4106,0.4184,0.7416,0.2334,350
1,1,3,18,0,4,1,2,0.4869,0.4093,0.5992,0.6386,237
1,1,3,19,0,4,1,2,0.3569,0.3579,0.7189,0.279,211
1,1,3,20,0,4,1,1,0.5145,0.5291,0.4228,0.2205,208
1,1,3,21,0,4,1,3,0.4142,0.3263,0.4213,0.1644,88
1,1,3,22,0,4,1,1,0.4883,0.4287,0.4465,0.5083,104
1,1,3,23,0,4,1,1,0.418,0.4227,0.2365,0.0932,68
1,1,3,0,0,5,0,2,0.3994,0.3712,0.5073,0.1179,20
1,1,3,1,0,5,0,1,0.3879,0.4101,0.3453,0.1064,16
1,1,3,2,0,5,0,1,0.5573,0.5551,0.5791,0.3619,8
1,1,3,3,0,5,0,3,0.4154,0.417,0.5585,0.1642,7
1,1,3,4,0,5,0,3,0.6517,0.6516,0.4626,0.3319,11
1,1,3,5,0,5,0,2,0.4466,0.3972,0.6313,0.1347,32
1,1,3,6,0,5,0,1,0.3765,0.3459,0.5891,0.0383,95
1,1,3,7,0,5,0,1,0.3251,0.3647,0.7296,0.4082,233
1,1,3,8,0,5,0,1,0.5223,0.4832,0.7917,0.1784,239
1,1,3,9,0,5,0,1,0.4225,0.4317,0.586,0.1797,166
1,1,3,10,0,5,0,3,0.4936,0.4605,0.622,0.2577,79
1,1,3,11,0,5,0,1,0.5986,0.5432,0.6401,0.2641,137
1,1,3,12,0,5,0,2,0.4828,0.4266,0.8013,0.1433,156
1,1,3,13,0,5,0,1,0.4596,0.4508,0.401,0.2443,147
1,1,3,14,0,5,0,2,0.5219,0.5324,0.5018,0.3119,94
1,1,3,15,0,5,0,1,0.4923,0.4799,0.4045,0.1583,156
1,1,3,16,0,5,0,1,0.3476,0.3354,0.4946,0.3772,223
1,1,3,17,0,5,0,1,0.5293,0.4659,0.5236,0.737,175
1,1,3,18,0,5,0,3,0.4328,0.4087,0.4648,0.2531,142
1,1,3,19,0,5,0,2,0.5439,0.5197,0.6202,0.393,130
1,1,3,20,0,5,0,2,0.4715,0.4191,0.6304,0.3817,123
1,1,3,21,0,5,0,1,0.5194,0.504,0.5692,0.0831,116
1,1,3,22,0,5,0,2,0.4203,0.3762,0.6088,0.3654,65
1,1,3,23,0,5,0,2,0.3298,0.2991,0.783,0.4292,36
1,1,3,0,0,6,0,1,0.4798,0.4766,0.6132,0.2723,32
1,1,3,1,0,6,0,2,0.5087,0.5288,0.4101,0.1594,10
1,1,3,2,1,6,0,3,0.4013,0.4242,0.4748,0.1211,3
1,1,3,3,0,6,0,3,0.4261,0.3981,0.4657,0.622,3
1,1,3,4,0,6,0,4,0.2853,0.2851,0.7399,0.3287,6
1,1,3,5,0,6,0,2,0.4294,0.4246,0.5095,0.2119,33
1,1,3,6,0,6,0,1,0.3528,0.3516,0.4464,0.0579,92
1,1,3,7,0,6,0,1,0.4765,0.4542,0.4328,0.0892,238
1,1,3,8,0,6,0,1,0.4638,0.4771,0.501,0.1806,282
1,1,3,9,0,6,0,1,0.4414,0.3986,0.4962,0.5961,157
1,1,3,10,0,6,0,1,0.5329,0.4697,0.4783,0.0725,110
1,1,3,11,1,6,0,2,0.4572,0.4427,0.675,0.076,86
1,1,3,12,0,6,0,2,0.4539,0.4195,0.5349,0.1336,154
1,1,3,13,0,6,0,2,0.4628,0.4949,0.5603,0.2177,122
1,1,3,14,0,6,0,3,0.3995,0.3633,0.6597,0.2792,72
1,1,3,15,0,6,0,1,0.5097,0.513,0.6688,0.2472,153
1,1,3,16,0,6,0,1,0.3762,0.3693,0.4966,0.139,223
1,1,3,17,0,6,0,2,0.4699,0.4022,0.7147,0.2293,238
1,1,3,18,0,6,0,2,0.5256,0.5149,0.5672,0.2037,187
1,1,3,19,0,6,0,2,0.3685,0.3282,0.4992,0.2054,162
1,1,3,20,0,6,0,3,0.3464,0.3989,0.6794,0.1922,71
1,1,3,21,0,6,0,1,0.3672,0.323,0.6171,0.1006,107
1,1,3,22,0,6,0,2,0.5675,0.5092,0.6053,0.1875,81
1,1,3,23,1,6,0,3,0.3977,0.3101,0.5266,0.1556,23
2,1,4,0,0,0,1,1,0.3606,0.3174,0.5698,0.456,32
2,1,4,1,0,0,1,2,0.4703,0.4663,0.4823,0.4233,12
2,1,4,2,0,0,1,1,0.254,0.2081,0.5446,0.1143,11
2,1,4,3,0,0,1,1,0.3778,0.3721,0.5195,0.6436,10
2,1,4,4,0,0,1,1,0.5436,0.5219,0.5993,0.2416,20
2,1,4,5,0,0,1,2,0.3777,0.3274,0.7546,0.3169,51
2,1,4,6,0,0,1,2,0.4264,0.3993,0.5489,0.2106,123
2,1,4,7,0,0,1,3,0.4652,0.4115,0.6642,0.1239,227
2,1,4,8,0,0,1,2,0.4652,0.4655,0.586,0.5812,323
2,1,4,9,0,0,1,1,0.4073,0.3301,0.7077,0.6791,236
2,1,4,10,0,0,1,2,0.4829,0.4786,0.7744,0.2063,158
2,1,4,11,0,0,1,1,0.5459,0.4947,0.5086,0.3653,214
2,1,4,12,0,0,1,2,0.3703,0.3531,0.3651,0.3231,208
2,1,4,13,0,0,1,1,0.4107,0.4019,0.4205,0.4045,210
2,1,4,14,0,0,1,2,0.4373,0.4174,0.6882,0.3447,143
2,1,4,15,0,0,1,3,0.4936,0.5286,0.6082,0.4714,136
2,1,4,16,0,0,1,1,0.4469,0.4098,0.4527,0.1859,393
2,1,4,17,0,0,1,2,0.4357,0.3707,0.7623,0.0732,295
2,1,4,18,0,0,1,2,0.3362,0.3823,0.5318,0.2996,265
2,1,4,19,0,0,1,1,0.3653,0.356,0.5269,0.6796,201
2,1,4,20,0,0,1,1,0.4581,0.4376,0.5349,0.0258,254
2,1,4,21,0,0,1,2,0.4087,0.4533,0.7219,0.0237,143
2,1,4,22,0,0,1,1,0.4207,0.3583,0.4782,0.0163,139
2,1,4,23,0,0,1,1,0.4403,0.4137,0.7237,0.2753,96
2,1,4,0,0,1,1,2,0.6128,0.5476,0.6376,0.2897,35
2,1,4,1,0,1,1,2,0.4141,0.3881,0.7339,0.4714,17
2,1,4,2,0,1,1,1,0.546,0.4738,0.6619,0.6355,13
2,1,4,3,0,1,1,3,0.5409,0.5146,0.6122,0.3484,8
2,1,4,4,0,1,1,3,0.5052,0.4785,0.6536,0.0173,14
2,1,4,5,0,1,1,3,0.3896,0.3672,0.5812,0.2451,41
2,1,4,6,0,1,1,2,0.4585,0.3657,0.4854,0.2567,110
2,1,4,7,0,1,1,1,0.4216,0.4217,0.6494,0.4441,273
2,1,4,8,0,1,1,1,0.5899,0.5517,0.5614,0.351,371
2,1,4,9,0,1,1,3,0.4777,0.5308,0.7216,0.1661,172
2,1,4,10,0,1,1,3,0.434,0.3964,0.7173,0.3452,122
2,1,4,11,0,1,1,2,0.5739,0.5244,0.6401,0.4292,158
2,1,4,12,0,1,1,2,0.4242,0.4062,0.689,0.1178,206
2,1,4,13,0,1,1,1,0.4875,0.4244,0.6292,0.074,210
2,1,4,14,0,1,1,2,0.4981,0.5083,0.6303,0.3929,121
2,1,4,15,0,1,1,1,0.4732,0.4199,0.494,0.2869,213
2,1,4,16,0,1,1,2,0.4415,0.393,0.6004,0.203,222
2,1,4,17,0,1,1,2,0.5076,0.5059,0.6234,0.0372,389
2,1,4,18,0,1,1,2,0.4048,0.3909,0.6142,0.3817,276
2,1,4,19,0,1,1,1,0.5269,0.5063,0.6028,0.345,256
2,1,4,20,0,1,1,2,0.4292,0.367,0.5953,0.057,184
2,1,4,21,0,1,1,1,0.5426,0.5446,0.8198,0.506,128
2,1,4,22,0,1,1,1,0.5222,0.4651,0.5863,0.2465,120
2,1,4,23,0,1,1,1,0.4874,0.4113,0.6592,0.397,71
2,1,4,0,0,2,1,1,0.4469,0.4357,0.5738,0.3683,39
2,1,4,1,0,2,1,1,0.5304,0.4974,0.611,0.6753,17
2,1,4,2,0,2,1,1,0.4932,0.4614,0.4688,0.0858,11
2,1,4,3,0,2,1,1,0.2281,0.2367,0.5017,0.4889,9
2,1,4,4,0,2,1,1,0.396,0.3666,0.5133,0.1352,15
2,1,4,5,0,2,1,2,0.465,0.3893,0.4043,0.3843,54
2,1,4,6,0,2,1,2,0.4728,0.439,0.587,0.5059,104
2,1,4,7,0,2,1,1,0.5027,0.4862,0.4652,0.1839,319
2,1,4,8,0,2,1,1,0.5616,0.5389,0.4433,0.299,383
2,1,4,9,0,2,1,1,0.4943,0.4642,0.8309,0.1901,165
2,1,4,10,0,2,1,1,0.3073,0.3643,0.7113,0.283,154
2,1,4,11,0,2,1,2,0.4671,0.4935,0.8197,0.2833,190
2,1,4,12,0,2,1,3,0.5383,0.4754,0.566,0.6682,179
2,1,4,13,0,2,1,1,0.461,0.3969,0.5386,0.1081,217
2,1,4,14,0,2,1,1,0.4675,0.4839,0.623,0.282,149
2,1,4,15,0,2,1,1,0.4186,0.4297,0.6218,0.2736,230
2,1,4,16,0,2,1,1,0.5197,0.5381,0.5356,0.0417,350
2,1,4,17,0,2,1,3,0.4285,0.3938,0.4857,0.1529,267
2,1,4,18,0,2,1,2,0.4947,0.4652,0.6485,0.1408,271
2,1,4,19,0,2,1,2,0.4832,0.4057,0.3872,0.3917,180
2,1,4,20,0,2,1,3,0.457,0.4385,0.6472,0.4022,129
2,1,4,21,0,2,1,2,0.4871,0.4436,0.5413,0.0905,146
2,1,4,22,0,2,1,1,0.4673,0.4206,0.6707,0.4908,100
2,1,4,23,0,2,1,2,0.5426,0.5432,0.7061,0.356,67
2,1,4,0,0,3,1,2,0.5049,0.475,0.6461,0.3285,30
2,1,4,1,0,3,1,1,0.5303,0.5285,0.4371,0.341,18
2,1,4,2,0,3,1,2,0.4041,0.3806,0.3968,0.2761,12
2,1,4,3,0,3,1,2,0.3997,0.3961,0.3874,0.1787,8
2,1,4,4,0,3,1,1,0.4619,0.3994,0.5163,0.4383,19
2,1,4,5,0,3,1,2,0.51,0.4549,0.3982,0.7143,45
2,1,4,6,0,3,1,1,0.4947,0.4836,0.5681,0.1102,138
2,1,4,7,0,3,1,1,0.4049,0.4355,0.4658,0.39,310
2,1,4,8,0,3,1,1,0.5122,0.5006,0.5043,0.1188,416
2,1,4,9,0,3,1,2,0.4136,0.3934,0.5714,0.3039,195
2,1,4,10,0,3,1,3,0.5047,0.5245,0.6191,0.4672,109
2,1,4,11,0,3,1,2,0.4776,0.4472,0.4759,0.5372,181
2,1,4,12,0,3,1,2,0.4418,0.3958,0.5202,0.1254,197
2,1,4,13,0,3,1,1,0.42,0.3992,0.6138,0.491,199
2,1,4,14,0,3,1,2,0.4669,0.4547,0.5564,0.3808,149
2,1,4,15,0,3,1,1,0.4633,0.4022,0.5528,0.2716,185
2,1,4,16,0,3,1,1,0.3843,0.3689,0.6529,0.4265,280
2,1,4,17,0,3,1,2,0.4997,0.423,0.4633,0.117,273
2,1,4,18,0,3,1,1,0.5385,0.5026,0.6704,0.3094,337
2,1,4,19,0,3,1,3,0.5178,0.4872,0.8449,0.5289,161
2,1,4,20,0,3,1,1,0.4796,0.4546,0.6045,0.2916,210
2,1,4,21,0,3,1,2,0.426,0.346,0.517,0.1924,128
2,1,4,22,0,3,1,1,0.4666,0.4462,0.3969,0.157,108
2,1,4,23,0,3,1,2,0.4483,0.4521,0.5109,0.2292,61
2,1,4,0,0,4,1,2,0.4705,0.4892,0.614,0.3403,32
2,1,4,1,0,4,1,1,0.5274,0.5446,0.5564,0.2364,18
2,1,4,2,0,4,1,3,0.4543,0.4323,0.5638,0.2666,8
2,1,4,3,0,4,1,2,0.3332,0.3909,0.5571,0.1689,12
2,1,4,4,0,4,1,2,0.5178,0.4691,0.5107,0.041,15
2,1,4,5,0,4,1,2,0.4896,0.4433,0.5633,0.5182,45
2,1,4,6,0,4,1,1,0.4723,0.4493,0.4731,0.3754,136
2,1,4,7,0,4,1,2,0.3796,0.3855,0.5819,0.3248,226
2,1,4,8,0,4,1,1,0.4036,0.4027,0.5888,0.1523,417
2,1,4,9,0,4,1,2,0.4118,0.3201,0.7378,0.2953,149
2,1,4,10,1,4,0,1,0.421,0.371,0.4779,0.4872,72
2,1,4,11,0,4,1,2,0.4275,0.4292,0.6581,0.1448,144
2,1,4,12,0,4,1,3,0.3791,0.3335,0.6717,0.4108,164
2,1,4,13,0,4,1,3,0.6124,0.578,0.54,0.1387,141
2,1,4,14,0,4,1,2,0.567,0.5494,0.49,0.2708,134
2,1,4,15,0,4,1,2,0.4812,0.4717,0.7304,0.2127,174
2,1,4,16,0,4,1,2,0.4595,0.4623,0.414,0.373,237
2,1,4,17,0,4,1,1,0.5897,0.5983,0.4725,0.3106,368
2,1,4,18,0,4,1,2,0.5755,0.5657,0.4414,0.4406,281
2,1,4,19,0,4,1,2,0.41,0.3527,0.489,0.4278,176
2,1,4,20,0,4,1,1,0.4792,0.4728,0.5418,0.2052,242
2,1,4,21,0,4,1,2,0.4491,0.4591,0.7481,0.4949,109
2,1,4,22,0,4,1,1,0.443,0.4344,0.5195,0.1498,134
2,1,4,23,0,4,1,2,0.4502,0.4664,0.8225,0.4503,79
2,1,4,0,0,5,0,2,0.4601,0.4443,0.6781,0.1949,27
2,1,4,1,0,5,0,3,0.4809,0.453,0.5096,0.2799,9
2,1,4,2,0,5,0,1,0.4813,0.4318,0.511,0.0777,9
2,1,4,3,0,5,0,1,0.5668,0.5995,0.5936,0.1647,9
2,1,4,4,0,5,0,2,0.4096,0.3578,0.5793,0.4087,10
2,1,4,5,0,5,0,1,0.5338,0.507,0.4304,0.3604,31
2,1,4,6,0,5,0,1,0.3909,0.3606,0.4825,0.0897,103
2,1,4,7,0,5,0,2,0.4827,0.4185,0.3845,0.2594,194
2,1,4,8,0,5,0,3,0.5392,0.5388,0.7811,0.1917,188
2,1,4,9,0,5,0,2,0.506,0.4956,0.5869,0.3011,146
2,1,4,10,0,5,0,1,0.444,0.4291,0.5327,0.4314,117
2,1,4,11,0,5,0,1,0.4861,0.4429,0.4898,0.3881,167
2,1,4,12,0,5,0,2,0.5818,0.5696,0.5032,0.2524,102
2,1,4,13,0,5,0,2,0.4247,0.3956,0.3942,0.3858,159
2,1,4,14,0,5,0,3,0.5058,0.4949,0.5897,0.1177,82
2,1,4,15,0,5,0,1,0.5337,0.5501,0.6633,0.5542,127
2,1,4,16,0,5,0,2,0.439,0.3437,0.7582,0.1122,212
2,1,4,17,0,5,0,3,0.5876,0.5883,0.6653,0.7359,144
2,1,4,18,0,5,0,1,0.6113,0.6519,0.6599,0.085,270
2,1,4,19,0,5,0,3,0.5427,0.5672,0.71,0.14,150
2,1,4,20,0,5,0,1,0.5429,0.5389,0.5514,0.2446,149
2,1,4,21,0,5,0,2,0.3451,0.3646,0.4092,0.2926,103
2,1,4,22,0,5,0,1,0.3737,0.3295,0.6635,0.29,88
2,1,4,23,0,5,0,2,0.4602,0.4444,0.4844,0.6181,45
2,1,4,0,0,6,0,3,0.4244,0.3987,0.5594,0.4657,15
2,1,4,1,0,6,0,1,0.5142,0.4745,0.4488,0.4364,14
2,1,4,2,0,6,0,2,0.2711,0.2872,0.7086,0.4944,6
2,1,4,3,0,6,0,1,0.5138,0.4822,0.6722,0.577,8
2,1,4,4,0,6,0,1,0.4581,0.3796,0.4019,0.106,13
2,1,4,5,0,6,0,2,0.4325,0.424,0.5824,0.4583,39
2,1,4,6,0,6,0,2,0.6039,0.5729,0.6951,0.0566,75
2,1,4,7,0,6,0,1,0.4489,0.4472,0.555,0.487,214
2,1,4,8,0,6,0,1,0.3572,0.3271,0.5684,0.3097,263
2,1,4,9,0,6,0,1,0.5024,0.4256,0.6862,0.156,194
2,1,4,10,0,6,0,1,0.4972,0.4431,0.5384,0.3637,118
2,1,4,11,0,6,0,1,0.4582,0.4079,0.5599,0.0937,137
2,1,4,12,0,6,0,1,0.635,0.5724,0.6645,0.1851,157
2,1,4,13,0,6,0,2,0.4851,0.444,0.4493,0.5853,111
2,1,4,14,0,6,0,1,0.5415,0.5362,0.4882,0.4346,104
2,1,4,15,0,6,0,3,0.493,0.4269,0.3649,0.1788,114
2,1,4,16,0,6,0,1,0.5594,0.5579,0.8111,0.0472,199
2,1,4,17,0,6,0,2,0.4473,0.3868,0.5843,0.2332,182
2,1,4,18,0,6,0,1,0.396,0.3647,0.6962,0.2028,231
2,1,4,19,0,6,0,1,0.524,0.4968,0.427,0.2124,137
2,1,4,20,0,6,0,2,0.4914,0.4578,0.7189,0.4165,127
2,1,4,21,0,6,0,1,0.5261,0.5184,0.5348,0.4868,97
2,1,4,22,0,6,0,1,0.4272,0.4026,0.7354,0.1664,98
2,1,4,23,0,6,0,1,0.504,0.4741,0.546,0.0856,62
2,1,4,0,0,0,1,2,0.3631,0.2737,0.4402,0.5151,30
2,1,4,1,0,0,1,1,0.4411,0.4311,0.7006,0.5429,20
2,1,4,2,0,0,1,1,0.4254,0.4605,0.5774,0.4356,9
2,1,4,3,0,0,1,1,0.5094,0.4692,0.4295,0.4627,11
2,1,4,4,0,0,1,2,0.4408,0.4386,0.3728,0.2716,16
2,1,4,5,0,0,1,4,0.3786,0.335,0.6201,0.2066,30
2,1,4,6,0,0,1,1,0.4349,0.4427,0.5669,0.1636,120
2,1,4,7,0,0,1,1,0.5166,0.5063,0.595,0.0349,328
2,1,4,8,0,0,1,2,0.4839,0.4487,0.5983,0.3496,350
2,1,4,9,0,0,1,3,0.4225,0.3884,0.5531,0.1867,165
2,1,4,10,0,0,1,1,0.5335,0.5261,0.6158,0.097,181
2,1,4,11,0,0,1,2,0.5843,0.5563,0.6568,0.3457,166
2,1,4,12,0,0,1,2,0.5383,0.4745,0.5524,0.3254,211
2,1,4,13,0,0,1,1,0.3132,0.2517,0.6326,0.4018,171
2,1,4,14,0,0,1,2,0.4913,0.4844,0.6389,0.3721,133
2,1,4,15,0,0,1,2,0.4648,0.4186,0.6986,0.0334,154
2,1,4,16,0,0,1,1,0.3322,0.3167,0.3023,0.301,281
2,1,4,17,0,0,1,1,0.3844,0.3828,0.5187,0.4375,391
2,1,4,18,0,0,1,1,0.5306,0.468,0.6364,0.1923,312
2,1,4,19,0,0,1,1,0.4877,0.4329,0.8217,0.3901,218
2,1,4,20,0,0,1,2,0.4803,0.505,0.712,0.3935,154
2,1,4,21,0,0,1,2,0.4292,0.3954,0.7145,0.2755,129
2,1,4,22,0,0,1,2,0.5505,0.5535,0.8891,0.2446,95
2,1,4,23,0,0,1,2,0.3886,0.4444,0.56,0.3579,58
2,1,4,0,0,1,1,1,0.4168,0.4032,0.8189,0.3137,30
2,1,4,1,0,1,1,1,0.4567,0.408,0.6523,0.3147,19
2,1,4,2,0,1,1,2,0.3722,0.3574,0.4527,0.5441,10
2,1,4,3,0,1,1,1,0.4173,0.3907,0.3651,0.1043,11
2,1,4,4,0,1,1,1,0.5533,0.5276,0.5431,0.1628,18
2,1,4,5,0,1,1,2,0.4199,0.4204,0.6497,0.4282,46
2,1,4,6,0,1,1,2,0.5336,0.5319,0.5385,0.177,106
2,1,4,7,0,1,1,1,0.5234,0.4371,0.5845,0.4507,310
2,1,4,8,0,1,1,2,0.4672,0.4795,0.8004,0.1899,303
2,1,4,9,0,1,1,1,0.3797,0.3689,0.5758,0.4906,273
2,1,4,10,0,1,1,2,0.4834,0.442,0.8061,0.024,157
2,1,4,11,0,1,1,2,0.3312,0.3367,0.6632,0.2003,152
2,1,4,12,0,1,1,2,0.442,0.3883,0.6982,0.2242,221
2,1,4,13,0,1,1,1,0.496,0.4411,0.5433,0.246,181
2,1,4,14,0,1,1,2,0.5399,0.5446,0.5615,0.1487,145
2,1,4,15,0,1,1,1,0.4684,0.447,0.5724,0.4015,175
2,1,4,16,0,1,1,2,0.4364,0.4616,0.5598,0.2083,196
2,1,4,17,0,1,1,3,0.4308,0.3887,0.6484,0.089,310
2,1,4,18,0,1,1,1,0.4462,0.4326,0.7252,0.4538,285
2,1,4,19,0,1,1,2,0.5227,0.5082,0.8659,0.4298,187
2,1,4,20,0,1,1,1,0.5035,0.4905,0.4865,0.3063,166
2,1,4,21,0,1,1,2,0.4774,0.4722,0.5702,0.2717,123
2,1,4,22,0,1,1,2,0.5231,0.5107,0.6897,0.1908,103
2,1,4,23,0,1,1,1,0.479,0.4556,0.5777,0.1239,69
2,1,4,0,0,2,1,2,0.3898,0.3121,0.415,0.1389,31
2,1,4,1,0,2,1,3,0.4055,0.4112,0.6658,0.1301,13
2,1,4,2,0,2,1,2,0.5254,0.4279,0.4741,0.2623,7
2,1,4,3,0,2,1,3,0.3871,0.3307,0.594,0.2824,9
2,1,4,4,0,2,1,1,0.4566,0.4126,0.7769,0.1108,22
2,1,4,5,0,2,1,4,0.4753,0.4786,0.6551,0.1551,31
2,1,4,6,0,2,1,1,0.4109,0.3837,0.6461,0.0106,152
2,1,4,7,1,2,0,1,0.3665,0.4044,0.7496,0.2959,144
2,1,4,8,0,2,1,1,0.401,0.3394,0.5555,0.1031,318
2,1,4,9,0,2,1,1,0.3566,0.3058,0.6115,0.3156,134
2,1,4,10,0,2,1,2,0.5261,0.4323,0.5491,0.3175,152
2,1,4,11,0,2,1,1,0.5111,0.4511,0.6647,0.3017,197
2,1,4,12,0,2,1,2,0.4301,0.3896,0.4107,0.3836,184
2,1,4,13,0,2,1,1,0.3875,0.4121,0.4639,0.0715,241
2,1,4,14,0,2,1,1,0.5649,0.568,0.5744,0.203,202
2,1,4,15,0,2,1,3,0.5141,0.4955,0.6428,0.3161,169
2,1,4,16,0,2,1,2,0.4398,0.4085,0.7989,0.1155,247
2,1,4,17,0,2,1,1,0.5664,0.561,0.4632,0.057,443
2,1,4,18,0,2,1,2,0.4929,0.5064,0.5627,0.0932,259
2,1,4,19,0,2,1,3,0.5055,0.4608,0.6011,0.0923,159
2,1,4,20,0,2,1,1,0.4103,0.3734,0.4325,0.1243,192
2,1,4,21,0,2,1,1,0.3771,0.3453,0.4806,0.1577,153
2,1,4,22,0,2,1,4,0.3733,0.3026,0.355,0.1954,70
2,1,4,23,0,2,1,1,0.6291,0.6339,0.6369,0.2272,82
2,1,4,0,0,3,1,1,0.4296,0.3906,0.474,0.1391,34
2,1,4,1,0,3,1,1,0.4921,0.4588,0.7179,0.3307,18
2,1,4,2,0,3,1,1,0.5197,0.5374,0.6208,0.167,12
2,1,4,3,0,3,1,3,0.4861,0.4456,0.5475,0.2726,8
2,1,4,4,0,3,1,3,0.4767,0.4909,0.4805,0.3318,12
2,1,4,5,0,3,1,2,0.4752,0.399,0.6166,0.3834,52
2,1,4,6,1,3,0,2,0.5211,0.5119,0.54,0.3096,48
2,1,4,7,0,3,1,2,0.4147,0.3806,0.6353,0.4067,206
2,1,4,8,0,3,1,2,0.4567,0.3865,0.7091,0.0666,331
2,1,4,9,0,3,1,2,0.3263,0.2759,0.4795,0.1596,202
2,1,4,10,0,3,1,3,0.3571,0.3435,0.5186,0.1922,127
2,1,4,11,0,3,1,1,0.3967,0.348,0.7241,0.3706,234
2,1,4,12,0,3,1,1,0.5473,0.5314,0.7374,0.2403,272
2,1,4,13,0,3,1,2,0.4684,0.4226,0.4548,0.3194,214
2,1,4,14,0,3,1,2,0.5363,0.4609,0.4699,0.2127,168
2,1,4,15,0,3,1,1,0.5145,0.5178,0.4686,0.3307,195
2,1,4,16,0,3,1,1,0.5057,0.4893,0.5991,0.4687,253
2,1,4,17,0,3,1,2,0.4214,0.3463,0.4036,0.1535,321
2,1,4,18,0,3,1,2,0.4928,0.4877,0.5746,0.3007,316
2,1,4,19,0,3,1,3,0.5053,0.4837,0.5658,0.1938,140
2,1,4,20,0,3,1,2,0.6416,0.5965,0.4969,0.4782,175
2,1,4,21,1,3,0,2,0.4633,0.4284,0.5814,0.2942,58
2,1,4,22,0,3,1,2,0.5388,0.552,0.5812,0.2225,95
2,1,4,23,0,3,1,2,0.4788,0.4645,0.5277,0.2461,67
2,1,4,0,0,4,1,1,0.4426,0.4621,0.7724,0.0806,37
2,1,4,1,0,4,1,1,0.5526,0.5393,0.5218,0.0854,22
2,1,4,2,0,4,1,1,0.6242,0.6,0.5758,0.4412,11
2,1,4,3,0,4,1,3,0.5101,0.4619,0.4984,0.278,8
2,1,4,4,0,4,1,3,0.444,0.4265,0.6871,0.2096,13
2,1,4,5,0,4,1,1,0.5245,0.5289,0.4346,0.0706,69
2,1,4,6,0,4,1,2,0.5113,0.4882,0.5885,0.0329,120
2,1,4,7,0,4,1,2,0.6469,0.6727,0.4619,0.2224,248
2,1,4,8,0,4,1,1,0.5437,0.5471,0.3649,0.053,339
2,1,4,9,0,4,1,1,0.4264,0.3691,0.4904,0.4757,224
2,1,4,10,0,4,1,3,0.581,0.5374,0.4945,0.1805,98
2,1,4,11,0,4,1,1,0.546,0.5389,0.6352,0.0336,232
2,1,4,12,1,4,0,2,0.5572,0.4836,0.4692,0.144,75
2,1,4,13,0,4,1,2,0.5229,0.4933,0.3217,0.2747,173
2,1,4,14,0,4,1,2,0.5623,0.5062,0.3321,0.2413,152
2,1,4,15,0,4,1,2,0.5226,0.4977,0.5902,0.25,131
2,1,4,16,0,4,1,2,0.474,0.4225,0.6268,0.2604,280
2,1,4,17,0,4,1,3,0.5012,0.5077,0.5918,0.4087,237
2,1,4,18,0,4,1,1,0.4836,0.4442,0.5197,0.5206,328
2,1,4,19,0,4,1,1,0.5157,0.5098,0.6087,0.0968,242
2,1,4,20,0,4,1,1,0.4973,0.4277,0.349,0.0775,228
2,1,4,21,0,4,1,2,0.4697,0.4371,0.3291,0.1797,145
2,1,4,22,0,4,1,2,0.4791,0.4167,0.3958,0.5757,82
2,1,4,23,0,4,1,2,0.4915,0.5027,0.5491,0.2862,69
2,1,4,0,0,5,0,1,0.3713,0.3295,0.6646,0.3709,28
2,1,4,1,0,5,0,2,0.5677,0.5367,0.45,0.1535,11
2,1,4,2,0,5,0,3,0.5204,0.5049,0.4636,0.3666,6
2,1,4,3,0,5,0,2,0.4532,0.4081,0.6466,0.2393,7
2,1,4,4,0,5,0,2,0.5374,0.4745,0.5207,0.4958,13
2,1,4,5,0,5,0,2,0.4604,0.443,0.5926,0.237,30
2,1,4,6,0,5,0,2,0.4604,0.3794,0.5827,0.1823,87
2,1,4,7,0,5,0,1,0.5222,0.5364,0.4213,0.0986,230
2,1,4,8,0,5,0,2,0.5961,0.5622,0.7861,0.2143,236
2,1,4,9,0,5,0,1,0.5156,0.4456,0.4648,0.5106,158
2,1,4,10,0,5,0,1,0.4417,0.4117,0.7986,0.4942,120
2,1,4,11,0,5,0,2,0.4714,0.4651,0.6364,0.2744,163
2,1,4,12,0,5,0,1,0.5554,0.5031,0.6036,0.3052,189
2,1,4,13,0,5,0,1,0.5243,0.4398,0.392,0.1283,174
2,1,4,14,0,5,0,2,0.5632,0.5313,0.6119,0.0465,85
2,1,4,15,0,5,0,2,0.5235,0.5202,0.5612,0.3278,136
2,1,4,16,0,5,0,1,0.55,0.5295,0.5436,0.6296,168
2,1,4,17,0,5,0,1,0.6369,0.6171,0.4146,0.4676,241
2,1,4,18,0,5,0,2,0.4013,0.41,0.676,0.1057,211
2,1,4,19,0,5,0,2,0.6645,0.6788,0.6814,0.2997,173
2,1,4,20,0,5,0,2,0.5616,0.4527,0.3655,0.4263,160
2,1,4,21,0,5,0,2,0.6797,0.606,0.4989,0.4363,80
2,1,4,22,0,5,0,2,0.4272,0.4108,0.5364,0.5897,60
2,1,4,23,0,5,0,1,0.5228,0.5049,0.6116,0.4744,62
2,1,4,0,0,6,0,2,0.5114,0.4393,0.5882,0.3164,23
2,1,4,1,0,6,0,1,0.5621,0.5105,0.5624,0.458,11
2,1,4,2,0,6,0,1,0.5331,0.5581,0.6293,0.2477,7
2,1,4,3,0,6,0,3,0.5253,0.4884,0.795,0.2385,6
2,1,4,4,0,6,0,3,0.5547,0.5333,0.5356,0.2829,10
2,1,4,5,0,6,0,1,0.4927,0.5218,0.6949,0.5133,40
2,1,4,6,0,6,0,1,0.4641,0.4437,0.7814,0.4534,64
2,1,4,7,0,6,0,3,0.532,0.529,0.7543,0.1476,132
2,1,4,8,0,6,0,1,0.464,0.4579,0.65,0.118,332
2,1,4,9,0,6,0,3,0.4914,0.4568,0.6495,0.5554,114
2,1,4,10,0,6,0,1,0.3993,0.3676,0.6226,0.3067,118
2,1,4,11,0,6,0,1,0.5041,0.5144,0.774,0.6054,138
2,1,4,12,0,6,0,1,0.4352,0.4132,0.5246,0.3433,190
2,1,4,13,0,6,0,2,0.4979,0.4428,0.5261,0.1733,160
2,1,4,14,0,6,0,1,0.4242,0.4355,0.4919,0.2432,95
2,1,4,15,0,6,0,1,0.4989,0.3883,0.8638,0.3888,159
2,1,4,16,0,6,0,3,0.5632,0.5824,0.7552,0.6035,131
2,1,4,17,0,6,0,1,0.4585,0.43,0.4986,0.2715,258
2,1,4,18,0,6,0,2,0.4349,0.4134,0.4265,0.3173,189
2,1,4,19,0,6,0,1,0.5549,0.5297,0.5472,0.4987,169
2,1,4,20,0,6,0,2,0.5642,0.5759,0.5795,0.2511,124
2,1,4,21,0,6,0,1,0.5299,0.5086,0.6016,0.3396,105
2,1,4,22,0,6,0,2,0.4676,0.4436,0.3864,0.1372,71
2,1,4,23,0,6,0,2,0.4561,0.4048,0.4823,0.4185,49
2,1,4,0,0,0,1,3,0.4812,0.4358,0.717,0.3384,27
2,1,4,1,0,0,1,3,0.5003,0.4945,0.6447,0.0521,14
2,1,4,2,0,0,1,1,0.3837,0.3711,0.4874,0.3928,11
2,1,4,3,0,0,1,1,0.4356,0.4644,0.6873,0.0301,14
2,1,4,4,0,0,1,1,0.592,0.5379,0.6885,0.362,17
2,1,4,5,0,0,1,2,0.519,0.4584,0.838,0.1763,54
2,1,4,6,0,0,1,1,0.5903,0.5698,0.5453,0.3885,139
2,1,4,7,0,0,1,2,0.5755,0.5442,0.4903,0.1629,290
2,1,4,8,0,0,1,3,0.4826,0.4225,0.5533,0.3503,292
2,1,4,9,0,0,1,1,0.4836,0.4439,0.6823,0.4691,197
2,1,4,10,0,0,1,1,0.5721,0.5646,0.4207,0.148,186
2,1,4,11,0,0,1,2,0.5575,0.4901,0.5717,0.4268,209
2,1,4,12,0,0,1,1,0.5735,0.5107,0.5759,0.2653,263
2,1,4,13,0,0,1,1,0.5035,0.4565,0.7306,0.2284,222
2,1,4,14,0,0,1,1,0.5144,0.4675,0.5067,0.6534,160
2,1,4,15,0,0,1,3,0.4865,0.486,0.5536,0.5028,125
2,1,4,16,0,0,1,2,0.5007,0.459,0.6339,0.0861,221
2,1,4,17,0,0,1,1,0.4564,0.4826,0.4974,0.3841,334
2,1,4,18,0,0,1,1,0.4992,0.4429,0.4756,0.2685,362
2,1,4,19,0,0,1,2,0.4932,0.4795,0.7959,0.4495,259
2,1,4,20,0,0,1,1,0.4723,0.4475,0.6381,0.5874,161
2,1,4,21,0,0,1,3,0.5598,0.5319,0.7171,0.1511,77
2,1,4,22,0,0,1,2,0.4057,0.3116,0.6584,0.7988,81
2,1,4,23,0,0,1,3,0.5281,0.4687,0.5571,0.3185,70
2,1,4,0,0,1,1,2,0.4441,0.4169,0.4987,0.153,41
2,1,4,1,0,1,1,3,0.4493,0.3677,0.5036,0.6279,11
2,1,4,2,0,1,1,2,0.4553,0.3448,0.4832,0.0046,10
2,1,4,3,0,1,1,2,0.5416,0.4775,0.4838,0.3792,10
2,1,4,4,0,1,1,1,0.3506,0.3432,0.4778,0.1718,21
2,1,4,5,0,1,1,2,0.5204,0.5087,0.6651,0.0692,54
2,1,4,6,0,1,1,2,0.5118,0.4495,0.4561,0.3787,130
2,1,4,7,0,1,1,1,0.4407,0.4126,0.7385,0.5176,315
2,1,4,8,0,1,1,2,0.5214,0.508,0.6619,0.3104,393
2,1,4,9,0,1,1,1,0.4237,0.4423,0.6521,0.0094,250
2,1,4,10,0,1,1,1,0.5056,0.5189,0.6,0.1978,200
2,1,4,11,0,1,1,1,0.4211,0.4273,0.6214,0.1602,206
2,1,4,12,0,1,1,1,0.6521,0.6034,0.5206,0.5097,238
2,1,4,13,0,1,1,1,0.5689,0.539,0.4702,0.2147,221
2,1,4,14,0,1,1,3,0.5259,0.5017,0.518,0.1131,129
2,1,4,15,0,1,1,2,0.4418,0.4132,0.414,0.0802,155
2,1,4,16,0,1,1,3,0.4893,0.4236,0.6264,0.4533,158
2,1,4,17,0,1,1,3,0.4922,0.5109,0.4516,0.1926,282
2,1,4,18,0,1,1,1,0.5256,0.5123,0.6496,0.361,427
2,1,4,19,0,1,1,2,0.5365,0.5358,0.653,0.1827,246
2,1,4,20,0,1,1,1,0.5244,0.518,0.6026,0.1395,220
2,1,4,21,0,1,1,3,0.5326,0.493,0.5106,0.3616,111
2,1,4,22,0,1,1,2,0.4967,0.4269,0.4699,0.2042,100
2,1,4,23,0,1,1,1,0.5326,0.5285,0.4843,0.3379,73
2,1,4,0,0,2,1,1,0.4681,0.4653,0.4607,0.6681,36
2,1,4,1,0,2,1,2,0.4384,0.4251,0.5702,0.2393,16
2,1,4,2,0,2,1,1,0.6421,0.6746,0.5584,0.3309,10
2,1,4,3,0,2,1,1,0.5419,0.4978,0.8004,0.0975,14
2,1,4,4,1,2,0,3,0.6392,0.5978,0.7946,0.2187,6
2,1,4,5,0,2,1,1,0.4936,0.4751,0.7548,0.3685,52
2,1,4,6,0,2,1,2,0.6815,0.6326,0.5477,0.1611,119
2,1,4,7,0,2,1,2,0.5184,0.4854,0.4018,0.129,242
2,1,4,8,0,2,1,1,0.593,0.5943,0.5937,0.3358,423
2,1,4,9,0,2,1,1,0.5151,0.4699,0.5419,0.5773,237
2,1,4,10,0,2,1,1,0.5243,0.4807,0.5762,0.6718,149
2,1,4,11,0,2,1,3,0.5047,0.4968,0.6234,0.3426,135
2,1,4,12,0,2,1,2,0.4783,0.4148,0.656,0.5336,172
2,1,4,13,1,2,0,1,0.5814,0.5499,0.3582,0.0978,97
2,1,4,14,0,2,1,2,0.5122,0.4825,0.7271,0.3405,151
2,1,4,15,0,2,1,1,0.5709,0.5612,0.6865,0.0083,235
2,1,4,16,0,2,1,1,0.5761,0.5714,0.5028,0.3796,242
2,1,4,17,0,2,1,1,0.6118,0.5764,0.6784,0.1216,354
2,1,4,18,0,2,1,2,0.5423,0.5126,0.5414,0.6047,278
2,1,4,19,0,2,1,1,0.407,0.3856,0.5758,0.6742,245
2,1,4,20,0,2,1,2,0.4904,0.4566,0.5539,0.206,160
2,1,4,21,0,2,1,1,0.511,0.5242,0.4847,0.5324,128
2,1,4,22,0,2,1,2,0.5137,0.503,0.421,0.1249,102
2,1,4,23,0,2,1,2,0.6051,0.6128,0.8996,0.2948,73
2,1,4,0,0,3,1,1,0.5965,0.5404,0.6472,0.3009,39
2,1,4,1,0,3,1,1,0.5068,0.519,0.5884,0.0541,19
2,1,4,2,0,3,1,2,0.6871,0.6563,0.7893,0.1946,10
2,1,4,3,0,3,1,1,0.4925,0.4884,0.37,0.4396,10
2,1,4,4,0,3,1,1,0.4982,0.416,0.5424,0.3609,15
2,1,4,5,0,3,1,2,0.4405,0.4673,0.4979,0.1035,51
2,1,4,6,0,3,1,2,0.4078,0.4006,0.5126,0.1533,105
2,1,4,7,0,3,1,2,0.4343,0.4685,0.5755,0.1228,314
2,1,4,8,0,3,1,1,0.5879,0.5919,0.5193,0.3054,401
2,1,4,9,0,3,1,1,0.5689,0.479,0.3582,0.5137,241
2,1,4,10,0,3,1,2,0.4551,0.478,0.45,0.1474,150
2,1,4,11,0,3,1,2,0.5239,0.5034,0.4614,0.1455,188
2,1,4,12,0,3,1,1,0.5734,0.564,0.5185,0.4921,258
2,1,4,13,0,3,1,1,0.3746,0.3721,0.4574,0.2576,191
2,1,4,14,0,3,1,1,0.641,0.606,0.5505,0.2568,174
2,1,4,15,0,3,1,1,0.5906,0.549,0.5542,0.1772,251
2,1,4,16,0,3,1,3,0.5737,0.5662,0.3133,0.3721,221
2,1,4,17,0,3,1,1,0.6011,0.5461,0.4431,0.109,311
2,1,4,18,0,3,1,2,0.374,0.3562,0.5978,0.1688,225
2,1,4,19,0,3,1,1,0.5017,0.5186,0.5585,0.3063,217
2,1,4,20,0,3,1,1,0.605,0.5382,0.3609,0.6137,148
2,1,4,21,0,3,1,2,0.5165,0.4847,0.6684,0.2566,137
2,1,4,22,0,3,1,2,0.5689,0.5755,0.6447,0.2151,102
2,1,4,23,0,3,1,1,0.6183,0.5629,0.8514,0.0981,80
2,1,4,0,0,4,1,1,0.5703,0.4846,0.7837,0.3486,40
2,1,4,1,0,4,1,1,0.5031,0.4184,0.4697,0.3903,20
2,1,4,2,0,4,1,1,0.5614,0.5192,0.5568,0.302,12
2,1,4,3,0,4,1,2,0.4041,0.4344,0.5759,0.1886,11
2,1,4,4,0,4,1,1,0.5554,0.5048,0.7251,0.5741,20
2,1,4,5,0,4,1,1,0.5736,0.5362,0.5378,0.2493,62
2,1,4,6,0,4,1,2,0.5317,0.5067,0.7336,0.1087,103
2,1,4,7,0,4,1,3,0.6024,0.6055,0.6061,0.3111,249
2,1,4,8,0,4,1,1,0.5406,0.5393,0.4763,0.2843,452
2,1,4,9,0,4,1,2,0.5314,0.5002,0.4306,0.1817,198
2,1,4,10,0,4,1,1,0.6494,0.6349,0.6942,0.59,148
2,1,4,11,0,4,1,1,0.454,0.4632,0.6882,0.2034,205
2,1,4,12,0,4,1,1,0.6185,0.5382,0.7033,0.144,244
2,1,4,13,0,4,1,2,0.613,0.571,0.2623,0.3607,220
2,1,4,14,0,4,1,1,0.5803,0.5152,0.5564,0.1607,154
2,1,4,15,0,4,1,3,0.4928,0.4463,0.7225,0.1778,170
2,1,4,16,0,4,1,1,0.5451,0.5373,0.4004,0.117,358
2,1,4,17,0,4,1,2,0.4648,0.4055,0.6403,0.2362,364
2,1,4,18,0,4,1,1,0.4817,0.5269,0.5056,0.3839,328
2,1,4,19,0,4,1,1,0.5303,0.5235,0.4591,0.4002,229
2,1,4,20,0,4,1,2,0.4592,0.4187,0.4848,0.0727,125
2,1,4,21,0,4,1,1,0.5048,0.4756,0.7617,0.1898,160
2,1,4,22,0,4,1,2,0.4439,0.3831,0.6795,0.0556,101
2,1,4,23,0,4,1,2,0.5668,0.4942,0.558,0.2933,62
2,1,4,0,0,5,0,2,0.6396,0.5961,0.8364,0.7245,20
2,1,4,1,0,5,0,2,0.679,0.6843,0.3573,0.2802,12
2,1,4,2,0,5,0,1,0.4529,0.388,0.4955,0.5441,5
2,1,4,3,0,5,0,2,0.4652,0.4789,0.7643,0.2072,8
2,1,4,4,0,5,0,2,0.5217,0.4901,0.5507,0.2159,11
2,1,4,5,0,5,0,2,0.5828,0.5608,0.5474,0.2563,36
2,1,4,6,0,5,0,2,0.5188,0.495,0.5578,0.1548,73
2,1,4,7,0,5,0,2,0.6006,0.5938,0.5174,0.4213,183
2,1,4,8,0,5,0,2,0.5704,0.5748,0.6837,0.089,292
2,1,4,9,0,5,0,1,0.4094,0.3825,0.4732,0.5961,170
2,1,4,10,0,5,0,1,0.5371,0.5255,0.895,0.2103,106
2,1,4,11,0,5,0,1,0.4464,0.4632,0.4026,0.3657,142
2,1,4,12,0,5,0,1,0.4936,0.4934,0.7753,0.5593,174
2,1,4,13,0,5,0,2,0.5043,0.4667,0.6714,0.5567,135
2,1,4,14,0,5,0,1,0.585,0.5499,0.4904,0.4443,112
2,1,4,15,0,5,0,1,0.5311,0.4749,0.6032,0.3766,165
2,1,4,16,0,5,0,3,0.5005,0.53,0.6737,0.0802,132
2,1,4,17,0,5,0,3,0.6798,0.655,0.6474,0.474,171
2,1,4,18,0,5,0,2,0.4705,0.4049,0.3441,0.6759,206
2,1,4,19,0,5,0,1,0.5532,0.5004,0.6187,0.3751,165
2,1,4,20,0,5,0,1,0.5798,0.5462,0.4057,0.4256,114
2,1,4,21,0,5,0,1,0.5448,0.5578,0.6981,0.8367,99
2,1,4,22,0,5,0,1,0.4701,0.4409,0.7007,0.3393,79
2,1,4,23,0,5,0,1,0.4666,0.4614,0.408,0.2836,43
2,1,4,0,0,6,0,2,0.5805,0.5301,0.3354,0.2807,25
2,1,4,1,0,6,0,1,0.6102,0.5991,0.536,0.3145,14
2,1,4,2,0,6,0,1,0.5334,0.5458,0.5436,0.4547,6
2,1,4,3,0,6,0,2,0.4448,0.4463,0.5735,0.627,7
2,1,4,4,0,6,0,1,0.5378,0.4372,0.6231,0.3839,14
2,1,4,5,0,6,0,1,0.6431,0.6064,0.554,0.4102,46
2,1,4,6,0,6,0,1,0.4666,0.4116,0.585,0.1049,101
2,1,4,7,0,6,0,1,0.5148,0.5092,0.4726,0.2732,206
2,1,4,8,0,6,0,2,0.5411,0.5162,0.4493,0.1903,234
2,1,4,9,0,6,0,1,0.6132,0.6339,0.645,0.5506,152
2,1,4,10,0,6,0,1,0.5,0.465,0.635,0.066,130
2,1,4,11,0,6,0,2,0.5709,0.5446,0.5297,0.0436,135
2,1,4,12,0,6,0,2,0.6344,0.599,0.4462,0.188,135
2,1,4,13,0,6,0,2,0.4333,0.4332,0.7589,0.1982,126
2,1,4,14,0,6,0,2,0.4453,0.3939,0.7779,0.3088,113
2,1,4,15,0,6,0,2,0.5305,0.474,0.7093,0.3138,129
2,1,4,16,0,6,0,1,0.6057,0.5585,0.6485,0.2302,169
2,1,4,17,0,6,0,2,0.5603,0.5499,0.4418,0.2263,251
2,1,4,18,0,6,0,1,0.6119,0.6125,0.7263,0.3372,213
2,1,4,19,0,6,0,1,0.4179,0.3942,0.642,0.2261,130
2,1,4,20,0,6,0,3,0.5612,0.5509,0.4497,0.1417,112
2,1,4,21,0,6,0,1,0.3378,0.3361,0.6572,0.6846,78
2,1,4,22,0,6,0,1,0.6299,0.5967,0.5113,0.3886,72
2,1,4,23,0,6,0,1,0.6203,0.5868,0.6721,0.2102,49
2,1,4,0,0,0,1,3,0.5181,0.5151,0.7102,0.3131,23
2,1,4,1,0,0,1,1,0.3794,0.4179,0.6352,0.552,14
2,1,4,2,0,0,1,3,0.5265,0.5298,0.4727,0.2428,8
2,1,4,3,0,0,1,1,0.6193,0.6244,0.647,0.1852,13
2,1,4,4,0,0,1,2,0.5701,0.6027,0.6402,0.5268,18
2,1,4,5,0,0,1,1,0.6705,0.6161,0.4887,0.2753,62
2,1,4,6,0,0,1,1,0.5203,0.5154,0.5319,0.367,128
2,1,4,7,0,0,1,1,0.6832,0.6927,0.8015,0.4646,309
2,1,4,8,0,0,1,1,0.3995,0.4077,0.7716,0.3522,433
2,1,4,9,0,0,1,1,0.4879,0.4455,0.5072,0.4519,204
2,1,4,10,0,0,1,1,0.4504,0.4039,0.3303,0.1673,168
2,1,4,11,0,0,1,2,0.5926,0.6119,0.7508,0.2871,226
2,1,4,12,0,0,1,2,0.4562,0.4459,0.8273,0.4909,203
2,1,4,13,0,0,1,1,0.6115,0.5901,0.7617,0.101,238
2,1,4,14,0,0,1,2,0.5891,0.5602,0.5303,0.2673,114
2,1,4,15,0,0,1,2,0.5536,0.5713,0.6533,0.2492,153
2,1,4,16,0,0,1,3,0.5331,0.5356,0.4619,0.6785,222
2,1,4,17,0,0,1,1,0.4672,0.4383,0.7026,0.0484,402
2,1,4,18,0,0,1,1,0.583,0.5812,0.503,0.1236,238
2,1,4,19,0,0,1,3,0.5052,0.4853,0.4966,0.1482,171
2,1,4,20,0,0,1,3,0.5943,0.5907,0.5626,0.3697,142
2,1,4,21,1,0,0,3,0.6454,0.6538,0.5056,0.1448,39
2,1,4,22,0,0,1,2,0.5189,0.53,0.661,0.182,90
2,1,4,23,0,0,1,2,0.6329,0.5495,0.4704,0.0054,66
2,1,4,0,0,1,1,3,0.5578,0.5454,0.8836,0.1388,28
2,1,4,1,0,1,1,2,0.5863,0.6013,0.6392,0.0755,16
2,1,4,2,0,1,1,1,0.452,0.4078,0.5312,0.3554,12
2,1,4,3,0,1,1,3,0.4965,0.5313,0.456,0.0991,10
2,1,4,4,0,1,1,2,0.4957,0.4895,0.5359,0.2904,17
2,1,4,5,0,1,1,1,0.6388,0.6356,0.5482,0.6036,53
2,1,4,6,0,1,1,1,0.52,0.5227,0.5406,0.3377,123
2,1,4,7,1,1,0,3,0.5885,0.5188,0.5137,0.0542,92
2,1,4,8,0,1,1,1,0.5392,0.5421,0.4744,0.3353,396
2,1,4,9,0,1,1,2,0.5195,0.5084,0.682,0.2961,190
2,1,4,10,0,1,1,1,0.4415,0.406,0.7427,0.1993,183
2,1,4,11,1,1,0,1,0.4109,0.4391,0.4697,0.1758,95
2,1,4,12,0,1,1,2,0.5208,0.4379,0.5672,0.1776,237
2,1,4,13,0,1,1,3,0.5249,0.4803,0.3573,0.2706,164
2,1,4,14,0,1,1,2,0.483,0.5025,0.5077,0.4918,167
2,1,4,15,0,1,1,1,0.5547,0.5572,0.8095,0.3692,174
2,1,4,16,0,1,1,1,0.682,0.6318,0.7171,0.1789,284
2,1,4,17,0,1,1,1,0.649,0.5952,0.6474,0.205,383
2,1,4,18,0,1,1,3,0.5434,0.5113,0.4344,0.0561,219
2,1,4,19,0,1,1,1,0.5458,0.5302,0.4895,0.5093,210
2,1,4,20,0,1,1,3,0.5865,0.5469,0.5112,0.0783,158
2,1,4,21,0,1,1,3,0.5589,0.5314,0.6957,0.3567,117
2,1,4,22,0,1,1,1,0.5867,0.5631,0.7293,0.0077,126
2,1,4,23,0,1,1,1,0.5609,0.5262,0.5742,0.399,75
2,1,4,0,0,2,1,3,0.5522,0.5148,0.6825,0.08,31
2,1,4,1,0,2,1,1,0.5,0.4435,0.4863,0.3023,21
2,1,4,2,0,2,1,3,0.5701,0.5446,0.6132,0.301,7
2,1,4,3,1,2,0,1,0.3864,0.3695,0.7006,0.1834,5
2,1,4,4,0,2,1,1,0.5633,0.5108,0.7662,0.239,20
2,1,4,5,0,2,1,1,0.4,0.3923,0.4357,0.2719,55
2,1,4,6,0,2,1,1,0.5633,0.5743,0.7491,0.2887,118
2,1,4,7,0,2,1,2,0.4762,0.4581,0.8644,0.1872,213
2,1,4,8,0,2,1,2,0.6342,0.6192,0.4049,0.0362,366
2,1,4,9,0,2,1,1,0.551,0.5569,0.3853,0.6045,198
2,1,4,10,0,2,1,2,0.5449,0.5204,0.7712,0.1656,151
2,1,4,11,0,2,1,1,0.5731,0.5751,0.5311,0.0385,226
2,1,4,12,0,2,1,3,0.4843,0.3947,0.5552,0.2313,185
2,1,4,13,0,2,1,3,0.6233,0.5747,0.7243,0.7442,133
2,1,4,14,0,2,1,2,0.5933,0.5344,0.4759,0.0958,155
2,1,4,15,0,2,1,3,0.5062,0.527,0.6148,0.3331,127
2,1,4,16,0,2,1,1,0.4706,0.4698,0.4192,0.1725,266
2,1,4,17,0,2,1,1,0.5153,0.457,0.6877,0.0935,401
2,1,4,18,0,2,1,1,0.5339,0.4817,0.6871,0.4706,294
2,1,4,19,1,2,0,2,0.4655,0.4048,0.6048,0.1211,86
2,1,4,20,0,2,1,1,0.5095,0.4976,0.5858,0.4257,221
2,1,4,21,0,2,1,3,0.5,0.4846,0.5826,0.1101,117
2,1,4,22,0,2,1,1,0.5273,0.492,0.5637,0.4564,112
2,1,4,23,0,2,1,1,0.5278,0.4789,0.5754,0.2875,79
2,1,4,0,1,3,0,2,0.5796,0.5534,0.6893,0.1891,15
2,1,4,1,0,3,1,2,0.5476,0.6013,0.3703,0.4136,18
2,1,4,2,0,3,1,1,0.5736,0.5371,0.8048,0.2591,13
2,1,4,3,0,3,1,2,0.5628,0.5727,0.6071,0.2633,12
2,1,4,4,0,3,1,2,0.5318,0.4999,0.8548,0.1524,16
2,1,4,5,0,3,1,1,0.5933,0.5964,0.6147,0.4184,59
2,1,4,6,0,3,1,2,0.3533,0.3575,0.5858,0.3032,118
2,1,4,7,0,3,1,1,0.5203,0.497,0.6597,0.0542,421
2,1,4,8,0,3,1,2,0.5055,0.5031,0.4346,0.4473,351
2,1,4,9,0,3,1,1,0.5538,0.5657,0.4564,0.0972,263
2,1,4,10,0,3,1,2,0.501,0.4817,0.5604,0.167,143
2,1,4,11,1,3,0,1,0.5838,0.5529,0.5936,0.3225,78
2,1,4,12,0,3,1,1,0.5962,0.59,0.7083,0.4383,269
2,1,4,13,0,3,1,2,0.4485,0.4787,0.5938,0.2809,207
2,1,4,14,0,3,1,1,0.5611,0.495,0.7587,0.2059,186
2,1,4,15,0,3,1,2,0.4558,0.3986,0.2633,0.3365,152
2,1,4,16,0,3,1,2,0.579,0.5962,0.8014,0.3973,254
2,1,4,17,0,3,1,1,0.5128,0.4746,0.5352,0.1005,411
2,1,4,18,0,3,1,1,0.4891,0.5057,0.6664,0.2368,285
2,1,4,19,0,3,1,2,0.4257,0.3879,0.7284,0.463,228
2,1,4,20,0,3,1,1,0.539,0.5016,0.4265,0.1206,203
2,1,4,21,0,3,1,1,0.4644,0.476,0.7579,0.0992,187
2,1,4,22,0,3,1,1,0.4416,0.4452,0.6749,0.1645,94
2,1,4,23,0,3,1,1,0.5584,0.5002,0.7974,0.2235,72
2,1,4,0,0,4,1,2,0.6172,0.6079,0.594,0.3067,34
2,1,4,1,0,4,1,3,0.577,0.5318,0.5844,0.1224,18
2,1,4,2,0,4,1,2,0.4492,0.4435,0.4958,0.4887,11
2,1,4,3,1,4,0,2,0.5398,0.5183,0.5002,0.4541,3
2,1,4,4,0,4,1,2,0.597,0.5657,0.577,0.1521,15
2,1,4,5,0,4,1,2,0.5398,0.498,0.6548,0.4398,50
2,1,4,6,0,4,1,2,0.5722,0.4971,0.6749,0.2468,108
2,1,4,7,0,4,1,1,0.5188,0.4776,0.4635,0.2051,250
2,1,4,8,0,4,1,2,0.5225,0.5209,0.5725,0.4841,306
2,1,4,9,0,4,1,1,0.5032,0.4954,0.6117,0.3422,241
2,1,4,10,0,4,1,1,0.5922,0.5413,0.3261,0.3539,163
2,1,4,11,0,4,1,1,0.5966,0.6037,0.6878,0.3118,211
2,1,4,12,0,4,1,1,0.5105,0.4998,0.5532,0.4074,241
2,1,4,13,0,4,1,1,0.6022,0.5946,0.5859,0.3709,209
2,1,4,14,0,4,1,1,0.4495,0.3999,0.7589,0.066,176
2,1,4,15,0,4,1,1,0.5374,0.5688,0.4646,0.5982,170
2,1,4,16,0,4,1,1,0.4546,0.4505,0.4795,0.2599,303
2,1,4,17,0,4,1,1,0.4702,0.497,0.3092,0.1694,330
2,1,4,18,0,4,1,1,0.4538,0.4165,0.5745,0.3652,305
2,1,4,19,0,4,1,2,0.5035,0.4277,0.7141,0.1549,214
2,1,4,20,0,4,1,2,0.5928,0.5391,0.3295,0.6881,129
2,1,4,21,0,4,1,1,0.5439,0.5523,0.4583,0.1741,161
2,1,4,22,0,4,1,1,0.5085,0.4536,0.602,0.3246,103
2,1,4,23,0,4,1,1,0.5372,0.5595,0.5268,0.2752,70
2,1,4,0,0,5,0,1,0.4094,0.3716,0.5283,0.1659,26
2,1,4,1,0,5,0,1,0.5933,0.5797,0.6009,0.3251,17
2,1,4,2,0,5,0,1,0.396,0.3876,0.8029,0.4795,8
2,1,4,3,0,5,0,2,0.5038,0.4737,0.5875,0.3245,8
2,1,4,4,0,5,0,2,0.5478,0.5157,0.6113,0.2263,10
2,1,4,5,0,5,0,2,0.5845,0.5301,0.6403,0.0404,39
2,1,4,6,0,5,0,1,0.57,0.6047,0.3488,0.454,84
2,1,4,7,0,5,0,1,0.5499,0.5423,0.6215,0.4692,210
2,1,4,8,0,5,0,3,0.6553,0.5782,0.3975,0.1032,172
2,1,4,9,0,5,0,2,0.6944,0.6233,0.5858,0.2078,146
2,1,4,10,0,5,0,2,0.5538,0.5464,0.7138,0.2145,111
2,1,4,11,0,5,0,3,0.5463,0.523,0.5325,0.4443,105
2,1,4,12,0,5,0,2,0.5421,0.4649,0.7114,0.6452,140
2,1,4,13,0,5,0,1,0.5106,0.5655,0.3753,0.2144,141
2,1,4,14,0,5,0,2,0.5796,0.4713,0.6157,0.4121,75
2,1,4,15,0,5,0,1,0.6423,0.6006,0.6176,0.2705,117
2,1,4,16,0,5,0,2,0.379,0.3649,0.2589,0.3328,151
2,1,4,17,0,5,0,1,0.5414,0.4982,0.644,0.3082,262
2,1,4,18,0,5,0,1,0.6575,0.6545,0.224,0.1667,208
2,1,4,19,0,5,0,1,0.5808,0.5715,0.6027,0.1124,151
2,1,4,20,0,5,0,1,0.5823,0.5617,0.6357,0.2354,152
2,1,4,21,0,5,0,2,0.4413,0.4213,0.5308,0.1337,83
2,1,4,22,0,5,0,1,0.6025,0.5928,0.602,0.1781,78
2,1,4,23,0,5,0,1,0.624,0.5908,0.8537,0.7526,50
2,1,4,0,0,6,0,1,0.5712,0.5016,0.5164,0.0395,25
2,1,4,1,0,6,0,2,0.5113,0.5191,0.4417,0.2729,11
2,1,4,2,0,6,0,2,0.5882,0.6156,0.8271,0.2505,7
2,1,4,3,0,6,0,2,0.4846,0.4672,0.6052,0.0557,7
2,1,4,4,0,6,0,1,0.4753,0.459,0.7206,0.2909,15
2,1,4,5,0,6,0,1,0.6134,0.5859,0.3845,0.2751,33
2,1,4,6,0,6,0,1,0.6339,0.567,0.2838,0.1183,72
2,1,4,7,0,6,0,1,0.5052,0.468,0.4748,0.1223,225
2,1,4,8,0,6,0,1,0.4756,0.4801,0.5575,0.1917,310
2,1,4,9,0,6,0,3,0.4958,0.483,0.5159,0.6637,100
2,1,4,10,0,6,0,2,0.5711,0.5984,0.5157,0.1973,102
2,1,4,11,0,6,0,1,0.4757,0.4787,0.3537,0.6366,127
2,1,4,12,0,6,0,2,0.6471,0.6069,0.6047,0.2496,163
2,1,4,13,0,6,0,1,0.5247,0.5231,0.5467,0.2803,140
2,1,4,14,0,6,0,1,0.5829,0.5523,0.3138,0.3463,113
2,1,4,15,0,6,0,2,0.5052,0.435,0.5407,0.06,130
2,1,4,16,0,6,0,2,0.5981,0.6041,0.5618,0.3315,147
2,1,4,17,0,6,0,2,0.6038,0.5934,0.7049,0.1592,229
2,1,4,18,0,6,0,3,0.4398,0.5105,0.5132,0.3281,118
2,1,4,19,0,6,0,1,0.5096,0.4726,0.6943,0.2135,190
2,1,4,20,0,6,0,2,0.5463,0.5455,0.6809,0.2893,119
2,1,4,21,0,6,0,3,0.5205,0.4768,0.4788,0.4678,76
2,1,4,22,0,6,0,1,0.6182,0.5658,0.6584,0.3838,71
2,1,4,23,0,6,0,2,0.5154,0.5641,0.7145,0.0663,53
2,1,4,0,0,0,1,3,0.6111,0.5232,0.7089,0.4626,26
2,1,4,1,0,0,1,2,0.595,0.5686,0.6196,0.2057,18
2,1,4,2,0,0,1,1,0.5535,0.5825,0.5643,0.0583,12
2,1,4,3,0,0,1,1,0.614,0.5414,0.413,0.1053,13
2,1,4,4,0,0,1,2,0.4534,0.4198,0.7193,0.2812,15
2,1,4,5,0,0,1,3,0.5568,0.5605,0.4012,0.1051,35
2,1,4,6,0,0,1,1,0.5069,0.4498,0.5567,0.4636,121
2,1,4,7,0,0,1,1,0.5536,0.5401,0.7068,0.2955,315
2,1,4,8,0,0,1,1,0.5282,0.4824,0.4564,0.2346,373
2,1,4,9,0,0,1,1,0.5653,0.5815,0.5753,0.4395,199
2,1,4,10,0,0,1,2,0.5618,0.577,0.3867,0.3101,141
2,1,4,11,0,0,1,2,0.5708,0.5322,0.5324,0.3326,165
2,1,4,12,0,0,1,2,0.5736,0.463,0.456,0.1539,219
2,1,4,13,0,0,1,2,0.6012,0.5909,0.4814,0.1959,213
2,1,4,14,0,0,1,2,0.473,0.4843,0.6444,0.166,180
2,1,4,15,0,0,1,2,0.5968,0.5869,0.6551,0.1479,175
2,1,4,16,0,0,1,1,0.4552,0.4486,0.507,0.2919,286
2,1,4,17,1,0,0,1,0.3655,0.3594,0.6089,0.1401,113
2,1,4,18,0,0,1,2,0.6992,0.6582,0.5208,0.1575,285
2,1,4,19,0,0,1,2,0.4954,0.4519,0.5335,0.0935,195
2,1,4,20,0,0,1,1,0.5297,0.5085,0.4374,0.2522,194
2,1,4,21,0,0,1,1,0.4306,0.406,0.5135,0.486,114
2,1,4,22,0,0,1,2,0.5293,0.5272,0.3396,0.4435,88
2,1,4,23,0,0,1,1,0.5756,0.5249,0.8289,0.223,62
2,1,4,0,0,1,1,2,0.5819,0.5435,0.7207,0.3217,30
2,1,4,1,0,1,1,1,0.4805,0.4624,0.8705,0.4164,23
2,1,4,2,0,1,1,3,0.5339,0.4877,0.7124,0.0606,7
2,1,4,3,0,1,1,2,0.5907,0.5227,0.6136,0.2971,8
2,1,4,4,0,1,1,2,0.5816,0.575,0.3143,0.2119,16
2,1,4,5,0,1,1,2,0.5739,0.5092,0.7015,0.2666,42
2,1,4,6,0,1,1,2,0.6182,0.596,0.7388,0.4103,124
2,1,4,7,0,1,1,1,0.5573,0.5485,0.4405,0.2228,268
2,1,4,8,0,1,1,1,0.6624,0.675,0.6443,0.5699,290
2,1,4,9,0,1,1,3,0.5444,0.5894,0.5956,0.2333,168
2,1,4,10,0,1,1,3,0.6135,0.6255,0.5688,0.1159,141
2,1,4,11,0,1,1,3,0.616,0.5671,0.6433,0.035,155
2,1,4,12,0,1,1,3,0.4502,0.4218,0.6333,0.1336,159
2,1,4,13,0,1,1,2,0.5958,0.5781,0.4579,0.1271,190
2,1,4,14,0,1,1,2,0.5201,0.4953,0.6936,0.2479,153
2,1,4,15,0,1,1,2,0.4943,0.4772,0.4022,0.2615,200
2,1,4,16,0,1,1,1,0.5352,0.5488,0.6357,0.17,305
2,1,4,17,0,1,1,2,0.5763,0.5543,0.6126,0.3765,223
2,1,4,18,0,1,1,2,0.4554,0.463,0.487,0.4492,256
2,1,4,19,0,1,1,2,0.5668,0.5075,0.7269,0.1489,198
2,1,4,20,0,1,1,1,0.5497,0.5395,0.35,0.2432,182
2,1,4,21,0,1,1,2,0.6376,0.5584,0.6094,0.1699,88
2,1,4,22,0,1,1,3,0.5206,0.5309,0.6005,0.3794,72
2,1,4,23,0,1,1,1,0.6482,0.613,0.7668,0.2879,63
2,1,5,0,0,2,1,1,0.5958,0.5274,0.6563,0.0784,42
2,1,5,1,0,2,1,2,0.5664,0.5324,0.3104,0.5269,15
2,1,5,2,0,2,1,2,0.6579,0.642,0.5214,0.253,10
2,1,5,3,0,2,1,2,0.7033,0.6337,0.771,0.0329,11
2,1,5,4,0,2,1,2,0.554,0.5026,0.5576,0.2502,15
2,1,5,5,0,2,1,1,0.5169,0.4819,0.4429,0.7555,52
2,1,5,6,0,2,1,1,0.5988,0.5965,0.57,0.0635,149
2,1,5,7,0,2,1,3,0.4691,0.388,0.7774,0.0681,268
2,1,5,8,0,2,1,1,0.4777,0.4702,0.4742,0.1369,473
2,1,5,9,0,2,1,1,0.6602,0.6223,0.4503,0.1663,252
2,1,5,10,0,2,1,1,0.6088,0.6132,0.5487,0.5676,147
2,1,5,11,0,2,1,1,0.5087,0.498,0.4981,0.2403,271
2,1,5,12,0,2,1,1,0.7882,0.7923,0.6645,0.352,285
2,1,5,13,0,2,1,2,0.472,0.4634,0.5337,0.3502,198
2,1,5,14,0,2,1,1,0.6121,0.5479,0.6182,0.3083,199
2,1,5,15,0,2,1,2,0.513,0.5029,0.7715,0.4297,164
2,1,5,16,0,2,1,1,0.6934,0.6762,0.4622,0.016,260
2,1,5,17,0,2,1,3,0.5316,0.4867,0.7004,0.373,248
2,1,5,18,0,2,1,1,0.5488,0.5076,0.6846,0.1365,354
2,1,5,19,0,2,1,1,0.4421,0.3503,0.427,0.0845,255
2,1,5,20,0,2,1,1,0.7145,0.7032,0.7412,0.436,170
2,1,5,21,0,2,1,3,0.5255,0.4972,0.4284,0.5315,128
2,1,5,22,0,2,1,2,0.6024,0.5573,0.4013,0.1483,113
2,1,5,23,0,2,1,2,0.5691,0.5125,0.4751,0.3666,62
2,1,5,0,0,3,1,1,0.5339,0.4944,0.4799,0.3079,51
2,1,5,1,0,3,1,1,0.4166,0.4109,0.5349,0.2558,15
2,1,5,2,0,3,1,3,0.5565,0.5361,0.4434,0.3114,7
2,1,5,3,0,3,1,1,0.5535,0.5177,0.6447,0.31,13
2,1,5,4,0,3,1,2,0.5948,0.5302,0.5608,0.2871,18
2,1,5,5,0,3,1,2,0.7227,0.6781,0.5985,0.2811,41
2,1,5,6,0,3,1,2,0.6176,0.5635,0.6578,0.028,128
2,1,5,7,0,3,1,1,0.6327,0.5962,0.7593,0.3964,276
2,1,5,8,0,3,1,1,0.5511,0.5438,0.5244,0.1509,340
2,1,5,9,0,3,1,1,0.4806,0.4419,0.5027,0.3867,252
2,1,5,10,1,3,0,3,0.553,0.577,0.6724,0.4235,45
2,1,5,11,0,3,1,2,0.5211,0.4794,0.727,0.3824,182
2,1,5,12,0,3,1,1,0.569,0.4905,0.586,0.2484,206
2,1,5,13,0,3,1,3,0.5379,0.5057,0.5849,0.2199,106
2,1,5,14,0,3,1,1,0.4551,0.4155,0.5512,0.2975,114
2,1,5,15,0,3,1,1,0.6612,0.7318,0.5024,0.4557,222
2,1,5,16,0,3,1,1,0.5627,0.5219,0.5291,0.5191,246
2,1,5,17,0,3,1,3,0.5494,0.4773,0.5667,0.1642,242
2,1,5,18,0,3,1,1,0.4952,0.4716,0.6558,0.3657,296
2,1,5,19,0,3,1,1,0.5392,0.5074,0.677,0.3827,221
2,1,5,20,0,3,1,1,0.5121,0.4515,0.4665,0.2072,194
2,1,5,21,0,3,1,1,0.4889,0.4753,0.584,0.3537,172
2,1,5,22,0,3,1,2,0.5839,0.5717,0.4903,0.3614,79
2,1,5,23,0,3,1,1,0.5397,0.5151,0.5456,0.2138,71
2,1,5,0,0,4,1,2,0.6286,0.5892,0.5924,0.3693,37
2,1,5,1,0,4,1,3,0.551,0.5124,0.692,0.3234,11
2,1,5,2,0,4,1,1,0.5843,0.5364,0.56,0.1026,11
2,1,5,3,0,4,1,3,0.5823,0.5147,0.6302,0.5099,8
2,1,5,4,0,4,1,2,0.6032,0.6176,0.4486,0.2702,15
2,1,5,5,0,4,1,3,0.5174,0.5646,0.4406,0.1398,33
2,1,5,6,0,4,1,1,0.6392,0.5764,0.5458,0.1877,121
2,1,5,7,0,4,1,2,0.4936,0.4509,0.9772,0.4411,249
2,1,5,8,0,4,1,2,0.5792,0.5178,0.4825,0.3292,314
2,1,5,9,0,4,1,1,0.4919,0.494,0.5952,0.3243,227
2,1,5,10,0,4,1,2,0.5678,0.5089,0.6258,0.2791,159
2,1,5,11,0,4,1,1,0.6386,0.6276,0.5807,0.4229,254
2,1,5,12,0,4,1,2,0.6151,0.5972,0.5051,0.5127,216
2,1,5,13,0,4,1,2,0.6503,0.6132,0.6435,0.4711,204
2,1,5,14,0,4,1,2,0.555,0.5681,0.4675,0.3954,138
2,1,5,15,0,4,1,1,0.6399,0.5974,0.6225,0.2875,189
2,1,5,16,0,4,1,3,0.5278,0.5015,0.5069,0.3894,208
2,1,5,17,0,4,1,1,0.5441,0.4804,0.6964,0.169,342
2,1,5,18,0,4,1,2,0.5853,0.4828,0.3622,0.416,283
2,1,5,19,0,4,1,2,0.6357,0.6358,0.5636,0.385,230
2,1,5,20,0,4,1,1,0.5379,0.4925,0.4426,0.1254,190
2,1,5,21,0,4,1,2,0.6249,0.6283,0.676,0.27,128
2,1,5,22,0,4,1,3,0.5924,0.5522,0.6776,0.369,77
2,1,5,23,0,4,1,3,0.5998,0.5666,0.2617,0.1249,52
2,1,5,0,0,5,0,1,0.5201,0.5003,0.4281,0.0693,25
2,1,5,1,0,5,0,1,0.553,0.5092,0.6891,0.3253,13
2,1,5,2,0,5,0,1,0.5734,0.4963,0.5612,0.1534,8
2,1,5,3,0,5,0,2,0.6036,0.5472,0.6505,0.4116,5
2,1,5,4,0,5,0,1,0.5234,0.4687,0.5752,0.4984,13
2,1,5,5,0,5,0,1,0.4895,0.464,0.5965,0.1091,41
2,1,5,6,0,5,0,1,0.4306,0.4426,0.6959,0.1838,74
2,1,5,7,0,5,0,3,0.6321,0.5788,0.4343,0.6007,154
2,1,5,8,0,5,0,1,0.646,0.6107,0.5242,0.097,315
2,1,5,9,0,5,0,2,0.4393,0.4245,0.453,0.0917,155
2,1,5,10,0,5,0,1,0.5852,0.5321,0.6099,0.1989,104
2,1,5,11,0,5,0,2,0.5535,0.5374,0.4204,0.1258,159
2,1,5,12,0,5,0,2,0.6651,0.6649,0.6881,0.2599,142
2,1,5,13,0,5,0,3,0.5652,0.5488,0.5131,0.3307,99
2,1,5,14,0,5,0,2,0.6181,0.5857,0.6387,0.2689,96
2,1,5,15,0,5,0,1,0.5502,0.4974,0.4884,0.1725,142
2,1,5,16,0,5,0,1,0.5318,0.5017,0.6742,0.3887,224
2,1,5,17,0,5,0,1,0.6336,0.5794,0.7198,0.4332,259
2,1,5,18,0,5,0,1,0.6554,0.6051,0.6687,0.1441,230
2,1,5,19,0,5,0,3,0.4911,0.4629,0.4714,0.2534,124
2,1,5,20,0,5,0,1,0.6599,0.6207,0.7524,0.5108,87
2,1,5,21,0,5,0,3,0.5117,0.5171,0.6602,0.1862,74
2,1,5,22,0,5,0,1,0.4167,0.3782,0.501,0.6203,64
2,1,5,23,0,5,0,3,0.5807,0.5633,0.6107,0.0208,35
2,1,5,0,0,6,0,3,0.6191,0.5742,0.7621,0.3798,20
2,1,5,1,0,6,0,2,0.4775,0.4263,0.4702,0.2794,12
2,1,5,2,0,6,0,1,0.4448,0.4408,0.4668,0.0561,8
2,1,5,3,0,6,0,3,0.549,0.5341,0.5623,0.5117,6
2,1,5,4,0,6,0,3,0.5396,0.4946,0.4096,0.1364,10
2,1,5,5,0,6,0,1,0.6795,0.5517,0.5908,0.2116,44
2,1,5,6,0,6,0,3,0.5844,0.5888,0.6654,0.4099,63
2,1,5,7,0,6,0,3,0.635,0.6266,0.5982,0.4262,126
2,1,5,8,0,6,0,1,0.5983,0.603,0.4907,0.4396,231
2,1,5,9,0,6,0,1,0.6934,0.695,0.6867,0.3996,155
2,1,5,10,0,6,0,1,0.5212,0.4956,0.5572,0.2644,113
2,1,5,11,0,6,0,2,0.5774,0.5361,0.4829,0.2151,122
2,1,5,12,0,6,0,3,0.4738,0.3963,0.6088,0.0621,138
2,1,5,13,0,6,0,3,0.6404,0.6124,0.7223,0.1677,75
2,1,5,14,0,6,0,1,0.6616,0.615,0.5082,0.0213,136
2,1,5,15,0,6,0,2,0.6447,0.589,0.7698,0.6075,131
2,1,5,16,0,6,0,2,0.5749,0.5054,0.5871,0.4794,160
2,1,5,17,0,6,0,1,0.4793,0.4245,0.593,0.17,268
2,1,5,18,0,6,0,2,0.5775,0.5083,0.5915,0.2074,214
2,1,5,19,0,6,0,2,0.5362,0.5391,0.5113,0.0437,154
2,1,5,20,0,6,0,1,0.6482,0.6492,0.4257,0.1696,140
2,1,5,21,0,6,0,1,0.5537,0.5038,0.8124,0.1304,104
2,1,5,22,0,6,0,3,0.5522,0.5614,0.4361,0.2753,48
2,1,5,23,0,6,0,1,0.7358,0.7021,0.7269,0.4002,43
2,1,5,0,0,0,1,1,0.6432,0.6551,0.7857,0.1796,44
2,1,5,1,0,0,1,3,0.6625,0.6473,0.4926,0.2779,12
2,1,5,2,0,0,1,3,0.5514,0.5428,0.6525,0.1621,8
2,1,5,3,0,0,1,2,0.5102,0.492,0.6611,0.1553,8
2,1,5,4,0,0,1,1,0.6619,0.6071,0.6613,0.2747,19
2,1,5,5,0,0,1,2,0.6917,0.6175,0.5025,0.1948,56
2,1,5,6,0,0,1,2,0.4972,0.4784,0.5317,0.3461,92
2,1,5,7,0,0,1,1,0.551,0.5206,0.6747,0.1237,328
2,1,5,8,1,0,0,1,0.5232,0.575,0.3815,0.179,166
2,1,5,9,0,0,1,1,0.6209,0.6123,0.3381,0.1718,206
2,1,5,10,0,0,1,2,0.6633,0.6048,0.5907,0.0805,147
2,1,5,11,0,0,1,3,0.5614,0.5308,0.5627,0.6744,130
2,1,5,12,0,0,1,2,0.5612,0.5221,0.5971,0.3767,201
2,1,5,13,0,0,1,1,0.4502,0.4265,0.4915,0.244,237
2,1,5,14,0,0,1,1,0.5204,0.455,0.6724,0.3028,193
2,1,5,15,1,0,0,2,0.6927,0.6853,0.68,0.2568,74
2,1,5,16,1,0,0,1,0.6217,0.5788,0.5979,0.1697,132
2,1,5,17,0,0,1,1,0.6521,0.6391,0.4195,0.1724,344
2,1,5,18,0,0,1,3,0.5616,0.5155,0.7032,0.3058,189
2,1,5,19,0,0,1,3,0.5681,0.5278,0.3674,0.2942,169
2,1,5,20,0,0,1,3,0.5885,0.5769,0.4268,0.3158,134
2,1,5,21,0,0,1,1,0.6099,0.5173,0.6693,0.3287,158
2,1,5,22,0,0,1,2,0.6835,0.679,0.4431,0.1772,95
2,1,5,23,0,0,1,2,0.5401,0.5572,0.4898,0.6644,69
2,1,5,0,0,1,1,2,0.5811,0.5956,0.5947,0.5941,31
2,1,5,1,1,1,0,1,0.5353,0.4875,0.6892,0.1509,8
2,1,5,2,0,1,1,1,0.453,0.4394,0.6484,0.4411,10
2,1,5,3,0,1,1,1,0.6552,0.6091,0.7372,0.3883,12
2,1,5,4,0,1,1,3,0.7131,0.6329,0.5247,0.3038,13
2,1,5,5,0,1,1,2,0.6444,0.6148,0.4747,0.1927,59
2,1,5,6,0,1,1,3,0.6069,0.5329,0.4248,0.5694,82
2,1,5,7,0,1,1,2,0.7205,0.7025,0.5921,0.2207,285
2,1,5,8,0,1,1,1,0.6229,0.6163,0.6116,0.7351,446
2,1,5,9,0,1,1,2,0.647,0.6534,0.8725,0.3924,223
2,1,5,10,0,1,1,1,0.6007,0.586,0.6522,0.1139,201
2,1,5,11,0,1,1,3,0.6113,0.5684,0.3731,0.5806,154
2,1,5,12,0,1,1,1,0.5815,0.5467,0.7167,0.5604,211
2,1,5,13,0,1,1,1,0.6491,0.6203,0.4773,0.1154,221
2,1,5,14,0,1,1,2,0.5144,0.5326,0.4212,0.1778,152
2,1,5,15,0,1,1,2,0.6201,0.6333,0.7029,0.4705,194
2,1,5,16,0,1,1,2,0.5311,0.502,0.6796,0.0849,299
2,1,5,17,0,1,1,1,0.6265,0.6246,0.7095,0.2208,392
2,1,5,18,0,1,1,2,0.7584,0.705,0.5038,0.296,289
2,1,5,19,0,1,1,1,0.6398,0.6209,0.8455,0.4739,223
2,1,5,20,0,1,1,2,0.673,0.6288,0.6886,0.3518,160
2,1,5,21,0,1,1,2,0.654,0.6286,0.4647,0.3248,150
2,1,5,22,0,1,1,1,0.428,0.3819,0.8449,0.2746,112
2,1,5,23,0,1,1,1,0.5816,0.5099,0.648,0.4482,64
2,1,5,0,0,2,1,1,0.6257,0.557,0.5771,0.2541,41
2,1,5,1,0,2,1,1,0.4481,0.4432,0.5121,0.208,20
2,1,5,2,0,2,1,2,0.5745,0.5123,0.1934,0.226,10
2,1,5,3,0,2,1,1,0.5888,0.5491,0.6709,0.3956,11
2,1,5,4,0,2,1,1,0.5081,0.5094,0.5048,0.2168,17
2,1,5,5,0,2,1,2,0.5264,0.5337,0.5509,0.1969,50
2,1,5,6,0,2,1,2,0.6879,0.6242,0.5674,0.1231,124
2,1,5,7,0,2,1,3,0.3437,0.2545,0.4756,0.2039,253
2,1,5,8,0,2,1,3,0.6133,0.5586,0.6413,0.5584,270
2,1,5,9,0,2,1,2,0.6758,0.648,0.4782,0.2879,209
2,1,5,10,0,2,1,1,0.5924,0.5829,0.3869,0.0261,185
2,1,5,11,0,2,1,2,0.6929,0.6229,0.587,0.0314,172
2,1,5,12,0,2,1,2,0.5644,0.4832,0.5095,0.2107,209
2,1,5,13,0,2,1,2,0.531,0.4772,0.3441,0.101,183
2,1,5,14,0,2,1,4,0.5937,0.5484,0.4317,0.4464,108
2,1,5,15,0,2,1,2,0.5676,0.6019,0.5992,0.1215,159
2,1,5,16,0,2,1,1,0.5543,0.5299,0.5959,0.1829,301
2,1,5,17,0,2,1,2,0.5817,0.5721,0.7461,0.3142,274
2,1,5,18,0,2,1,1,0.5389,0.5449,0.7201,0.6011,329
2,1,5,19,0,2,1,3,0.5357,0.4954,0.6319,0.0883,168
2,1,5,20,0,2,1,1,0.5158,0.493,0.4945,0.2211,214
2,1,5,21,0,2,1,2,0.6235,0.5999,0.5137,0.0936,151
2,1,5,22,0,2,1,2,0.5244,0.5164,0.6317,0.2043,96
2,1,5,23,0,2,1,1,0.5074,0.4782,0.6984,0.1268,78
2,1,5,0,0,3,1,2,0.5227,0.5278,0.645,0.3792,31
2,1,5,1,0,3,1,1,0.6122,0.6147,0.5234,0.1978,19
2,1,5,2,0,3,1,1,0.6447,0.6039,0.6046,0.4183,10
2,1,5,3,0,3,1,1,0.6504,0.6406,0.5488,0.2072,13
2,1,5,4,0,3,1,2,0.6128,0.5939,0.3261,0.211,20
2,1,5,5,0,3,1,3,0.6353,0.6834,0.5542,0.1445,45
2,1,5,6,0,3,1,1,0.594,0.5912,0.5304,0.5149,138
2,1,5,7,1,3,0,2,0.6297,0.6098,0.6751,0.759,100
2,1,5,8,0,3,1,3,0.6286,0.5801,0.4472,0.1413,287
2,1,5,9,0,3,1,1,0.5467,0.4884,0.4611,0.4038,214
2,1,5,10,0,3,1,4,0.5225,0.5122,0.7065,0.3633,103
2,1,5,11,0,3,1,1,0.6925,0.6066,0.4692,0.2562,218
2,1,5,12,0,3,1,2,0.6066,0.625,0.497,0.4811,221
2,1,5,13,0,3,1,2,0.6714,0.5761,0.6393,0.1103,226
2,1,5,14,0,3,1,3,0.5208,0.4639,0.6653,0.1759,130
2,1,5,15,0,3,1,1,0.5694,0.571,0.7473,0.2343,224
2,1,5,16,0,3,1,1,0.5015,0.4753,0.5372,0.5535,248
2,1,5,17,0,3,1,2,0.6431,0.6164,0.544,0.2416,341
2,1,5,18,0,3,1,2,0.5548,0.5064,0.5601,0.5385,243
2,1,5,19,0,3,1,2,0.559,0.5272,0.5073,0.3588,223
2,1,5,20,0,3,1,2,0.7347,0.7185,0.6318,0.2225,184
2,1,5,21,0,3,1,2,0.6445,0.5873,0.5402,0.0914,152
2,1,5,22,0,3,1,1,0.6436,0.6036,0.433,0.0138,136
2,1,5,23,0,3,1,1,0.5137,0.4881,0.3677,0.4926,71
2,1,5,0,0,4,1,1,0.4712,0.4396,0.5651,0.1487,34
2,1,5,1,0,4,1,1,0.6692,0.6583,0.6547,0.6022,20
2,1,5,2,0,4,1,2,0.4444,0.436,0.4978,0.3871,10
2,1,5,3,0,4,1,1,0.5662,0.5347,0.4235,0.2985,10
2,1,5,4,0,4,1,2,0.5444,0.466,0.7643,0.4009,19
2,1,5,5,0,4,1,1,0.5365,0.5451,0.5377,0.2817,61
2,1,5,6,0,4,1,3,0.5704,0.5142,0.6882,0.1581,101
2,1,5,7,0,4,1,1,0.5274,0.5543,0.7065,0.4893,249
2,1,5,8,0,4,1,1,0.5161,0.465,0.7614,0.5042,311
2,1,5,9,0,4,1,2,0.6191,0.5958,0.5734,0.051,234
2,1,5,10,0,4,1,1,0.6759,0.6612,0.4086,0.424,182
2,1,5,11,0,4,1,2,0.4797,0.4498,0.3507,0.4032,208
2,1,5,12,0,4,1,1,0.615,0.5936,0.5484,0.1767,302
2,1,5,13,0,4,1,2,0.6392,0.5987,0.7838,0.2148,152
2,1,5,14,0,4,1,1,0.6325,0.6576,0.5891,0.3639,156
2,1,5,15,0,4,1,1,0.5858,0.5626,0.7431,0.3458,183
2,1,5,16,0,4,1,2,0.5595,0.528,0.4636,0.2536,195
2,1,5,17,1,4,0,2,0.6544,0.629,0.7545,0.227,139
2,1,5,18,0,4,1,2,0.6247,0.6275,0.6612,0.3171,216
2,1,5,19,0,4,1,1,0.4687,0.4569,0.5958,0.0953,267
2,1,5,20,0,4,1,2,0.5858,0.562,0.6929,0.1084,199
2,1,5,21,0,4,1,1,0.6051,0.5319,0.5119,0.0767,157
2,1,5,22,0,4,1,2,0.5247,0.5331,0.6357,0.0961,120
2,1,5,23,0,4,1,3,0.5842,0.5655,0.4787,0.1845,61
2,1,5,0,0,5,0,1,0.6391,0.5938,0.5074,0.2349,26
2,1,5,1,0,5,0,1,0.5468,0.5292,0.4706,0.2603,15
2,1,5,2,0,5,0,2,0.621,0.6317,0.4735,0.177,8
2,1,5,3,0,5,0,3,0.5354,0.5301,0.3723,0.3619,8
2,1,5,4,0,5,0,2,0.5181,0.5513,0.8537,0.3701,12
2,1,5,5,0,5,0,1,0.6478,0.6416,0.4365,0.5288,40
2,1,5,6,0,5,0,2,0.6868,0.5946,0.7047,0.6139,92
2,1,5,7,0,5,0,1,0.5218,0.5335,0.3781,0.2587,216
2,1,5,8,0,5,0,4,0.6714,0.5855,0.5114,0.3183,166
2,1,5,9,1,5,0,2,0.6038,0.6141,0.5378,0.3533,83
2,1,5,10,0,5,0,3,0.4497,0.4538,0.7514,0.2895,90
2,1,5,11,0,5,0,3,0.5042,0.5294,0.6204,0.0952,87
2,1,5,12,0,5,0,3,0.6472,0.6282,0.452,0.2389,140
2,1,5,13,0,5,0,1,0.491,0.475,0.5514,0.8409,123
2,1,5,14,0,5,0,3,0.5614,0.5705,0.7231,0.4374,99
2,1,5,15,0,5,0,1,0.599,0.5337,0.7067,0.1091,134
2,1,5,16,0,5,0,1,0.636,0.6054,0.5005,0.3151,232
2,1,5,17,0,5,0,1,0.6176,0.5798,0.4043,0.4114,274
2,1,5,18,0,5,0,1,0.7145,0.6659,0.5036,0.3011,255
2,1,5,19,0,5,0,1,0.5476,0.5031,0.6622,0.49,185
2,1,5,20,0,5,0,2,0.6116,0.5857,0.3701,0.3604,96
2,1,5,21,0,5,0,1,0.6364,0.6261,0.5599,0.6096,110
2,1,5,22,0,5,0,1,0.6545,0.6664,0.4344,0.8067,77
2,1,5,23,0,5,0,1,0.6783,0.6358,0.5224,0.4159,54
2,1,5,0,0,6,0,2,0.5776,0.5377,0.6426,0.2033,21
2,1,5,1,0,6,0,2,0.6536,0.5363,0.5735,0.5245,10
2,1,5,2,0,6,0,2,0.5432,0.56,0.6647,0.236,6
2,1,5,3,0,6,0,2,0.6026,0.5317,0.7282,0.2357,6
2,1,5,4,0,6,0,2,0.6431,0.6254,1.0,0.169,13
2,1,5,5,0,6,0,1,0.6763,0.6513,0.6902,0.2271,41
2,1,5,6,0,6,0,2,0.6479,0.6453,0.6535,0.3561,80
2,1,5,7,0,6,0,1,0.6144,0.5573,0.5026,0.4484,245
2,1,5,8,0,6,0,1,0.6025,0.5896,0.6886,0.2577,281
2,1,5,9,0,6,0,3,0.6464,0.663,0.769,0.1526,125
2,1,5,10,0,6,0,1,0.7613,0.7302,0.5002,0.2192,138
2,1,5,11,0,6,0,3,0.6678,0.6082,0.514,0.7184,108
2,1,5,12,0,6,0,1,0.6347,0.559,0.5035,0.2419,205
2,1,5,13,0,6,0,2,0.5122,0.5313,0.4225,0.7496,120
2,1,5,14,0,6,0,1,0.5489,0.5083,0.5793,0.1872,134
2,1,5,15,0,6,0,3,0.5853,0.5489,0.4195,0.3203,112
2,1,5,16,0,6,0,2,0.6717,0.714,0.5693,0.2933,188
2,1,5,17,0,6,0,1,0.5425,0.543,0.6196,0.18,178
2,1,5,18,0,6,0,1,0.653,0.6547,0.6152,0.2266,218
2,1,5,19,0,6,0,2,0.6164,0.6348,0.5218,0.3166,175
2,1,5,20,0,6,0,1,0.6329,0.5544,0.3954,0.6568,131
2,1,5,21,0,6,0,1,0.5929,0.6093,0.7275,0.1426,128
2,1,5,22,0,6,0,3,0.5663,0.5881,0.3691,0.4782,55
2,1,5,23,0,6,0,2,0.5399,0.4995,0.5954,0.2961,48
2,1,5,0,0,0,1,1,0.6541,0.644,0.7601,0.4183,35
2,1,5,1,0,0,1,2,0.606,0.6047,0.5928,0.2376,17
2,1,5,2,0,0,1,1,0.5359,0.4879,0.7352,0.4728,12
2,1,5,3,0,0,1,2,0.627,0.6231,0.643,0.0695,9
2,1,5,4,0,0,1,1,0.851,0.7894,0.4146,0.1019,17
2,1,5,5,0,0,1,1,0.5972,0.6451,0.7392,0.0293,65
2,1,5,6,0,0,1,1,0.7271,0.6956,0.5111,0.3839,154
2,1,5,7,0,0,1,3,0.4304,0.4259,0.5304,0.3718,198
2,1,5,8,0,0,1,1,0.5924,0.514,0.6639,0.2979,353
2,1,5,9,0,0,1,2,0.6782,0.6561,0.4681,0.2673,178
2,1,5,10,0,0,1,2,0.6124,0.6184,0.6946,0.5636,143
2,1,5,11,0,0,1,2,0.5664,0.5112,0.6324,0.0308,182
2,1,5,12,0,0,1,1,0.6095,0.5633,0.7803,0.3674,286
2,1,5,13,0,0,1,3,0.6803,0.625,0.7195,0.1498,146
2,1,5,14,0,0,1,3,0.7614,0.6887,0.5572,0.2487,109
2,1,5,15,0,0,1,1,0.6859,0.6128,0.5318,0.1481,193
2,1,5,16,0,0,1,1,0.576,0.5781,0.494,0.2902,297
2,1,5,17,0,0,1,3,0.595,0.5273,0.5518,0.1059,270
2,1,5,18,0,0,1,1,0.5956,0.5123,0.4736,0.3046,320
2,1,5,19,0,0,1,2,0.5506,0.5071,0.5447,0.238,201
2,1,5,20,0,0,1,2,0.6005,0.572,0.43,0.38,158
2,1,5,21,0,0,1,1,0.5922,0.58,0.4649,0.2884,189
2,1,5,22,0,0,1,1,0.5273,0.4743,0.7459,0.0861,92
2,1,5,23,0,0,1,1,0.67,0.6189,0.421,0.2615,72
2,1,5,0,0,1,1,2,0.6441,0.6281,0.4109,0.4394,29
2,1,5,1,0,1,1,2,0.5697,0.5684,0.4953,0.0206,16
2,1,5,2,0,1,1,2,0.6249,0.631,0.7462,0.1761,11
2,1,5,3,0,1,1,2,0.5471,0.5341,0.4694,0.479,9
2,1,5,4,0,1,1,2,0.5759,0.4974,0.5454,0.1382,14
2,1,5,5,0,1,1,1,0.6627,0.6033,0.616,0.1005,54
2,1,5,6,0,1,1,1,0.6476,0.6528,0.6454,0.1789,142
2,1,5,7,0,1,1,1,0.5787,0.6029,0.5691,0.0587,332
2,1,5,8,0,1,1,1,0.6364,0.602,0.6289,0.3023,399
2,1,5,9,0,1,1,1,0.6094,0.5737,0.6978,0.5375,198
2,1,5,10,0,1,1,3,0.5448,0.4875,0.4276,0.1374,117
2,1,5,11,0,1,1,1,0.6029,0.6154,0.5004,0.02,229
2,1,5,12,0,1,1,1,0.6448,0.5809,0.4814,0.4286,266
2,1,5,13,0,1,1,2,0.636,0.6631,0.5379,0.3943,177
2,1,5,14,0,1,1,2,0.4961,0.4689,0.7312,0.3426,111
2,1,5,15,0,1,1,2,0.6262,0.5691,0.699,0.5352,212
2,1,5,16,0,1,1,1,0.6164,0.5321,0.572,0.3576,292
2,1,5,17,0,1,1,1,0.4817,0.4495,0.6788,0.4775,332
2,1,5,18,0,1,1,1,0.558,0.5263,0.8363,0.3825,282
2,1,5,19,0,1,1,1,0.649,0.607,0.4327,0.2354,330
2,1,5,20,0,1,1,1,0.7115,0.6761,0.5026,0.623,191
2,1,5,21,0,1,1,2,0.4998,0.5163,0.5498,0.4068,148
2,1,5,22,0,1,1,3,0.6832,0.6676,0.6275,0.3062,76
2,1,5,23,0,1,1,1,0.483,0.4647,0.6442,0.0664,76
2,1,5,0,0,2,1,1,0.7156,0.7141,0.4555,0.3211,33
2,1,5,1,0,2,1,3,0.6011,0.5436,0.6044,0.2975,15
2,1,5,2,0,2,1,2,0.5678,0.5608,0.6844,0.1128,12
2,1,5,3,0,2,1,2,0.6426,0.6313,0.4365,0.4905,7
2,1,5,4,0,2,1,3,0.5504,0.5679,0.6009,0.2268,13
2,1,5,5,0,2,1,2,0.6539,0.5801,0.5093,0.453,58
2,1,5,6,0,2,1,2,0.6091,0.5527,0.4097,0.31,105
2,1,5,7,0,2,1,1,0.3511,0.3093,0.7007,0.5926,263
2,1,5,8,0,2,1,3,0.5611,0.5474,0.6388,0.1293,289
2,1,5,9,0,2,1,2,0.6312,0.6064,0.4751,0.4637,222
2,1,5,10,0,2,1,1,0.6925,0.6749,0.6929,0.2727,186
2,1,5,11,0,2,1,2,0.641,0.5458,0.8373,0.3129,183
2,1,5,12,0,2,1,1,0.6914,0.7009,0.5956,0.1243,329
2,1,5,13,0,2,1,2,0.5552,0.5345,0.4171,0.01,184
2,1,5,14,0,2,1,1,0.6688,0.6519,0.5468,0.2234,154
2,1,5,15,0,2,1,2,0.6699,0.6475,0.3501,0.3084,181
2,1,5,16,0,2,1,1,0.5036,0.4596,0.5685,0.1697,282
2,1,5,17,0,2,1,2,0.6948,0.6756,0.5368,0.1646,306
2,1,5,18,0,2,1,2,0.6407,0.611,0.6768,0.4454,275
2,1,5,19,0,2,1,1,0.5981,0.5701,0.5112,0.0404,282
2,1,5,20,0,2,1,1,0.5969,0.5819,0.6904,0.3635,176
2,1,5,21,0,2,1,2,0.5452,0.5148,0.4869,0.2653,121
2,1,5,22,0,2,1,2,0.662,0.5881,0.5686,0.4223,69
2,1,5,23,0,2,1,3,0.639,0.6016,0.4142,0.0396,52
2,1,5,0,0,3,1,1,0.6618,0.6774,0.4553,0.2978,43
2,1,5,1,0,3,1,2,0.6265,0.5786,0.6776,0.2044,17
2,1,5,2,0,3,1,3,0.6354,0.6064,0.712,0.2153,8
2,1,5,3,0,3,1,2,0.6003,0.5953,0.505,0.1647,10
2,1,5,4,0,3,1,1,0.6964,0.7251,0.6458,0.3607,18
2,1,5,5,0,3,1,1,0.6634,0.6226,0.6771,0.3565,72
2,1,5,6,0,3,1,3,0.6331,0.5646,0.4554,0.3042,86
2,1,5,7,0,3,1,1,0.6116,0.6012,0.6377,0.3177,338
2,1,5,8,0,3,1,1,0.4972,0.448,0.585,0.2233,445
2,1,5,9,0,3,1,2,0.4821,0.4668,0.6256,0.5455,177
2,1,5,10,0,3,1,1,0.5952,0.5836,0.569,0.3368,193
2,1,5,11,0,3,1,2,0.7098,0.6599,0.3278,0.0643,172
2,1,5,12,0,3,1,4,0.5716,0.5349,0.6036,0.1015,131
2,1,5,13,0,3,1,3,0.5744,0.5702,0.5636,0.3653,156
2,1,5,14,0,3,1,2,0.5529,0.558,0.5436,0.3294,140
2,1,5,15,0,3,1,3,0.5307,0.5054,0.3865,0.3557,171
2,1,5,16,0,3,1,2,0.557,0.5342,0.7037,0.0914,294
2,1,5,17,0,3,1,3,0.6405,0.5747,0.5884,0.3381,232
2,1,5,18,0,3,1,3,0.5866,0.5608,0.3408,0.2843,208
2,1,5,19,0,3,1,3,0.5834,0.5425,0.7468,0.3769,142
2,1,5,20,0,3,1,1,0.5771,0.5506,0.6347,0.2632,225
2,1,5,21,0,3,1,1,0.6376,0.6482,0.6941,0.1441,158
2,1,5,22,0,3,1,1,0.6483,0.5821,0.5479,0.3415,130
2,1,5,23,1,3,0,2,0.4901,0.5009,0.5819,0.648,30
2,1,5,0,0,4,1,3,0.5709,0.5482,0.7119,0.3204,29
2,1,5,1,0,4,1,4,0.6178,0.5861,0.6363,0.4308,8
2,1,5,2,0,4,1,3,0.6548,0.596,0.5675,0.2493,10
2,1,5,3,0,4,1,2,0.633,0.6098,0.5076,0.4384,10
2,1,5,4,0,4,1,2,0.6817,0.7128,0.2768,0.3707,15
2,1,5,5,0,4,1,1,0.5253,0.4226,0.6938,0.2878,56
2,1,5,6,0,4,1,2,0.6532,0.5618,0.6974,0.2183,102
2,1,5,7,0,4,1,1,0.7677,0.724,0.6737,0.1416,311
2,1,5,8,0,4,1,2,0.6274,0.6059,0.7211,0.49,256
2,1,5,9,0,4,1,2,0.6303,0.627,0.4729,0.1203,213
2,1,5,10,0,4,1,1,0.6604,0.641,0.5426,0.3268,185
2,1,5,11,0,4,1,2,0.5859,0.5075,0.527,0.0492,226
2,1,5,12,0,4,1,2,0.5578,0.5484,0.3493,0.6694,162
2,1,5,13,0,4,1,2,0.6282,0.5916,0.5124,0.1152,148
2,1,5,14,0,4,1,2,0.5083,0.5095,0.6045,0.7,109
2,1,5,15,0,4,1,1,0.6518,0.5977,0.7099,0.4975,193
2,1,5,16,0,4,1,2,0.6636,0.5845,0.6464,0.2411,229
2,1,5,17,0,4,1,1,0.5118,0.4727,0.5086,0.1655,337
2,1,5,18,0,4,1,1,0.6355,0.6185,0.699,0.4263,361
2,1,5,19,0,4,1,2,0.6089,0.59,0.621,0.3534,218
2,1,5,20,0,4,1,2,0.7275,0.6917,0.3883,0.1086,165
2,1,5,21,0,4,1,3,0.7158,0.6616,0.6093,0.3105,116
2,1,5,22,0,4,1,1,0.683,0.6449,0.682,0.2763,97
2,1,5,23,0,4,1,2,0.7088,0.7179,0.6518,0.3043,60
2,1,5,0,0,5,0,3,0.6016,0.6481,0.4475,0.1213,17
2,1,5,1,0,5,0,3,0.6454,0.6259,0.4755,0.2721,9
2,1,5,2,0,5,0,1,0.6095,0.6098,0.8372,0.3055,9
2,1,5,3,0,5,0,1,0.5574,0.5077,0.4803,0.4656,8
2,1,5,4,0,5,0,2,0.6329,0.6419,0.5959,0.0185,13
2,1,5,5,0,5,0,3,0.6213,0.5798,0.2863,0.36,30
2,1,5,6,0,5,0,1,0.613,0.5443,0.7465,0.2185,87
2,1,5,7,0,5,0,2,0.623,0.6264,0.6841,0.4019,149
2,1,5,8,0,5,0,4,0.6314,0.6025,0.7966,0.3856,165
2,1,5,9,0,5,0,1,0.6893,0.6967,0.4629,0.0867,164
2,1,5,10,0,5,0,2,0.5862,0.5817,0.7356,0.039,125
2,1,5,11,0,5,0,4,0.5376,0.4719,0.4644,0.1948,89
2,1,5,12,0,5,0,1,0.6746,0.6464,0.7752,0.0471,185
2,1,5,13,0,5,0,1,0.6871,0.6259,0.3,0.238,208
2,1,5,14,0,5,0,1,0.6522,0.6575,0.7144,0.1023,124
2,1,5,15,0,5,0,2,0.5474,0.5227,0.5938,0.1993,103
2,1,5,16,0,5,0,1,0.618,0.5673,0.6711,0.4956,182
2,1,5,17,0,5,0,1,0.6471,0.5538,0.6569,0.1556,256
2,1,5,18,0,5,0,1,0.5524,0.5597,0.6442,0.2914,204
2,1,5,19,0,5,0,2,0.5736,0.5347,0.8812,0.2858,152
2,1,5,20,0,5,0,2,0.6169,0.5782,0.8102,0.3821,100
2,1,5,21,0,5,0,2,0.71,0.689,0.6595,0.5046,110
2,1,5,22,0,5,0,2,0.6429,0.5842,0.6155,0.5708,64
2,1,5,23,0,5,0,3,0.5871,0.5122,0.7688,0.1279,37
2,1,5,0,0,6,0,2,0.6161,0.591,0.7781,0.5079,24
2,1,5,1,0,6,0,2,0.5835,0.5264,0.6054,0.2174,12
2,1,5,2,0,6,0,1,0.6013,0.569,0.5995,0.3418,7
2,1,5,3,0,6,0,1,0.6807,0.6207,0.4772,0.393,8
2,1,5,4,0,6,0,1,0.4958,0.4302,0.63,0.4212,11
2,1,5,5,0,6,0,2,0.7222,0.6369,0.6189,0.2141,36
2,1,5,6,0,6,0,3,0.7834,0.7473,0.7104,0.4576,54
2,1,5,7,0,6,0,1,0.6415,0.6424,0.8097,0.2265,244
2,1,5,8,0,6,0,1,0.572,0.5727,0.7407,0.7135,270
2,1,5,9,0,6,0,2,0.7116,0.6768,0.719,0.5186,135
2,1,5,10,0,6,0,4,0.6496,0.6599,0.5652,0.4134,62
2,1,5,11,0,6,0,2,0.5933,0.5476,0.5437,0.0691,129
2,1,5,12,0,6,0,1,0.5621,0.5586,0.6822,0.2179,148
2,1,5,13,0,6,0,2,0.6018,0.5569,0.6622,0.2015,136
2,1,5,14,0,6,0,1,0.6436,0.5897,0.6765,0.3085,125
2,1,5,15,0,6,0,2,0.6929,0.6825,0.4744,0.5219,104
2,1,5,16,0,6,0,2,0.6501,0.6305,0.4737,0.2871,185
2,1,5,17,0,6,0,2,0.662,0.6477,0.53,0.704,229
2,1,5,18,0,6,0,1,0.6068,0.5318,0.6774,0.1319,230
2,1,5,19,0,6,0,3,0.69,0.6864,0.5912,0.3368,110
2,1,5,20,0,6,0,1,0.6157,0.6052,0.775,0.6913,117
2,1,5,21,0,6,0,1,0.7588,0.7088,0.4687,0.1325,105
2,1,5,22,0,6,0,2,0.5845,0.5727,0.4703,0.6189,63
2,1,5,23,0,6,0,1,0.6578,0.6578,0.5634,0.0636,54
2,1,5,0,0,0,1,2,0.7864,0.725,0.5237,0.1882,32
2,1,5,1,0,0,1,1,0.7061,0.6489,0.4915,0.0186,20
2,1,5,2,0,0,1,1,0.6853,0.6424,0.5981,0.2641,12
2,1,5,3,0,0,1,1,0.6539,0.5546,0.6022,0.1227,12
2,1,5,4,0,0,1,2,0.6368,0.6149,0.4365,0.1962,15
2,1,5,5,0,0,1,1,0.621,0.6172,0.5164,0.3454,58
2,1,5,6,0,0,1,4,0.5938,0.5812,0.6736,0.2625,75
2,1,5,7,0,0,1,2,0.5256,0.5137,0.5548,0.4452,280
2,1,5,8,0,0,1,2,0.678,0.6748,0.4885,0.2829,307
2,1,5,9,0,0,1,3,0.5255,0.4962,0.5438,0.395,155
2,1,5,10,0,0,1,2,0.6787,0.5976,0.4399,0.2674,169
2,1,5,11,0,0,1,1,0.6115,0.5848,0.8004,0.2508,218
2,1,5,12,0,0,1,3,0.5662,0.577,0.6929,0.2391,147
2,1,5,13,1,0,0,1,0.7315,0.7058,0.8811,0.3514,107
2,1,5,14,0,0,1,1,0.5317,0.4939,0.5982,0.0538,179
2,1,5,15,0,0,1,2,0.5865,0.5807,0.5442,0.3274,190
2,1,5,16,0,0,1,1,0.593,0.575,0.4827,0.317,305
2,1,5,17,0,0,1,2,0.6436,0.6049,0.641,0.4475,330
2,1,5,18,0,0,1,4,0.5902,0.5643,0.5322,0.3565,193
2,1,5,19,0,0,1,2,0.7354,0.6892,0.4708,0.1126,254
2,1,5,20,0,0,1,1,0.5371,0.5287,0.7449,0.071,179
2,1,5,21,0,0,1,1,0.9191,0.8462,0.5906,0.115,176
2,1,5,22,0,0,1,1,0.559,0.541,0.6174,0.2072,103
2,1,5,23,0,0,1,1,0.84,0.8241,0.6124,0.0696,72
2,1,5,0,0,1,1,2,0.7125,0.684,0.6361,0.2256,31
2,1,5,1,0,1,1,2,0.6283,0.6044,0.3768,0.3785,15
2,1,5,2,0,1,1,2,0.6519,0.6214,0.4484,0.0716,11
2,1,5,3,0,1,1,2,0.6095,0.5951,0.8077,0.3907,9
2,1,5,4,0,1,1,1,0.6603,0.6165,0.581,0.2957,20
2,1,5,5,0,1,1,1,0.5844,0.5513,0.6361,0.0431,58
2,1,5,6,0,1,1,2,0.6857,0.6243,0.6822,0.2366,122
2,1,5,7,0,1,1,1,0.6488,0.6082,0.5416,0.0741,236
2,1,5,8,0,1,1,1,0.5668,0.4783,0.4583,0.0366,348
2,1,5,9,0,1,1,2,0.6659,0.6335,0.4226,0.0104,215
2,1,5,10,0,1,1,1,0.6616,0.647,0.4656,0.3389,171
2,1,5,11,0,1,1,1,0.5858,0.5545,0.504,0.2955,263
2,1,5,12,0,1,1,2,0.6061,0.6034,0.4952,0.1043,280
2,1,5,13,0,1,1,1,0.6719,0.6784,0.432,0.4626,156
2,1,5,14,0,1,1,2,0.7124,0.6763,0.6971,0.1519,131
2,1,5,15,0,1,1,1,0.6261,0.5649,0.7634,0.1272,193
2,1,5,16,0,1,1,3,0.7012,0.6989,0.4744,0.3148,169
2,1,5,17,0,1,1,1,0.7177,0.7085,0.3812,0.2573,355
2,1,5,18,0,1,1,1,0.7273,0.7044,0.5937,0.169,377
2,1,5,19,0,1,1,1,0.6652,0.6162,0.7683,0.304,265
2,1,5,20,0,1,1,3,0.5729,0.5556,0.427,0.5651,137
2,1,5,21,0,1,1,2,0.6984,0.6542,0.4303,0.0532,119
2,1,5,22,0,1,1,2,0.6226,0.5695,0.3025,0.2281,92
2,1,5,23,0,1,1,3,0.6715,0.6487,0.6176,0.311,52
2,1,5,0,0,2,1,1,0.5948,0.5359,0.4672,0.0703,39
2,1,5,1,0,2,1,2,0.5969,0.5897,0.6929,0.0771,14
2,1,5,2,0,2,1,2,0.5898,0.5687,0.6742,0.0683,8
2,1,5,3,0,2,1,2,0.5461,0.5155,0.7666,0.1276,10
2,1,5,4,0,2,1,1,0.5978,0.5667,0.7188,0.1307,19
2,1,5,5,0,2,1,3,0.5666,0.506,0.3971,0.3102,39
2,1,5,6,0,2,1,2,0.6785,0.6142,0.5538,0.3741,109
2,1,5,7,0,2,1,3,0.5643,0.5881,0.724,0.3533,199
2,1,5,8,0,2,1,1,0.592,0.5579,0.423,0.0546,423
2,1,5,9,0,2,1,1,0.6391,0.5644,0.5419,0.1637,206
2,1,5,10,0,2,1,1,0.7657,0.755,0.5956,0.2569,197
2,1,5,11,0,2,1,3,0.5904,0.5302,0.5813,0.3407,137
2,1,5,12,0,2,1,1,0.5421,0.5323,0.6227,0.5375,231
2,1,5,13,0,2,1,2,0.547,0.5639,0.5057,0.3749,168
2,1,5,14,0,2,1,1,0.5786,0.5432,0.4749,0.4072,165
2,1,5,15,0,2,1,1,0.5929,0.598,0.6414,0.0445,224
2,1,5,16,1,2,0,1,0.8002,0.7822,0.5658,0.246,136
2,1,5,17,0,2,1,2,0.7065,0.7184,0.8409,0.3858,301
2,1,5,18,0,2,1,1,0.6168,0.6034,0.454,0.0352,341
2,1,5,19,0,2,1,2,0.7686,0.7143,0.5803,0.2378,233
2,1,5,20,0,2,1,2,0.596,0.5037,0.4283,0.3402,144
2,1,5,21,0,2,1,4,0.6101,0.5558,0.6312,0.3434,74
2,1,5,22,0,2,1,2,0.6059,0.5605,0.5623,0.3859,102
2,1,5,23,0,2,1,2,0.7108,0.705,0.6502,0.4017,71
2,1,5,0,0,3,1,2,0.6368,0.6414,0.5022,0.5595,33
2,1,5,1,0,3,1,1,0.7472,0.6769,0.3672,0.1837,20
2,1,5,2,0,3,1,2,0.672,0.6751,0.7411,0.0913,9
2,1,5,3,0,3,1,3,0.7053,0.6468,0.6958,0.1154,10
2,1,5,4,0,3,1,1,0.5145,0.4638,0.7011,0.2053,18
2,1,5,5,0,3,1,1,0.5227,0.4551,0.6946,0.4192,58
2,1,5,6,0,3,1,2,0.525,0.5089,0.5998,0.3295,99
2,1,5,7,0,3,1,2,0.6117,0.5635,0.6613,0.5072,307
2,1,5,8,0,3,1,1,0.5339,0.5466,0.4791,0.2898,345
2,1,5,9,0,3,1,3,0.7285,0.6648,0.5379,0.3832,163
2,1,5,10,0,3,1,1,0.6277,0.6183,0.7241,0.1931,140
2,1,5,11,0,3,1,1,0.6847,0.6141,0.8315,0.3346,268
2,1,5,12,0,3,1,3,0.6072,0.6078,0.6273,0.3824,198
2,1,5,13,0,3,1,1,0.6994,0.6679,0.1911,0.0922,242
2,1,5,14,0,3,1,2,0.5041,0.4877,0.6305,0.1523,137
2,1,5,15,0,3,1,3,0.6382,0.5956,0.7581,0.6386,151
2,1,5,16,0,3,1,1,0.6767,0.6304,0.5514,0.5796,241
2,1,5,17,0,3,1,1,0.6826,0.6634,0.4674,0.2778,406
2,1,5,18,1,3,0,3,0.6194,0.6427,0.7032,0.415,75
2,1,5,19,0,3,1,2,0.5219,0.4643,0.5454,0.1571,201
2,1,5,20,0,3,1,3,0.7125,0.6666,0.5445,0.0781,120
2,1,5,21,0,3,1,3,0.6142,0.5651,0.3875,0.0825,114
2,1,5,22,0,3,1,2,0.6203,0.5439,0.3899,0.4048,74
2,1,5,23,0,3,1,2,0.797,0.7114,0.6882,0.074,75
2,1,5,0,0,4,1,2,0.6512,0.5966,0.4402,0.0741,37
2,1,5,1,0,4,1,1,0.6081,0.5658,0.8008,0.3715,18
2,1,5,2,0,4,1,1,0.6039,0.6162,0.8279,0.1851,12
2,1,5,3,0,4,1,2,0.6896,0.6848,0.4633,0.143,11
2,1,5,4,0,4,1,3,0.5869,0.533,0.5057,0.3876,12
2,1,5,5,0,4,1,3,0.6802,0.6694,0.6732,0.2009,40
2,1,5,6,0,4,1,3,0.7215,0.6614,0.7718,0.4608,89
2,1,5,7,0,4,1,1,0.6382,0.6037,0.6088,0.2289,288
2,1,5,8,0,4,1,2,0.7135,0.6876,0.5104,0.2017,341
2,1,5,9,0,4,1,1,0.6396,0.6709,0.5422,0.386,259
2,1,5,10,0,4,1,2,0.5963,0.5745,0.602,0.2762,149
2,1,5,11,0,4,1,3,0.5279,0.4571,0.524,0.1838,146
2,1,5,12,0,4,1,3,0.6637,0.6528,0.7349,0.4538,196
2,1,5,13,0,4,1,3,0.6651,0.666,0.5053,0.2825,158
2,1,5,14,0,4,1,1,0.7131,0.7041,0.6437,0.4319,157
2,1,5,15,0,4,1,2,0.7063,0.6412,0.68,0.181,208
2,1,5,16,0,4,1,1,0.7891,0.7534,0.5897,0.239,270
2,1,5,17,0,4,1,2,0.6037,0.573,0.5614,0.2906,293
2,1,5,18,0,4,1,1,0.6693,0.6889,0.5857,0.1216,289
2,1,5,19,0,4,1,2,0.5963,0.585,0.484,0.6111,232
2,1,5,20,0,4,1,1,0.7095,0.7255,0.6815,0.1194,217
2,1,5,21,0,4,1,2,0.5795,0.5293,0.5729,0.1928,150
2,1,5,22,0,4,1,3,0.7084,0.6664,0.5584,0.1743,86
2,1,5,23,0,4,1,1,0.5928,0.5471,0.4571,0.6683,53
2,1,5,0,0,5,0,2,0.7007,0.6951,0.823,0.1799,27
2,1,5,1,0,5,0,2,0.7315,0.7291,0.6921,0.1649,13
2,1,5,2,0,5,0,3,0.5383,0.5231,0.414,0.1994,5
2,1,5,3,0,5,0,1,0.5528,0.528,0.6571,0.1666,8
2,1,5,4,0,5,0,2,0.6635,0.6429,0.5161,0.1689,12
2,1,5,5,0,5,0,1,0.6561,0.5818,0.4802,0.281,42
2,1,5,6,0,5,0,1,0.6266,0.583,0.5014,0.1287,102
2,1,5,7,0,5,0,1,0.6137,0.5731,0.6515,0.2529,237
2,1,5,8,0,5,0,2,0.5872,0.5574,0.572,0.0889,290
2,1,5,9,0,5,0,1,0.6703,0.6172,0.5832,0.2861,152
2,1,5,10,1,5,0,2,0.5796,0.5251,0.6233,0.3675,65
2,1,5,11,0,5,0,1,0.6727,0.5911,0.7019,0.0474,131
2,1,5,12,0,5,0,1,0.6069,0.5895,0.8666,0.0907,162
2,1,5,13,0,5,0,2,0.6175,0.5455,0.5576,0.1158,107
2,1,5,14,0,5,0,1,0.7322,0.7256,0.5383,0.145,136
2,1,5,15,0,5,0,1,0.7139,0.6879,0.602,0.1087,140
2,1,5,16,0,5,0,1,0.5773,0.575,0.6738,0.1041,215
2,1,5,17,0,5,0,1,0.586,0.5299,0.7209,0.1011,289
2,1,5,18,0,5,0,2,0.7015,0.7224,0.4698,0.4509,193
2,1,5,19,0,5,0,2,0.5467,0.586,0.8802,0.3486,137
2,1,5,20,0,5,0,2,0.7489,0.7123,0.4478,0.2138,96
2,1,5,21,0,5,0,1,0.6565,0.6355,0.6962,0.1975,98
2,1,5,22,0,5,0,1,0.6066,0.5759,0.6794,0.1521,89
2,1,5,23,0,5,0,2,0.6478,0.6456,0.4211,0.1108,54
2,1,5,0,0,6,0,1,0.745,0.7315,0.6222,0.267,25
2,1,5,1,0,6,0,1,0.5005,0.4222,0.3804,0.4585,15
2,1,5,2,0,6,0,1,0.7215,0.6607,0.4904,0.5244,10
2,1,5,3,0,6,0,2,0.7333,0.7084,0.5819,0.3445,8
2,1,5,4,0,6,0,2,0.6272,0.6191,0.6069,0.0326,12
2,1,5,5,0,6,0,1,0.6447,0.6169,0.7393,0.3493,43
2,1,5,6,0,6,0,1,0.6592,0.5754,0.5068,0.289,92
2,1,5,7,0,6,0,2,0.701,0.6827,0.6336,0.3722,205
2,1,5,8,0,6,0,1,0.5986,0.6234,0.701,0.0767,247
2,1,5,9,0,6,0,1,0.6487,0.5474,0.5829,0.5597,175
2,1,5,10,0,6,0,2,0.6427,0.6387,0.5893,0.1578,78
2,1,5,11,0,6,0,1,0.6972,0.7173,0.4151,0.3196,168
2,1,5,12,0,6,0,1,0.837,0.8234,0.3958,0.5675,152
2,1,5,13,1,6,0,2,0.5983,0.566,0.489,0.3087,69
2,1,5,14,0,6,0,2,0.6552,0.6494,0.757,0.1337,101
2,1,5,15,0,6,0,1,0.5964,0.564,0.7574,0.2353,116
2,1,5,16,0,6,0,1,0.6155,0.601,0.7397,0.4592,203
2,1,5,17,1,6,0,1,0.5744,0.5482,0.6345,0.404,132
2,1,5,18,0,6,0,2,0.5426,0.5188,0.6526,0.2391,196
2,1,5,19,0,6,0,1,0.7325,0.673,0.5406,0.4521,183
2,1,5,20,0,6,0,1,0.6746,0.627,0.5452,0.4333,122
2,1,5,21,0,6,0,1,0.6562,0.6721,0.3461,0.136,100
2,1,5,22,0,6,0,2,0.5885,0.5405,0.6151,0.1418,68
2,1,5,23,0,6,0,1,0.6444,0.5536,0.6465,0.3082,47
2,1,5,0,0,0,1,2,0.5713,0.6482,0.5166,0.2206,31
2,1,5,1,0,0,1,2,0.6503,0.6047,0.7001,0.1312,15
2,1,5,2,0,0,1,4,0.6756,0.6338,0.738,0.2182,7
2,1,5,3,0,0,1,2,0.6143,0.5715,0.4558,0.4026,10
2,1,5,4,0,0,1,2,0.5993,0.5698,0.8678,0.4065,16
2,1,5,5,0,0,1,1,0.6178,0.5641,0.656,0.6348,52
2,1,5,6,0,0,1,2,0.7093,0.7185,0.7768,0.5091,107
2,1,5,7,0,0,1,2,0.6664,0.6271,0.508,0.2217,267
2,1,5,8,0,0,1,3,0.5398,0.4814,0.7647,0.2943,313
2,1,5,9,0,0,1,3,0.7029,0.5817,0.67,0.0624,128
2,1,5,10,0,0,1,1,0.6903,0.6886,0.5554,0.3942,123
2,1,5,11,0,0,1,3,0.6654,0.6189,0.4586,0.2506,139
2,1,5,12,0,0,1,2,0.7674,0.7403,0.5918,0.203,202
2,1,5,13,0,0,1,2,0.6539,0.5934,0.6841,0.1815,168
2,1,5,14,0,0,1,2,0.6824,0.6511,0.5998,0.1431,179
2,1,5,15,0,0,1,1,0.6851,0.65,0.6012,0.3229,232
2,1,5,16,0,0,1,2,0.7137,0.7056,0.5321,0.0094,302
2,1,5,17,0,0,1,1,0.6367,0.6098,0.4318,0.0082,359
2,1,5,18,0,0,1,2,0.6071,0.5431,0.6119,0.1644,231
2,1,5,19,0,0,1,1,0.7204,0.7564,0.479,0.2917,277
2,1,5,20,0,0,1,1,0.7167,0.6939,0.7047,0.3888,194
2,1,5,21,0,0,1,2,0.7415,0.6761,0.6914,0.3108,127
2,1,5,22,0,0,1,2,0.6813,0.653,0.7909,0.0345,106
2,1,5,23,0,0,1,3,0.5368,0.5217,0.5453,0.2373,60
2,1,5,0,0,1,1,2,0.6662,0.6475,0.5862,0.4793,36
2,1,5,1,0,1,1,2,0.6571,0.6352,0.4147,0.1453,17
2,1,5,2,0,1,1,3,0.7408,0.7111,0.5247,0.2834,9
2,1,5,3,0,1,1,2,0.7288,0.7199,0.5906,0.1067,13
2,1,5,4,0,1,1,2,0.6977,0.6846,0.6007,0.211,17
2,1,5,5,0,1,1,3,0.5096,0.5066,0.5457,0.4246,35
2,1,5,6,0,1,1,2,0.597,0.5139,0.5162,0.1244,112
2,1,5,7,0,1,1,2,0.6293,0.5458,0.6205,0.2614,250
2,1,5,8,0,1,1,2,0.6309,0.5755,0.5555,0.4285,304
2,1,5,9,0,1,1,2,0.6664,0.6257,0.7486,0.0785,238
2,1,5,10,0,1,1,2,0.7584,0.6977,0.6216,0.3827,150
2,1,5,11,0,1,1,2,0.7093,0.6434,0.5273,0.1188,183
2,1,5,12,0,1,1,2,0.5904,0.5681,0.7213,0.4409,188
2,1,5,13,0,1,1,1,0.5967,0.5407,0.4706,0.2698,187
2,1,5,14,0,1,1,1,0.5904,0.4888,0.5443,0.1948,170
2,1,5,15,0,1,1,2,0.6466,0.5735,0.4655,0.2572,212
2,1,5,16,0,1,1,1,0.7111,0.6573,0.5608,0.6366,310
2,1,5,17,0,1,1,1,0.7222,0.6784,0.7561,0.2662,317
2,1,5,18,0,1,1,1,0.6284,0.624,0.6138,0.2501,297
2,1,5,19,0,1,1,1,0.6526,0.633,0.3839,0.0584,305
2,1,5,20,0,1,1,2,0.7719,0.6732,0.5453,0.2874,139
2,1,5,21,0,1,1,2,0.5508,0.5669,0.6233,0.1047,119
2,1,5,22,0,1,1,2,0.6994,0.6585,0.6262,0.1193,102
2,1,5,23,0,1,1,1,0.6919,0.6593,0.5704,0.2217,75
2,1,5,0,0,2,1,1,0.6364,0.6082,0.6843,0.5892,43
2,1,5,1,0,2,1,1,0.6559,0.5975,0.6623,0.3718,18
2,1,5,2,0,2,1,1,0.6866,0.6692,0.5738,0.2139,11
2,1,5,3,0,2,1,1,0.6366,0.5463,0.6205,0.3715,12
2,1,5,4,0,2,1,2,0.6126,0.6221,0.5751,0.042,19
2,1,5,5,0,2,1,1,0.6073,0.5825,0.5988,0.4665,55
2,1,5,6,0,2,1,2,0.7875,0.7591,0.6149,0.4541,118
2,1,5,7,0,2,1,2,0.6264,0.6109,0.7139,0.1508,297
2,1,5,8,0,2,1,1,0.6713,0.6245,0.6487,0.2921,352
2,1,5,9,0,2,1,2,0.7122,0.7147,0.5924,0.4711,204
2,1,5,10,0,2,1,2,0.6424,0.5885,0.5435,0.3337,127
2,1,5,11,0,2,1,1,0.6597,0.5967,0.6716,0.1684,216
2,1,5,12,0,2,1,2,0.6924,0.6622,0.6301,0.4537,188
2,1,5,13,0,2,1,2,0.5978,0.5266,0.5805,0.3499,171
2,1,5,14,0,2,1,2,0.5496,0.5052,0.5555,0.244,177
2,1,5,15,0,2,1,3,0.6061,0.5836,0.5999,0.1251,172
2,1,5,16,0,2,1,1,0.7782,0.7613,0.5119,0.0823,347
2,1,5,17,0,2,1,1,0.6169,0.585,0.419,0.2335,309
2,1,5,18,0,2,1,3,0.6663,0.6059,0.7809,0.6293,244
2,1,5,19,0,2,1,2,0.5644,0.5261,0.7842,0.3381,203
2,1,5,20,0,2,1,3,0.7511,0.6935,0.6101,0.0323,167
2,1,5,21,0,2,1,2,0.6361,0.6014,0.6568,0.5678,121
2,1,5,22,0,2,1,2,0.6253,0.5755,0.5664,0.0871,92
2,1,5,23,0,2,1,2,0.6479,0.5861,0.6548,0.089,79
2,1,5,0,0,3,1,1,0.8355,0.7607,0.6077,0.1644,40
2,1,5,1,0,3,1,1,0.6905,0.6008,0.6181,0.2119,17
2,1,5,2,0,3,1,1,0.6486,0.6486,0.4771,0.6758,9
2,1,5,3,0,3,1,1,0.4578,0.4564,0.8092,0.2601,12
2,1,5,4,0,3,1,2,0.7543,0.6797,0.4622,0.191,15
2,1,5,5,0,3,1,2,0.6109,0.5999,0.6962,0.5488,45
2,1,5,6,0,3,1,3,0.5999,0.5712,0.4994,0.0276,129
2,1,5,7,0,3,1,1,0.6061,0.5371,0.3592,0.1823,282
2,1,5,8,0,3,1,1,0.7621,0.6925,0.709,0.2829,404
2,1,5,9,0,3,1,1,0.6566,0.6193,0.6159,0.7144,160
2,1,5,10,0,3,1,2,0.553,0.5476,0.4325,0.091,121
2,1,5,11,0,3,1,1,0.6453,0.6308,0.6759,0.0464,201
2,1,5,12,0,3,1,2,0.6014,0.5551,0.5532,0.0485,219
2,1,5,13,0,3,1,2,0.6847,0.6643,0.8151,0.3068,169
2,1,5,14,0,3,1,1,0.6325,0.596,0.4277,0.2477,163
2,1,5,15,0,3,1,2,0.5497,0.5002,0.5209,0.503,206
2,1,5,16,0,3,1,1,0.6538,0.6499,0.6953,0.1829,249
2,1,5,17,0,3,1,1,0.6556,0.6275,0.5456,0.1438,393
2,1,5,18,0,3,1,3,0.5718,0.5586,0.4988,0.2909,199
2,1,5,19,0,3,1,1,0.5224,0.4633,0.6241,0.5229,221
2,1,5,20,0,3,1,1,0.6794,0.6298,0.7287,0.5932,178
2,1,5,21,0,3,1,3,0.6399,0.6325,0.5906,0.4388,92
2,1,5,22,0,3,1,1,0.6445,0.6039,0.5712,0.4015,139
2,1,5,23,0,3,1,1,0.7118,0.6695,0.5058,0.2454,77
2,1,6,0,0,4,1,1,0.5262,0.468,0.5434,0.321,37
2,1,6,1,0,4,1,2,0.6661,0.6387,0.4637,0.4737,16
2,1,6,2,0,4,1,2,0.7083,0.6405,0.7441,0.4361,11
2,1,6,3,0,4,1,2,0.6491,0.6276,0.6824,0.1672,9
2,1,6,4,0,4,1,3,0.5628,0.5048,0.4428,0.0744,14
2,1,6,5,0,4,1,1,0.6156,0.5786,0.5288,0.0608,71
2,1,6,6,0,4,1,2,0.6303,0.646,0.687,0.2419,104
2,1,6,7,0,4,1,3,0.5514,0.5348,0.6755,0.1081,247
2,1,6,8,0,4,1,1,0.6879,0.6431,0.5853,0.1609,390
2,1,6,9,0,4,1,3,0.6621,0.6547,0.5671,0.2782,186
2,1,6,10,0,4,1,3,0.6169,0.5643,0.5965,0.5392,135
2,1,6,11,0,4,1,3,0.7309,0.6647,0.5434,0.1768,141
2,1,6,12,0,4,1,1,0.6253,0.5831,0.7261,0.0718,253
2,1,6,13,1,4,0,2,0.7655,0.7602,0.6811,0.4155,59
2,1,6,14,0,4,1,2,0.6431,0.6422,0.6315,0.0963,139
2,1,6,15,0,4,1,1,0.5951,0.5504,0.466,0.0682,208
2,1,6,16,0,4,1,2,0.5972,0.5588,0.5233,0.329,212
2,1,6,17,0,4,1,1,0.6683,0.6475,0.5217,0.4709,362
2,1,6,18,0,4,1,1,0.587,0.6304,0.5531,0.142,298
2,1,6,19,0,4,1,3,0.672,0.6313,0.6182,0.4169,176
2,1,6,20,0,4,1,3,0.6338,0.6436,0.7861,0.4431,109
2,1,6,21,0,4,1,1,0.6322,0.6081,0.6178,0.2833,155
2,1,6,22,0,4,1,1,0.659,0.6516,0.4314,0.6165,119
2,1,6,23,0,4,1,2,0.7322,0.726,0.6783,0.6944,57
2,1,6,0,0,5,0,1,0.6261,0.6001,0.4356,0.363,20
2,1,6,1,0,5,0,2,0.677,0.6423,0.6518,0.0304,13
2,1,6,2,0,5,0,2,0.6952,0.6543,0.5449,0.3604,7
2,1,6,3,0,5,0,1,0.5794,0.561,0.666,0.7082,7
2,1,6,4,0,5,0,2,0.7007,0.7013,0.6604,0.5486,9
2,1,6,5,0,5,0,1,0.7212,0.7248,0.6176,0.4675,44
2,1,6,6,0,5,0,1,0.7318,0.7315,0.4719,0.1788,99
2,1,6,7,0,5,0,2,0.5865,0.5432,0.5223,0.5214,185
2,1,6,8,0,5,0,1,0.5914,0.5448,0.6583,0.154,298
2,1,6,9,0,5,0,1,0.6603,0.6025,0.6185,0.1846,165
2,1,6,10,0,5,0,2,0.6564,0.6282,0.8154,0.3057,101
2,1,6,11,0,5,0,1,0.6655,0.6602,0.6135,0.2889,130
2,1,6,12,0,5,0,2,0.6392,0.5903,0.69,0.3261,140
2,1,6,13,0,5,0,2,0.6771,0.6378,0.5486,0.4128,117
2,1,6,14,0,5,0,1,0.4854,0.4805,0.4939,0.0498,116
2,1,6,15,0,5,0,1,0.7102,0.6651,0.734,0.3858,154
2,1,6,16,0,5,0,1,0.7672,0.7231,0.5099,0.4687,193
2,1,6,17,0,5,0,2,0.6254,0.6276,0.4245,0.2356,209
2,1,6,18,0,5,0,1,0.6783,0.6451,0.435,0.206,246
2,1,6,19,0,5,0,3,0.7818,0.7211,0.6386,0.0586,132
2,1,6,20,0,5,0,1,0.6665,0.636,0.5141,0.2914,162
2,1,6,21,0,5,0,2,0.6855,0.6642,0.413,0.0787,110
2,1,6,22,0,5,0,2,0.7931,0.8285,0.8251,0.1042,64
2,1,6,23,0,5,0,2,0.8067,0.8119,0.3322,0.3277,48
2,1,6,0,0,6,0,2,0.5921,0.6582,0.5457,0.0926,25
2,1,6,1,0,6,0,1,0.6375,0.5737,0.7896,0.1023,16
2,1,6,2,0,6,0,1,0.7289,0.7342,0.6021,0.2922,7
2,1,6,3,0,6,0,1,0.7011,0.7127,0.8904,0.4742,8
2,1,6,4,0,6,0,1,0.7157,0.6809,0.6889,0.6137,12
2,1,6,5,0,6,0,2,0.4828,0.4469,0.4535,0.3875,29
2,1,6,6,0,6,0,2,0.5296,0.5252,0.6849,0.3865,87
2,1,6,7,0,6,0,2,0.7912,0.7419,0.527,0.1196,214
2,1,6,8,0,6,0,3,0.7205,0.6502,0.5645,0.091,208
2,1,6,9,1,6,0,2,0.6911,0.614,0.4744,0.1282,84
2,1,6,10,0,6,0,1,0.5794,0.5055,0.5165,0.0531,128
2,1,6,11,0,6,0,1,0.6373,0.6124,0.6819,0.2347,141
2,1,6,12,0,6,0,2,0.7062,0.691,0.4861,0.1243,138
2,1,6,13,0,6,0,1,0.5695,0.5118,0.3627,0.6852,112
2,1,6,14,0,6,0,1,0.617,0.6006,0.6442,0.3446,123
2,1,6,15,1,6,0,2,0.6926,0.6723,0.5655,0.11,79
2,1,6,16,0,6,0,2,0.7076,0.6826,0.7053,0.4237,178
2,1,6,17,0,6,0,1,0.6297,0.6186,0.5029,0.2808,233
2,1,6,18,0,6,0,1,0.7351,0.7048,0.7176,0.3085,171
2,1,6,19,0,6,0,1,0.7328,0.7362,0.6807,0.2362,179
2,1,6,20,0,6,0,1,0.5408,0.5325,0.6569,0.5258,137
2,1,6,21,0,6,0,1,0.781,0.7043,0.433,0.4111,82
2,1,6,22,0,6,0,2,0.748,0.7658,0.5878,0.4319,54
2,1,6,23,0,6,0,2,0.6808,0.6179,0.7033,0.5089,40
2,1,6,0,0,0,1,1,0.6588,0.6254,0.5293,0.2433,34
2,1,6,1,0,0,1,4,0.7237,0.7641,0.3439,0.0898,13
2,1,6,2,0,0,1,2,0.7058,0.6852,0.5144,0.4964,11
2,1,6,3,0,0,1,1,0.6494,0.5923,0.4819,0.1713,12
2,1,6,4,0,0,1,2,0.7809,0.7519,0.5228,0.3112,17
2,1,6,5,1,0,0,2,0.5211,0.5107,0.4223,0.0387,22
2,1,6,6,0,0,1,2,0.6219,0.5968,0.6886,0.5229,98
2,1,6,7,0,0,1,1,0.6998,0.6496,0.6687,0.2248,351
2,1,6,8,0,0,1,2,0.6648,0.5932,0.4867,0.3004,360
2,1,6,9,0,0,1,1,0.7174,0.6466,0.5437,0.2821,251
2,1,6,10,0,0,1,1,0.5708,0.5189,0.4909,0.4699,177
2,1,6,11,0,0,1,2,0.6506,0.657,0.654,0.144,162
2,1,6,12,0,0,1,2,0.749,0.675,0.4754,0.0636,228
2,1,6,13,0,0,1,2,0.5639,0.5404,0.493,0.175,184
2,1,6,14,0,0,1,1,0.6516,0.661,0.6077,0.2359,181
2,1,6,15,0,0,1,1,0.6313,0.6193,0.494,0.1616,212
2,1,6,16,0,0,1,3,0.6939,0.7018,0.7969,0.4898,174
2,1,6,17,0,0,1,2,0.696,0.6436,0.5093,0.1104,257
2,1,6,18,0,0,1,2,0.6752,0.6603,0.6836,0.0914,307
2,1,6,19,0,0,1,1,0.6482,0.6503,0.7016,0.1165,209
2,1,6,20,0,0,1,3,0.6729,0.6675,0.4273,0.1885,121
2,1,6,21,0,0,1,1,0.6569,0.6508,0.5641,0.0968,174
2,1,6,22,0,0,1,1,0.6662,0.597,0.4912,0.2462,121
2,1,6,23,0,0,1,2,0.7704,0.7519,0.7043,0.1941,70
2,1,6,0,0,1,1,1,0.5864,0.5717,0.5872,0.2971,42
2,1,6,1,0,1,1,2,0.6944,0.6552,0.7033,0.2626,20
2,1,6,2,0,1,1,2,0.6046,0.5562,0.7923,0.3027,11
2,1,6,3,0,1,1,3,0.8074,0.7805,0.8036,0.2285,8
2,1,6,4,0,1,1,1,0.6767,0.6133,0.4677,0.2678,21
2,1,6,5,0,1,1,1,0.5818,0.5397,0.4549,0.4726,55
2,1,6,6,0,1,1,2,0.6543,0.6498,0.4547,0.2557,101
2,1,6,7,0,1,1,2,0.5684,0.5712,0.7326,0.3895,312
2,1,6,8,0,1,1,3,0.6262,0.6093,0.6867,0.2608,295
2,1,6,9,0,1,1,1,0.7136,0.6641,0.678,0.0644,207
2,1,6,10,0,1,1,2,0.7658,0.6942,0.6623,0.2092,162
2,1,6,11,0,1,1,1,0.7462,0.6855,0.5473,0.2983,228
2,1,6,12,0,1,1,1,0.6632,0.6686,0.6072,0.3378,240
2,1,6,13,0,1,1,1,0.7104,0.6807,0.6367,0.1372,201
2,1,6,14,0,1,1,1,0.7271,0.6877,0.61,0.6574,168
2,1,6,15,0,1,1,1,0.828,0.7915,0.5188,0.0761,172
2,1,6,16,0,1,1,1,0.6282,0.6174,0.7896,0.4364,337
2,1,6,17,0,1,1,1,0.7762,0.7066,0.4524,0.4372,233
2,1,6,18,0,1,1,3,0.5941,0.5498,0.5462,0.3204,243
2,1,6,19,0,1,1,1,0.7531,0.7348,0.7718,0.0218,246
2,1,6,20,0,1,1,2,0.6271,0.6029,0.708,0.3573,146
2,1,6,21,0,1,1,3,0.6227,0.6247,0.4441,0.1883,106
2,1,6,22,0,1,1,1,0.6506,0.6407,0.3334,0.1049,119
2,1,6,23,0,1,1,2,0.6162,0.5622,0.4728,0.3361,75
2,1,6,0,0,2,1,1,0.7023,0.5671,0.6115,0.3808,36
2,1,6,1,0,2,1,1,0.7584,0.7266,0.6045,0.2782,25
2,1,6,2,0,2,1,2,0.5247,0.4671,0.5932,0.1902,10
2,1,6,3,0,2,1,2,0.6603,0.6425,0.6663,0.2156,10
2,1,6,4,0,2,1,1,0.5964,0.6143,0.6004,0.3091,19
2,1,6,5,0,2,1,3,0.7359,0.6682,0.7116,0.1403,36
2,1,6,6,0,2,1,2,0.7719,0.7527,0.6881,0.1457,111
2,1,6,7,0,2,1,1,0.6603,0.6534,0.3382,0.0934,357
2,1,6,8,0,2,1,1,0.6233,0.6025,0.6078,0.1224,397
2,1,6,9,0,2,1,3,0.5594,0.5413,0.5715,0.2318,159
2,1,6,10,1,2,0,3,0.8089,0.7062,0.6301,0.1081,58
2,1,6,11,0,2,1,2,0.7648,0.7286,0.5683,0.1537,177
2,1,6,12,0,2,1,2,0.534,0.5071,0.4038,0.1169,163
2,1,6,13,0,2,1,2,0.7184,0.714,0.6522,0.1654,169
2,1,6,14,0,2,1,1,0.5947,0.5937,0.6806,0.2055,177
2,1,6,15,0,2,1,3,0.6369,0.5898,0.3757,0.4305,145
2,1,6,16,0,2,1,2,0.5851,0.4989,0.8045,0.1022,217
2,1,6,17,0,2,1,2,0.5325,0.4579,0.7099,0.2717,347
2,1,6,18,0,2,1,2,0.6693,0.6781,0.4894,0.4203,288
2,1,6,19,0,2,1,2,0.8052,0.7626,0.4654,0.0052,249
2,1,6,20,0,2,1,1,0.6077,0.5339,0.6215,0.243,178
2,1,6,21,0,2,1,2,0.7349,0.6585,0.6127,0.3244,153
2,1,6,22,0,2,1,1,0.7459,0.7155,0.6716,0.1414,129
2,1,6,23,0,2,1,1,0.723,0.6905,0.6562,0.2084,75
2,1,6,0,0,3,1,1,0.8142,0.8232,0.6684,0.4535,40
2,1,6,1,0,3,1,1,0.7413,0.7018,0.4647,0.0467,22
2,1,6,2,0,3,1,3,0.8008,0.7723,0.5812,0.3134,10
2,1,6,3,0,3,1,1,0.5941,0.5632,0.6392,0.0825,12
2,1,6,4,0,3,1,1,0.7266,0.7148,0.5696,0.0536,23
2,1,6,5,0,3,1,2,0.7802,0.794,0.6756,0.29,56
2,1,6,6,1,3,0,3,0.6204,0.6177,0.7272,0.309,40
2,1,6,7,0,3,1,2,0.4304,0.468,0.4985,0.3193,278
2,1,6,8,0,3,1,3,0.5857,0.5727,0.5938,0.2844,307
2,1,6,9,0,3,1,2,0.6237,0.5449,0.5345,0.3074,165
2,1,6,10,0,3,1,2,0.7137,0.6533,0.547,0.074,170
2,1,6,11,0,3,1,1,0.6348,0.6277,0.4008,0.7455,207
2,1,6,12,0,3,1,1,0.6747,0.6337,0.6476,0.2621,242
2,1,6,13,0,3,1,1,0.6321,0.6006,0.9419,0.2848,267
2,1,6,14,0,3,1,2,0.6654,0.6079,0.6481,0.5684,128
2,1,6,15,0,3,1,2,0.6698,0.6796,0.8727,0.1462,212
2,1,6,16,0,3,1,2,0.6302,0.6446,0.7529,0.5862,277
2,1,6,17,0,3,1,2,0.7319,0.6885,0.5077,0.2142,316
2,1,6,18,0,3,1,2,0.7711,0.7259,0.6489,0.3307,332
2,1,6,19,0,3,1,1,0.594,0.6026,0.6922,0.5695,219
2,1,6,20,0,3,1,1,0.6896,0.6865,0.6859,0.3166,143
2,1,6,21,0,3,1,2,0.5744,0.4967,0.5114,0.4223,113
2,1,6,22,0,3,1,1,0.5517,0.5445,0.6233,0.1484,117
2,1,6,23,1,3,0,3,0.747,0.7245,0.7986,0.0531,26
2,1,6,0,0,4,1,1,0.8168,0.7816,0.4122,0.0579,47
2,1,6,1,0,4,1,1,0.6533,0.5943,0.7228,0.0252,20
2,1,6,2,0,4,1,2,0.8046,0.7387,0.7405,0.2212,12
2,1,6,3,0,4,1,1,0.6309,0.5064,0.3931,0.0865,10
2,1,6,4,0,4,1,2,0.6599,0.6072,0.5234,0.2505,19
2,1,6,5,0,4,1,1,0.793,0.6943,0.5656,0.4305,57
2,1,6,6,0,4,1,1,0.6124,0.5656,0.7039,0.0864,140
2,1,6,7,0,4,1,2,0.7405,0.7155,0.5996,0.4732,238
2,1,6,8,0,4,1,1,0.6519,0.5843,0.5326,0.1968,340
2,1,6,9,0,4,1,2,0.6258,0.6345,0.6083,0.1538,169
2,1,6,10,0,4,1,1,0.6407,0.6673,0.6508,0.0923,183
2,1,6,11,0,4,1,2,0.5245,0.5054,0.5794,0.1568,182
2,1,6,12,0,4,1,1,0.7646,0.7446,0.7938,0.0421,247
2,1,6,13,0,4,1,1,0.6921,0.609,0.6028,0.3849,187
2,1,6,14,0,4,1,2,0.6659,0.6381,0.6877,0.2071,141
2,1,6,15,0,4,1,2,0.6278,0.5542,0.4718,0.159,232
2,1,6,16,0,4,1,3,0.6981,0.6115,0.6423,0.2035,172
2,1,6,17,0,4,1,2,0.7381,0.6633,0.5379,0.4878,242
2,1,6,18,0,4,1,2,0.6571,0.6196,0.5381,0.3733,248
2,1,6,19,0,4,1,1,0.7437,0.7053,0.7837,0.1474,273
2,1,6,20,0,4,1,2,0.6956,0.6586,0.5197,0.305,152
2,1,6,21,0,4,1,2,0.6698,0.6014,0.5371,0.511,129
2,1,6,22,0,4,1,2,0.7402,0.7063,0.3913,0.0704,108
2,1,6,23,0,4,1,2,0.6407,0.5878,0.4925,0.4368,69
2,1,6,0,0,5,0,1,0.5905,0.5648,0.3959,0.2074,29
2,1,6,1,0,5,0,2,0.6744,0.6336,0.7409,0.5683,11
2,1,6,2,0,5,0,2,0.6806,0.5925,0.6437,0.2164,8
2,1,6,3,0,5,0,1,0.6625,0.609,0.6963,0.0413,7
2,1,6,4,0,5,0,2,0.7614,0.7396,0.6553,0.4749,9
2,1,6,5,0,5,0,2,0.7131,0.7026,0.4844,0.2977,33
2,1,6,6,0,5,0,2,0.67,0.5996,0.6976,0.2237,83
2,1,6,7,0,5,0,3,0.6777,0.6209,0.5764,0.5556,148
2,1,6,8,0,5,0,1,0.6837,0.6361,0.6692,0.198,270
2,1,6,9,0,5,0,1,0.7149,0.7143,0.2718,0.1316,179
2,1,6,10,0,5,0,1,0.6818,0.6618,0.4563,0.0578,129
2,1,6,11,0,5,0,3,0.6673,0.5955,0.5149,0.3112,102
2,1,6,12,0,5,0,1,0.5847,0.5702,0.6363,0.2053,188
2,1,6,13,0,5,0,2,0.6284,0.635,0.4105,0.3342,114
2,1,6,14,0,5,0,2,0.6975,0.6691,0.8724,0.1431,106
2,1,6,15,0,5,0,2,0.6913,0.6334,0.7511,0.2917,153
2,1,6,16,0,5,0,1,0.5741,0.5709,0.7557,0.1555,207
2,1,6,17,0,5,0,1,0.6388,0.6124,0.772,0.1605,314
2,1,6,18,0,5,0,3,0.613,0.5749,0.6649,0.5903,173
2,1,6,19,0,5,0,2,0.7736,0.7617,0.4641,0.3257,169
2,1,6,20,0,5,0,1,0.6957,0.6608,0.6546,0.2955,130
2,1,6,21,0,5,0,1,0.7082,0.6752,0.5405,0.1415,105
2,1,6,22,0,5,0,2,0.6734,0.6656,0.5717,0.3606,69
2,1,6,23,0,5,0,3,0.6343,0.5875,0.7022,0.2431,35
2,1,6,0,0,6,0,2,0.6486,0.5815,0.5327,0.182,25
2,1,6,1,0,6,0,1,0.7143,0.6884,0.5264,0.0429,15
2,1,6,2,0,6,0,2,0.6616,0.6752,0.7156,0.1672,8
2,1,6,3,0,6,0,1,0.715,0.6111,0.5021,0.1658,7
2,1,6,4,0,6,0,3,0.6898,0.6773,0.5632,0.2454,8
2,1,6,5,0,6,0,1,0.7005,0.6665,0.5902,0.1883,34
2,1,6,6,0,6,0,1,0.7041,0.6529,0.67,0.2095,78
2,1,6,7,0,6,0,1,0.643,0.5915,0.6881,0.2612,262
2,1,6,8,0,6,0,1,0.6581,0.6522,0.5206,0.3446,264
2,1,6,9,0,6,0,1,0.7434,0.7267,0.3995,0.3951,177
2,1,6,10,0,6,0,2,0.8077,0.7362,0.7539,0.1172,100
2,1,6,11,0,6,0,2,0.7441,0.716,0.3303,0.5017,127
2,1,6,12,0,6,0,2,0.4846,0.5015,0.6491,0.0943,151
2,1,6,13,0,6,0,1,0.6268,0.6163,0.5947,0.1685,124
2,1,6,14,0,6,0,1,0.6879,0.6034,0.6317,0.1405,153
2,1,6,15,0,6,0,2,0.6029,0.5922,0.6374,0.4057,137
2,1,6,16,0,6,0,2,0.5997,0.5323,0.5718,0.3791,134
2,1,6,17,0,6,0,1,0.6505,0.6245,0.5903,0.1102,246
2,1,6,18,0,6,0,2,0.704,0.6464,0.6403,0.1994,230
2,1,6,19,0,6,0,1,0.723,0.699,0.6323,0.1436,199
2,1,6,20,0,6,0,1,0.6541,0.6013,0.2667,0.1462,134
2,1,6,21,0,6,0,1,0.6487,0.5849,0.592,0.0948,140
2,1,6,22,0,6,0,2,0.6208,0.5992,0.6963,0.5577,68
2,1,6,23,0,6,0,1,0.7153,0.683,0.5137,0.4798,43
2,1,6,0,0,0,1,1,0.7123,0.7013,0.6566,0.5556,41
2,1,6,1,0,0,1,2,0.745,0.6918,0.7236,0.2551,15
2,1,6,2,0,0,1,1,0.6906,0.6106,0.6123,0.2057,12
2,1,6,3,0,0,1,1,0.5897,0.5805,0.616,0.3844,12
2,1,6,4,0,0,1,2,0.6571,0.6676,0.4383,0.0781,14
2,1,6,5,0,0,1,2,0.7415,0.6871,0.5899,0.6022,45
2,1,6,6,0,0,1,1,0.56,0.5466,0.6608,0.4034,173
2,1,6,7,0,0,1,1,0.6755,0.6324,0.5487,0.6122,239
2,1,6,8,0,0,1,1,0.7014,0.7243,0.5548,0.1312,302
2,1,6,9,0,0,1,4,0.8217,0.7649,0.6634,0.3523,132
2,1,6,10,0,0,1,2,0.6394,0.6061,0.6438,0.4807,157
2,1,6,11,0,0,1,1,0.673,0.5787,0.6571,0.2149,228
2,1,6,12,0,0,1,3,0.7996,0.8068,0.4127,0.0714,184
2,1,6,13,0,0,1,1,0.6403,0.5923,0.6519,0.235,207
2,1,6,14,0,0,1,1,0.7567,0.7578,0.4089,0.2597,201
2,1,6,15,0,0,1,3,0.709,0.6534,0.5688,0.2344,157
2,1,6,16,0,0,1,2,0.666,0.6303,0.8338,0.2179,249
2,1,6,17,0,0,1,2,0.7131,0.654,0.6691,0.2859,315
2,1,6,18,0,0,1,2,0.6712,0.6096,0.6403,0.2152,288
2,1,6,19,0,0,1,3,0.8395,0.7888,0.5007,0.4036,176
2,1,6,20,0,0,1,1,0.5369,0.5059,0.7862,0.4948,178
2,1,6,21,0,0,1,1,0.6617,0.6177,0.6384,0.2575,131
2,1,6,22,0,0,1,1,0.6638,0.5849,0.3227,0.2222,110
2,1,6,23,0,0,1,3,0.6721,0.647,0.5195,0.207,44
2,1,6,0,0,1,1,1,0.7587,0.6621,0.6348,0.0817,39
2,1,6,1,0,1,1,1,0.6518,0.6091,0.5749,0.1981,22
2,1,6,2,0,1,1,1,0.7175,0.6342,0.7319,0.5854,12
2,1,6,3,0,1,1,1,0.6993,0.6913,0.4665,0.27,11
2,1,6,4,0,1,1,2,0.7418,0.7416,0.6228,0.3971,19
2,1,6,5,0,1,1,1,0.6735,0.6576,0.5265,0.1986,66
2,1,6,6,0,1,1,2,0.7056,0.6561,0.6208,0.2234,139
2,1,6,7,0,1,1,2,0.6744,0.6185,0.5359,0.2579,226
2,1,6,8,0,1,1,2,0.614,0.5757,0.609,0.2544,307
2,1,6,9,0,1,1,2,0.795,0.7536,0.7831,0.3433,166
2,1,6,10,0,1,1,1,0.6297,0.6127,0.4123,0.5983,187
2,1,6,11,0,1,1,2,0.6496,0.629,0.849,0.3445,202
2,1,6,12,1,1,0,2,0.6231,0.5308,1.0,0.1917,68
2,1,6,13,0,1,1,1,0.7112,0.6955,0.5416,0.0555,233
2,1,6,14,0,1,1,1,0.6496,0.6287,0.7697,0.3704,200
2,1,6,15,0,1,1,2,0.7891,0.7262,0.7095,0.1313,167
2,1,6,16,0,1,1,2,0.7204,0.6554,0.6943,0.2648,215
2,1,6,17,0,1,1,2,0.6637,0.6324,0.5105,0.0144,346
2,1,6,18,0,1,1,1,0.6194,0.5938,0.4885,0.3183,301
2,1,6,19,0,1,1,1,0.6753,0.6085,0.5446,0.0651,310
2,1,6,20,0,1,1,3,0.7195,0.6852,0.5508,0.2833,119
2,1,6,21,0,1,1,1,0.6799,0.6514,0.4543,0.2001,172
2,1,6,22,0,1,1,4,0.6732,0.6653,0.5074,0.1791,65
2,1,6,23,0,1,1,2,0.6116,0.5777,0.7227,0.4789,62
2,1,6,0,0,2,1,2,0.8416,0.7387,0.7881,0.1077,37
2,1,6,1,0,2,1,1,0.6705,0.6446,0.4938,0.3205,18
2,1,6,2,0,2,1,3,0.5884,0.5082,0.8956,0.1826,7
2,1,6,3,0,2,1,3,0.6093,0.5534,0.4305,0.6624,7
2,1,6,4,0,2,1,2,0.6605,0.587,0.4605,0.4133,15
2,1,6,5,0,2,1,2,0.8207,0.7945,0.3762,0.2257,54
2,1,6,6,0,2,1,2,0.6727,0.6064,0.3859,0.2399,103
2,1,6,7,0,2,1,1,0.6584,0.6554,0.7397,0.0941,351
2,1,6,8,0,2,1,4,0.7437,0.6718,0.545,0.3383,238
2,1,6,9,0,2,1,1,0.7488,0.651,0.5971,0.2614,237
2,1,6,10,0,2,1,2,0.7307,0.6838,0.559,0.4932,163
2,1,6,11,0,2,1,1,0.6986,0.6238,0.4415,0.0784,228
2,1,6,12,0,2,1,2,0.6073,0.6164,0.3886,0.4844,225
2,1,6,13,0,2,1,2,0.632,0.58,0.3285,0.6441,145
2,1,6,14,0,2,1,2,0.5732,0.5792,0.5578,0.1141,168
2,1,6,15,0,2,1,1,0.6689,0.6263,0.6407,0.4748,214
2,1,6,16,0,2,1,1,0.6549,0.6328,0.4743,0.5215,310
2,1,6,17,0,2,1,1,0.6476,0.5993,0.3145,0.263,394
2,1,6,18,0,2,1,3,0.7041,0.7403,0.6968,0.3128,230
2,1,6,19,0,2,1,1,0.6386,0.5722,0.7129,0.4284,207
2,1,6,20,0,2,1,3,0.6608,0.5362,0.4153,0.2745,140
2,1,6,21,0,2,1,1,0.6506,0.6258,0.4397,0.1071,165
2,1,6,22,0,2,1,3,0.6824,0.6175,0.6769,0.4954,67
2,1,6,23,0,2,1,2,0.7101,0.6807,0.3507,0.1781,61
2,1,6,0,0,3,1,2,0.5919,0.5603,0.419,0.2351,29
2,1,6,1,0,3,1,2,0.7178,0.666,0.7595,0.3383,17
2,1,6,2,0,3,1,2,0.7045,0.6571,0.5207,0.0859,10
2,1,6,3,0,3,1,2,0.7154,0.6919,0.5893,0.3346,10
2,1,6,4,0,3,1,1,0.6954,0.6498,0.4426,0.3025,21
2,1,6,5,0,3,1,3,0.7114,0.6712,0.7223,0.0392,43
2,1,6,6,0,3,1,2,0.657,0.6092,0.5744,0.2114,120
2,1,6,7,0,3,1,1,0.7171,0.7301,0.7062,0.3937,336
2,1,6,8,0,3,1,1,0.7662,0.7671,0.5204,0.0304,440
2,1,6,9,0,3,1,2,0.6514,0.5746,0.446,0.429,194
2,1,6,10,0,3,1,3,0.6539,0.6213,0.5689,0.1821,123
2,1,6,11,0,3,1,2,0.7302,0.6692,0.4814,0.4129,216
2,1,6,12,0,3,1,1,0.6473,0.5775,0.5204,0.2372,295
2,1,6,13,0,3,1,2,0.6357,0.508,0.4805,0.5225,137
2,1,6,14,0,3,1,1,0.7156,0.6701,0.43,0.0913,165
2,1,6,15,0,3,1,1,0.6559,0.6157,0.6757,0.7738,201
2,1,6,16,0,3,1,2,0.7716,0.7737,0.6394,0.0818,301
2,1,6,17,0,3,1,1,0.6534,0.6522,0.4617,0.3881,321
2,1,6,18,0,3,1,1,0.6287,0.612,0.7964,0.0934,309
2,1,6,19,0,3,1,1,0.6857,0.6736,0.4934,0.3504,241
2,1,6,20,0,3,1,1,0.7165,0.7063,0.6834,0.4901,204
2,1,6,21,0,3,1,1,0.7085,0.6877,0.2676,0.3454,152
2,1,6,22,0,3,1,1,0.7238,0.7291,0.5471,0.456,112
2,1,6,23,0,3,1,2,0.6473,0.5769,0.3592,0.425,63
2,1,6,0,0,4,1,3,0.7669,0.7139,0.4789,0.598,24
2,1,6,1,0,4,1,1,0.5716,0.5241,0.6324,0.2581,18
2,1,6,2,0,4,1,3,0.6328,0.5846,0.6185,0.4495,6
2,1,6,3,0,4,1,2,0.6901,0.6511,0.4912,0.1721,8
2,1,6,4,0,4,1,1,0.6386,0.6557,0.5885,0.3787,21
2,1,6,5,0,4,1,1,0.6658,0.6593,0.6197,0.0691,60
2,1,6,6,0,4,1,1,0.6187,0.6245,0.5066,0.3059,126
2,1,6,7,0,4,1,2,0.6729,0.6369,0.6644,0.2846,241
2,1,6,8,0,4,1,2,0.7198,0.6802,0.5998,0.2891,251
2,1,6,9,0,4,1,1,0.6499,0.6348,0.5183,0.1633,242
2,1,6,10,0,4,1,1,0.6259,0.6076,0.8026,0.194,144
2,1,6,11,0,4,1,1,0.6552,0.6354,0.5354,0.3899,188
2,1,6,12,0,4,1,2,0.7647,0.796,0.4546,0.1245,211
2,1,6,13,0,4,1,1,0.7641,0.7435,0.7017,0.3572,187
2,1,6,14,0,4,1,2,0.654,0.5977,0.6583,0.6141,154
2,1,6,15,0,4,1,2,0.723,0.6657,0.3396,0.2568,197
2,1,6,16,0,4,1,2,0.6861,0.6771,0.3459,0.321,225
2,1,6,17,0,4,1,1,0.7773,0.7614,0.6405,0.1077,426
2,1,6,18,0,4,1,1,0.7008,0.6952,0.4986,0.1867,334
2,1,6,19,0,4,1,1,0.6733,0.6553,0.6197,0.0642,323
2,1,6,20,0,4,1,2,0.7994,0.7282,0.5355,0.5114,146
2,1,6,21,0,4,1,1,0.6228,0.6377,0.6468,0.0774,157
2,1,6,22,0,4,1,1,0.7098,0.7146,0.674,0.3824,120
2,1,6,23,0,4,1,1,0.7831,0.7323,0.3578,0.1191,89
2,1,6,0,0,5,0,2,0.7354,0.7096,0.4633,0.0091,31
2,1,6,1,0,5,0,2,0.6353,0.6091,0.7756,0.3143,13
2,1,6,2,1,5,0,2,0.6316,0.5888,0.637,0.1835,5
2,1,6,3,0,5,0,2,0.5901,0.5259,0.6676,0.0884,9
2,1,6,4,0,5,0,3,0.7925,0.7702,0.8629,0.2355,11
2,1,6,5,0,5,0,3,0.6094,0.5342,0.7268,0.1376,33
2,1,6,6,0,5,0,1,0.7387,0.6839,0.5985,0.4321,99
2,1,6,7,0,5,0,1,0.5889,0.6108,0.4493,0.2669,173
2,1,6,8,0,5,0,3,0.8677,0.8368,0.749,0.4951,173
2,1,6,9,0,5,0,2,0.594,0.5758,0.7523,0.3465,146
2,1,6,10,0,5,0,3,0.6917,0.6483,0.6211,0.1235,90
2,1,6,11,0,5,0,2,0.7736,0.6881,0.8279,0.3224,96
2,1,6,12,0,5,0,3,0.6395,0.62,0.6391,0.3359,126
2,1,6,13,0,5,0,1,0.7282,0.7068,0.613,0.2933,151
2,1,6,14,0,5,0,2,0.669,0.6594,0.7492,0.1659,77
2,1,6,15,0,5,0,2,0.7159,0.6683,0.6645,0.5238,149
2,1,6,16,0,5,0,1,0.7644,0.7139,0.6967,0.3222,201
2,1,6,17,0,5,0,1,0.6588,0.6429,0.3471,0.0706,259
2,1,6,18,0,5,0,1,0.7935,0.7161,0.6483,0.27,192
2,1,6,19,0,5,0,1,0.7134,0.7021,0.5451,0.5128,174
2,1,6,20,0,5,0,3,0.8251,0.7791,0.5373,0.0818,104
2,1,6,21,0,5,0,3,0.6305,0.6078,0.5766,0.0803,81
2,1,6,22,0,5,0,3,0.6438,0.6808,0.5215,0.075,47
2,1,6,23,0,5,0,3,0.6725,0.6307,0.6912,0.3306,41
2,1,6,0,0,6,0,2,0.6051,0.579,0.4606,0.1623,22
2,1,6,1,0,6,0,3,0.7548,0.718,0.3883,0.2062,10
2,1,6,2,0,6,0,1,0.6847,0.5911,0.5876,0.2083,9
2,1,6,3,0,6,0,1,0.6098,0.5976,0.7655,0.2802,8
2,1,6,4,0,6,0,3,0.6324,0.5306,0.5422,0.4821,8
2,1,6,5,0,6,0,2,0.6291,0.6204,0.5734,0.2087,29
2,1,6,6,0,6,0,2,0.7546,0.6962,0.5706,0.5268,86
2,1,6,7,0,6,0,2,0.722,0.6637,0.9074,0.1276,163
2,1,6,8,0,6,0,1,0.6807,0.6455,0.7185,0.3238,311
2,1,6,9,0,6,0,1,0.6644,0.5914,0.5336,0.1779,188
2,1,6,10,0,6,0,2,0.6733,0.6362,0.5807,0.2676,113
2,1,6,11,0,6,0,2,0.8147,0.7411,0.5111,0.165,127
2,1,6,12,0,6,0,1,0.6736,0.6012,0.8291,0.5377,178
2,1,6,13,0,6,0,2,0.75,0.706,0.421,0.1023,140
2,1,6,14,0,6,0,1,0.6669,0.6703,0.4881,0.2132,123
2,1,6,15,0,6,0,2,0.8078,0.789,0.7121,0.4554,117
2,1,6,16,0,6,0,2,0.6046,0.5581,0.8098,0.6406,155
2,1,6,17,0,6,0,1,0.7465,0.7042,0.6036,0.1539,241
2,1,6,18,0,6,0,3,0.6368,0.5887,0.5725,0.4247,172
2,1,6,19,0,6,0,2,0.8449,0.7668,0.6101,0.1289,201
2,1,6,20,0,6,0,3,0.7388,0.6704,0.6148,0.1194,89
2,1,6,21,0,6,0,2,0.5707,0.5501,0.8578,0.1202,101
2,1,6,22,0,6,0,3,0.6248,0.5716,0.6583,0.1218,62
2,1,6,23,0,6,0,2,0.7379,0.6992,0.5615,0.2672,55
2,1,6,0,0,0,1,2,0.7372,0.6697,0.6545,0.1186,34
2,1,6,1,0,0,1,2,0.732,0.7191,0.7191,0.3014,16
2,1,6,2,0,0,1,2,0.7021,0.6862,0.4931,0.2371,9
2,1,6,3,0,0,1,1,0.6688,0.6821,0.6374,0.4509,14
2,1,6,4,0,0,1,1,0.7672,0.7697,0.6096,0.3829,22
2,1,6,5,0,0,1,1,0.6307,0.5715,0.4687,0.2951,50
2,1,6,6,0,0,1,2,0.6949,0.6344,0.5559,0.3742,134
2,1,6,7,0,0,1,1,0.6477,0.6259,0.5489,0.4068,302
2,1,6,8,0,0,1,2,0.6422,0.5835,0.5471,0.3287,325
2,1,6,9,1,0,0,1,0.659,0.6331,0.8314,0.3443,84
2,1,6,10,0,0,1,1,0.6397,0.5973,0.6091,0.178,205
2,1,6,11,0,0,1,2,0.7296,0.7207,0.6485,0.0422,188
2,1,6,12,0,0,1,3,0.5878,0.5868,0.6856,0.3843,180
2,1,6,13,0,0,1,1,0.7213,0.6761,0.5989,0.2238,178
2,1,6,14,0,0,1,3,0.6468,0.5595,0.5535,0.179,128
2,1,6,15,0,0,1,1,0.6933,0.6889,0.7856,0.1417,172
2,1,6,16,0,0,1,1,0.6795,0.6272,0.7865,0.1206,302
2,1,6,17,0,0,1,1,0.6562,0.6227,0.7156,0.1349,358
2,1,6,18,0,0,1,1,0.7761,0.7332,0.5935,0.4013,287
2,1,6,19,0,0,1,1,0.6652,0.6435,0.6489,0.061,286
2,1,6,20,0,0,1,1,0.7404,0.6847,0.5092,0.1858,181
2,1,6,21,0,0,1,2,0.7413,0.6707,0.6187,0.2635,140
2,1,6,22,0,0,1,2,0.6721,0.643,0.4656,0.0779,104
2,1,6,23,0,0,1,1,0.6031,0.5977,0.7025,0.1581,79
2,1,6,0,0,1,1,3,0.6305,0.5953,0.8051,0.292,34
2,1,6,1,1,1,0,2,0.7818,0.7389,0.4723,0.3403,8
2,1,6,2,0,1,1,1,0.7267,0.6548,0.8182,0.1285,13
2,1,6,3,0,1,1,1,0.702,0.6823,0.6828,0.1018,12
2,1,6,4,0,1,1,1,0.6526,0.6375,0.5143,0.1095,20
2,1,6,5,0,1,1,2,0.8135,0.7696,0.6383,0.0623,42
2,1,6,6,0,1,1,2,0.6315,0.5707,0.7923,0.1634,108
2,1,6,7,0,1,1,1,0.702,0.6694,0.7563,0.2898,298
2,1,6,8,0,1,1,1,0.7274,0.696,0.7526,0.0334,421
2,1,6,9,0,1,1,1,0.6009,0.5696,0.563,0.1484,198
2,1,6,10,0,1,1,1,0.6392,0.5747,0.4951,0.6838,168
2,1,6,11,0,1,1,2,0.6602,0.6348,0.6074,0.7414,162
2,1,6,12,0,1,1,3,0.7526,0.7198,0.6221,0.1638,187
2,1,6,13,0,1,1,1,0.6616,0.6411,0.5819,0.4997,229
2,1,6,14,0,1,1,1,0.5917,0.558,0.5344,0.4489,144
2,1,6,15,0,1,1,1,0.585,0.5942,0.4865,0.3141,204
2,1,6,16,0,1,1,1,0.6386,0.6066,0.6931,0.7029,257
2,1,6,17,0,1,1,2,0.5879,0.6004,0.5228,0.2882,282
2,1,6,18,0,1,1,3,0.7461,0.7154,0.7043,0.2384,234
2,1,6,19,0,1,1,2,0.7488,0.6766,0.5717,0.2244,211
2,1,6,20,0,1,1,1,0.6927,0.6832,0.5961,0.1948,198
2,1,6,21,0,1,1,3,0.6738,0.6292,0.4662,0.1016,108
2,1,6,22,0,1,1,2,0.7442,0.6936,0.6558,0.3807,83
2,1,6,23,0,1,1,1,0.7413,0.7353,0.5745,0.1441,75
2,1,6,0,0,2,1,3,0.6242,0.5555,0.4793,0.1068,25
2,1,6,1,0,2,1,2,0.6339,0.5496,0.581,0.6372,13
2,1,6,2,0,2,1,2,0.7427,0.699,0.505,0.2372,10
2,1,6,3,0,2,1,1,0.7122,0.6857,0.4194,0.186,12
2,1,6,4,0,2,1,1,0.7359,0.7251,0.699,0.0113,21
2,1,6,5,0,2,1,2,0.6307,0.6035,0.4707,0.3041,50
2,1,6,6,0,2,1,2,0.6407,0.5411,0.663,0.4922,123
2,1,6,7,0,2,1,3,0.7258,0.6603,0.8828,0.1997,264
2,1,6,8,0,2,1,1,0.6455,0.5755,0.4957,0.5005,378
2,1,6,9,0,2,1,1,0.5869,0.501,0.6644,0.3302,181
2,1,6,10,0,2,1,2,0.6466,0.6092,0.5597,0.2339,143
2,1,6,11,0,2,1,2,0.6789,0.6603,0.6384,0.1949,208
2,1,6,12,0,2,1,1,0.8124,0.8009,0.3959,0.1538,249
2,1,6,13,0,2,1,2,0.6346,0.6178,0.6575,0.1257,152
2,1,6,14,0,2,1,2,0.689,0.6378,0.621,0.2488,152
2,1,6,15,0,2,1,2,0.8363,0.8269,0.8978,0.1451,175
2,1,6,16,0,2,1,1,0.6167,0.5796,0.3633,0.1598,247
2,1,6,17,0,2,1,2,0.7395,0.7044,0.5505,0.0474,338
2,1,6,18,0,2,1,2,0.6435,0.5915,0.6633,0.068,268
2,1,6,19,0,2,1,2,0.7214,0.678,0.7141,0.2257,252
2,1,6,20,0,2,1,2,0.8567,0.8012,0.5936,0.0493,165
2,1,6,21,0,2,1,2,0.7487,0.6698,0.7602,0.0602,172
2,1,6,22,0,2,1,1,0.7039,0.6878,0.6162,0.2175,110
2,1,6,23,0,2,1,1,0.6267,0.6004,0.6248,0.288,90
2,1,6,0,0,3,1,1,0.682,0.6717,0.4015,0.1421,40
2,1,6,1,0,3,1,2,0.6547,0.6008,0.6795,0.2954,19
2,1,6,2,0,3,1,2,0.5927,0.5842,0.7913,0.0961,11
2,1,6,3,0,3,1,3,0.5452,0.4709,0.4904,0.3797,9
2,1,6,4,0,3,1,2,0.6361,0.6205,0.5563,0.1692,21
2,1,6,5,0,3,1,2,0.692,0.6777,0.4393,0.5794,30
2,1,6,6,0,3,1,2,0.7726,0.7028,0.6651,0.3253,129
2,1,6,7,0,3,1,1,0.6426,0.6439,0.5898,0.336,304
2,1,6,8,0,3,1,2,0.7076,0.719,0.7066,0.2808,353
2,1,6,9,0,3,1,1,0.5752,0.5291,0.6001,0.3854,194
2,1,6,10,0,3,1,1,0.6382,0.6498,0.5977,0.3066,181
2,1,6,11,0,3,1,3,0.5229,0.4457,0.6019,0.3235,186
2,1,6,12,0,3,1,2,0.8506,0.804,0.6296,0.7253,198
2,1,6,13,0,3,1,1,0.7081,0.5943,0.6121,0.1275,208
2,1,6,14,0,3,1,2,0.7059,0.6985,0.6603,0.2513,159
2,1,6,15,0,3,1,3,0.7317,0.6492,0.7807,0.3819,157
2,1,6,16,0,3,1,1,0.8715,0.7694,0.7263,0.2141,230
2,1,6,17,0,3,1,3,0.6638,0.6384,0.82,0.1853,306
2,1,6,18,0,3,1,3,0.6256,0.6254,0.469,0.5263,185
2,1,6,19,0,3,1,2,0.8342,0.7804,0.5186,0.3693,198
2,1,6,20,0,3,1,1,0.6081,0.5818,0.7424,0.2725,191
2,1,6,21,0,3,1,1,0.7851,0.7987,0.4879,0.3741,170
2,1,6,22,0,3,1,1,0.6891,0.6261,0.8037,0.4929,129
2,1,6,23,0,3,1,1,0.7246,0.6589,0.5481,0.0672,81
2,1,6,0,0,4,1,2,0.5945,0.5974,0.5928,0.1622,29
2,1,6,1,0,4,1,3,0.8767,0.8396,0.5655,0.3494,14
2,1,6,2,0,4,1,1,0.6684,0.6777,0.6116,0.3167,10
2,1,6,3,0,4,1,2,0.646,0.5748,0.8091,0.0958,8
2,1,6,4,0,4,1,2,0.7335,0.6432,0.7683,0.1812,15
2,1,6,5,0,4,1,1,0.65,0.5744,0.8451,0.3278,51
2,1,6,6,0,4,1,2,0.7248,0.7098,0.884,0.2589,111
2,1,6,7,0,4,1,3,0.6068,0.6125,0.5552,0.3293,221
2,1,6,8,1,4,0,1,0.7053,0.7022,0.4888,0.0195,170
2,1,6,9,0,4,1,1,0.6529,0.6369,0.6298,0.0055,304
2,1,6,10,0,4,1,2,0.6403,0.6459,0.6493,0.325,139
2,1,6,11,0,4,1,1,0.6292,0.5795,0.4334,0.079,231
2,1,6,12,0,4,1,3,0.7571,0.6597,0.7054,0.4925,137
2,1,6,13,0,4,1,3,0.6706,0.5886,0.4853,0.4179,167
2,1,6,14,0,4,1,1,0.6822,0.6045,0.5611,0.2799,177
2,1,6,15,0,4,1,2,0.725,0.6307,0.6994,0.3069,157
2,1,6,16,0,4,1,2,0.7749,0.6954,0.6671,0.2335,176
2,1,6,17,0,4,1,1,0.6305,0.5712,0.6192,0.3908,365
2,1,6,18,0,4,1,2,0.7106,0.6932,0.6393,0.1112,320
2,1,6,19,0,4,1,3,0.6314,0.6087,0.6889,0.5167,178
2,1,6,20,0,4,1,1,0.6805,0.6917,0.5378,0.1179,206
2,1,6,21,0,4,1,2,0.7697,0.694,0.6495,0.1035,145
2,1,6,22,0,4,1,1,0.5309,0.5155,0.6097,0.2909,110
2,1,6,23,0,4,1,1,0.6305,0.6385,0.6268,0.2739,90
2,1,6,0,0,5,0,3,0.6797,0.6304,0.75,0.1076,20
2,1,6,1,0,5,0,2,0.7226,0.6731,0.6455,0.1175,10
2,1,6,2,0,5,0,2,0.7813,0.7837,0.7819,0.4408,7
2,1,6,3,0,5,0,1,0.5771,0.5376,0.5516,0.0158,8
2,1,6,4,0,5,0,3,0.795,0.7983,0.5999,0.1095,8
2,1,6,5,0,5,0,1,0.7324,0.6513,0.4284,0.3256,38
2,1,6,6,0,5,0,2,0.6791,0.6937,0.4955,0.5302,76
2,1,6,7,0,5,0,1,0.5931,0.6012,0.5661,0.2307,214
2,1,6,8,0,5,0,2,0.6559,0.5944,0.6679,0.2702,229
2,1,6,9,0,5,0,2,0.7677,0.7201,0.551,0.1392,132
2,1,6,10,0,5,0,1,0.6978,0.6257,0.4802,0.4758,112
2,1,6,11,0,5,0,2,0.6833,0.6343,0.6524,0.1049,153
2,1,6,12,0,5,0,1,0.6279,0.5496,0.4111,0.4263,197
2,1,6,13,0,5,0,2,0.7474,0.6566,0.4155,0.2017,104
2,1,6,14,0,5,0,2,0.6854,0.6136,0.5127,0.2445,91
2,1,6,15,0,5,0,3,0.6794,0.6765,0.6584,0.6109,99
2,1,6,16,0,5,0,1,0.6893,0.599,0.5064,0.1656,204
2,1,6,17,0,5,0,1,0.6508,0.6594,0.6227,0.5226,238
2,1,6,18,0,5,0,1,0.6389,0.6343,0.701,0.1571,203
2,1,6,19,0,5,0,1,0.5896,0.5996,0.6676,0.6134,164
2,1,6,20,0,5,0,2,0.6526,0.6303,0.8184,0.2558,97
2,1,6,21,1,5,0,1,0.5699,0.5909,0.6307,0.283,77
2,1,6,22,0,5,0,1,0.7299,0.6504,0.782,0.3656,96
2,1,6,23,0,5,0,1,0.6492,0.6578,0.6859,0.0983,61
2,1,6,0,0,6,0,2,0.6692,0.727,0.5648,0.3141,26
2,1,6,1,0,6,0,2,0.6941,0.6515,0.4966,0.1633,13
2,1,6,2,0,6,0,1,0.6405,0.6068,0.6313,0.1182,5
2,1,6,3,0,6,0,3,0.6144,0.5561,0.456,0.2806,5
2,1,6,4,0,6,0,1,0.7122,0.6786,0.5859,0.7173,16
2,1,6,5,0,6,0,2,0.8289,0.793,0.5943,0.4521,37
2,1,6,6,0,6,0,1,0.7604,0.6515,0.7535,0.6337,84
2,1,6,7,0,6,0,2,0.7863,0.7653,0.5267,0.0902,199
2,1,6,8,0,6,0,1,0.6058,0.6088,0.6649,0.2775,249
2,1,6,9,0,6,0,3,0.6833,0.6227,0.4952,0.3398,121
2,1,6,10,0,6,0,2,0.6828,0.6359,0.7159,0.3551,111
2,1,6,11,0,6,0,2,0.7967,0.7823,0.7936,0.0556,139
2,1,6,12,0,6,0,2,0.7608,0.6949,0.5123,0.2274,162
2,1,6,13,0,6,0,1,0.6852,0.6732,0.6291,0.0776,140
2,1,6,14,0,6,0,1,0.5365,0.5182,0.9227,0.1295,118
2,1,6,15,0,6,0,3,0.6155,0.6548,0.5232,0.4835,122
2,1,6,16,0,6,0,2,0.741,0.7001,0.4374,0.4613,180
2,1,6,17,0,6,0,1,0.6742,0.6245,0.639,0.3418,286
2,1,6,18,0,6,0,1,0.6889,0.6619,0.484,0.0834,248
2,1,6,19,0,6,0,1,0.7396,0.7061,0.6566,0.3514,181
2,1,6,20,0,6,0,2,0.7759,0.7861,0.7164,0.1975,140
2,1,6,21,0,6,0,2,0.6421,0.6574,0.489,0.3176,75
2,1,6,22,0,6,0,2,0.7381,0.6793,0.4353,0.1098,73
2,1,6,23,0,6,0,1,0.8095,0.7632,0.7349,0.7651,45
2,1,6,0,0,0,1,3,0.7973,0.7366,0.8208,0.085,31
2,1,6,1,0,0,1,1,0.6602,0.601,0.5761,0.1294,24
2,1,6,2,0,0,1,1,0.718,0.5842,0.7788,0.3581,13
2,1,6,3,0,0,1,3,0.7499,0.7631,0.8246,0.4176,8
2,1,6,4,0,0,1,2,0.6987,0.6437,0.6983,0.2095,18
2,1,6,5,0,0,1,2,0.6799,0.6325,0.6295,0.6068,43
2,1,6,6,0,0,1,3,0.5762,0.6305,0.6942,0.0737,88
2,1,6,7,0,0,1,1,0.6368,0.5857,0.7171,0.3192,273
2,1,6,8,0,0,1,1,0.6487,0.6107,0.3433,0.1703,317
2,1,6,9,0,0,1,1,0.609,0.5866,0.5986,0.466,217
2,1,6,10,0,0,1,1,0.705,0.6799,0.4556,0.349,189
2,1,6,11,0,0,1,2,0.758,0.7015,0.5043,0.1628,144
2,1,6,12,0,0,1,2,0.668,0.6683,0.6512,0.3088,176
2,1,6,13,0,0,1,1,0.5431,0.5207,0.6012,0.3087,223
2,1,6,14,0,0,1,2,0.689,0.658,0.6167,0.515,136
2,1,6,15,0,0,1,1,0.7165,0.6605,0.5971,0.2979,225
2,1,6,16,0,0,1,1,0.7118,0.6723,0.5903,0.3152,283
2,1,6,17,0,0,1,1,0.6468,0.6437,0.6112,0.7129,308
2,1,6,18,0,0,1,2,0.613,0.6117,0.8003,0.5393,296
2,1,6,19,0,0,1,2,0.7594,0.7085,0.6904,0.6391,207
2,1,6,20,0,0,1,3,0.7219,0.6626,0.5004,0.2719,146
2,1,6,21,0,0,1,3,0.6496,0.6435,0.5597,0.4114,95
2,1,6,22,0,0,1,2,0.5922,0.5717,0.695,0.055,89
2,1,6,23,0,0,1,2,0.7129,0.7036,0.5804,0.5913,69
2,1,6,0,0,1,1,2,0.6351,0.5743,0.6752,0.6518,30
2,1,6,1,0,1,1,3,0.7247,0.6878,0.6109,0.1692,17
2,1,6,2,0,1,1,2,0.709,0.6999,0.6389,0.4776,10
2,1,6,3,0,1,1,1,0.8433,0.7798,0.7666,0.071,13
2,1,6,4,0,1,1,1,0.6925,0.7145,0.6618,0.3919,21
2,1,6,5,0,1,1,2,0.838,0.845,0.8458,0.0144,41
2,1,6,6,0,1,1,1,0.7037,0.6624,0.5342,0.3617,155
2,1,6,7,0,1,1,2,0.6512,0.6128,0.5037,0.2908,288
2,1,6,8,0,1,1,3,0.624,0.6025,0.6613,0.1613,240
2,1,6,9,0,1,1,1,0.6365,0.6098,0.5877,0.4002,158
2,1,6,10,0,1,1,1,0.728,0.728,0.6296,0.1172,194
2,1,6,11,0,1,1,1,0.707,0.6452,0.6566,0.0825,219
2,1,6,12,0,1,1,2,0.5692,0.5146,0.4587,0.0125,216
2,1,6,13,0,1,1,2,0.7693,0.739,0.3521,0.1112,216
2,1,6,14,0,1,1,1,0.8013,0.7761,0.7001,0.3321,136
2,1,6,15,0,1,1,2,0.5685,0.539,0.4415,0.3817,201
2,1,6,16,0,1,1,2,0.7688,0.7572,0.5524,0.0534,238
2,1,6,17,0,1,1,1,0.8157,0.816,0.5927,0.4234,384
2,1,6,18,0,1,1,1,0.5722,0.566,0.6036,0.24,330
2,1,6,19,0,1,1,1,0.6652,0.6431,0.7074,0.6301,224
2,1,6,20,0,1,1,2,0.6385,0.6,0.6935,0.1436,196
2,1,6,21,0,1,1,1,0.7661,0.73,0.6422,0.0591,170
2,1,6,22,0,1,1,1,0.6689,0.5945,0.6818,0.4749,114
2,1,6,23,0,1,1,1,0.6661,0.5971,0.4902,0.1418,82
2,1,6,0,0,2,1,2,0.7279,0.7293,0.5244,0.2309,37
2,1,6,1,0,2,1,2,0.8076,0.8198,1.0,0.1985,20
2,1,6,2,0,2,1,1,0.6941,0.6184,0.6327,0.2956,12
2,1,6,3,0,2,1,2,0.6655,0.6486,0.72,0.2963,12
2,1,6,4,0,2,1,2,0.6785,0.5989,0.4766,0.1809,15
2,1,6,5,0,2,1,3,0.7445,0.7567,0.7026,0.2433,39
2,1,6,6,0,2,1,2,0.6052,0.5745,0.584,0.4181,109
2,1,6,7,0,2,1,2,0.6973,0.738,0.5506,0.1577,282
2,1,6,8,0,2,1,1,0.6328,0.5821,0.8255,0.0645,368
2,1,6,9,0,2,1,1,0.6142,0.5682,0.7994,0.28,201
2,1,6,10,0,2,1,3,0.5623,0.5462,0.6111,0.2102,110
2,1,6,11,0,2,1,1,0.6624,0.6564,0.6441,0.0372,205
2,1,6,12,0,2,1,1,0.7739,0.7596,0.5691,0.4697,246
2,1,6,13,0,2,1,2,0.5596,0.5608,0.4776,0.4459,198
2,1,6,14,0,2,1,3,0.7364,0.6928,0.6258,0.2266,126
2,1,6,15,0,2,1,1,0.653,0.6499,0.6443,0.1225,199
2,1,6,16,0,2,1,3,0.624,0.6595,0.7408,0.1809,196
2,1,6,17,0,2,1,1,0.7225,0.7104,0.6862,0.5162,401
2,1,6,18,0,2,1,3,0.7902,0.7261,0.4964,0.374,227
2,1,6,19,0,2,1,3,0.8033,0.7759,0.3697,0.1305,158
2,1,6,20,0,2,1,2,0.7183,0.6236,0.5771,0.2989,149
2,1,6,21,0,2,1,3,0.6935,0.6799,0.4612,0.1102,150
2,1,6,22,0,2,1,3,0.7258,0.6395,0.603,0.06,76
2,1,6,23,0,2,1,3,0.8718,0.8498,0.6693,0.3155,47
2,1,6,0,0,3,1,2,0.6784,0.6433,0.6559,0.3322,29
2,1,6,1,0,3,1,1,0.7783,0.7696,0.5629,0.2831,22
2,1,6,2,0,3,1,1,0.6574,0.626,0.6661,0.2379,13
2,1,6,3,0,3,1,1,0.6407,0.6511,0.7851,0.2255,11
2,1,6,4,0,3,1,2,0.8227,0.7987,0.6657,0.4758,14
2,1,6,5,0,3,1,1,0.6991,0.6972,0.6616,0.1614,51
2,1,6,6,0,3,1,3,0.7146,0.6673,0.553,0.3665,102
2,1,6,7,0,3,1,1,0.7372,0.6872,0.6376,0.2193,255
2,1,6,8,0,3,1,1,0.6364,0.5628,0.8012,0.3467,320
2,1,6,9,0,3,1,1,0.6682,0.6007,0.6111,0.3347,236
2,1,6,10,0,3,1,1,0.6539,0.6241,0.5799,0.34,206
2,1,6,11,0,3,1,1,0.7221,0.688,0.7649,0.2867,232
2,1,6,12,0,3,1,2,0.7245,0.7004,0.5999,0.5768,211
2,1,6,13,0,3,1,1,0.6568,0.6033,0.6913,0.3712,187
2,1,6,14,0,3,1,2,0.8408,0.8039,0.6456,0.3418,176
2,1,6,15,0,3,1,1,0.697,0.7025,0.6827,0.2253,234
2,1,6,16,0,3,1,2,0.7061,0.6838,0.7211,0.3209,241
2,1,6,17,0,3,1,2,0.7929,0.7545,0.7738,0.3834,332
2,1,6,18,0,3,1,1,0.6376,0.6143,0.7481,0.4505,287
2,1,6,19,0,3,1,1,0.6624,0.6666,0.7959,0.131,208
2,1,6,20,0,3,1,2,0.7189,0.6881,0.591,0.2082,186
2,1,6,21,0,3,1,2,0.5956,0.5502,0.4766,0.5757,124
2,1,6,22,1,3,0,1,0.6823,0.6329,0.6023,0.053,56
2,1,6,23,0,3,1,2,0.8424,0.784,0.9663,0.2126,72
2,1,6,0,0,4,1,1,0.8273,0.7688,0.6109,0.1639,38
2,1,6,1,0,4,1,1,0.7621,0.7476,0.3986,0.3558,19
2,1,6,2,1,4,0,1,0.782,0.794,0.942,0.1817,5
2,1,6,3,0,4,1,2,0.7338,0.6848,0.6467,0.2786,11
2,1,6,4,0,4,1,1,0.669,0.6085,0.523,0.6738,13
2,1,6,5,0,4,1,2,0.8143,0.7355,0.4832,0.4121,59
2,1,6,6,0,4,1,1,0.6328,0.653,0.6411,0.517,122
2,1,6,7,0,4,1,1,0.767,0.7577,0.7145,0.5595,337
2,1,6,8,0,4,1,1,0.6636,0.61,0.7056,0.3912,319
2,1,6,9,0,4,1,2,0.6678,0.6386,0.7325,0.4853,195
2,1,6,10,0,4,1,2,0.737,0.7422,0.4453,0.1484,151
2,1,6,11,0,4,1,2,0.8416,0.7976,0.4832,0.6202,182
2,1,6,12,0,4,1,1,0.7993,0.7852,0.6231,0.1619,269
2,1,6,13,0,4,1,1,0.723,0.6821,0.7604,0.1393,200
2,1,6,14,0,4,1,1,0.7037,0.6596,0.5724,0.3407,169
2,1,6,15,0,4,1,3,0.754,0.6368,0.3495,0.0921,135
2,1,6,16,0,4,1,2,0.7948,0.7429,0.7262,0.0533,209
2,1,6,17,0,4,1,2,0.576,0.5311,0.2916,0.0615,334
2,1,6,18,0,4,1,1,0.6904,0.6715,0.5641,0.1043,326
2,1,6,19,0,4,1,2,0.6256,0.6018,0.7182,0.2115,182
2,1,6,20,0,4,1,2,0.6839,0.6557,0.7144,0.3546,152
2,1,6,21,0,4,1,2,0.6112,0.6092,0.425,0.5646,116
2,1,6,22,0,4,1,2,0.5728,0.4741,0.7322,0.1222,112
2,1,6,23,0,4,1,1,0.6069,0.5751,0.7888,0.2833,75
2,1,6,0,1,5,0,1,0.6608,0.5927,0.7039,0.2736,16
2,1,6,1,0,5,0,3,0.7406,0.666,0.596,0.6887,8
2,1,6,2,0,5,0,1,0.6426,0.6017,0.6812,0.2464,7
2,1,6,3,0,5,0,2,0.6389,0.6076,0.5367,0.2824,7
2,1,6,4,0,5,0,3,0.7272,0.706,0.7543,0.0251,10
2,1,6,5,0,5,0,2,0.7196,0.6967,0.8075,0.065,38
2,1,6,6,0,5,0,2,0.8187,0.753,0.574,0.1999,74
2,1,6,7,0,5,0,1,0.765,0.7208,0.7188,0.4521,205
2,1,6,8,0,5,0,2,0.6277,0.6395,0.7473,0.1335,195
2,1,6,9,1,5,0,3,0.6526,0.6684,0.5975,0.2398,64
2,1,6,10,0,5,0,3,0.7518,0.705,0.3501,0.3047,82
2,1,6,11,0,5,0,1,0.6375,0.6084,0.6428,0.0948,152
2,1,6,12,0,5,0,3,0.6768,0.6161,0.2525,0.2383,130
2,1,6,13,0,5,0,1,0.5798,0.5816,0.8187,0.4737,150
2,1,6,14,0,5,0,2,0.6081,0.6472,0.6973,0.1406,116
2,1,6,15,0,5,0,1,0.7877,0.7323,0.594,0.0846,196
2,1,6,16,0,5,0,1,0.7112,0.711,0.7388,0.1234,158
2,1,6,17,0,5,0,2,0.6555,0.6448,0.4829,0.2895,232
2,1,6,18,1,5,0,2,0.6654,0.627,0.7614,0.1905,110
2,1,6,19,0,5,0,3,0.8196,0.7578,0.6511,0.1457,133
2,1,6,20,0,5,0,1,0.6536,0.6952,0.6533,0.1364,128
2,1,6,21,0,5,0,3,0.7327,0.719,0.5727,0.1519,85
2,1,6,22,0,5,0,1,0.7605,0.7513,0.5862,0.3406,78
2,1,6,23,0,5,0,1,0.8007,0.7543,0.6887,0.2502,65
3,1,7,0,0,6,0,1,0.6402,0.61,0.5122,0.1466,29
3,1,7,1,0,6,0,2,0.6018,0.5352,0.4706,0.4878,11
3,1,7,2,0,6,0,2,0.6225,0.6142,0.7492,0.1032,5
3,1,7,3,0,6,0,1,0.7509,0.7022,0.6827,0.3146,7
3,1,7,4,0,6,0,1,0.8392,0.7664,0.5037,0.326,15
3,1,7,5,0,6,0,2,0.7534,0.6901,0.6314,0.3281,38
3,1,7,6,0,6,0,2,0.6536,0.6932,0.624,0.4335,72
3,1,7,7,0,6,0,2,0.7829,0.7348,0.532,0.373,181
3,1,7,8,0,6,0,2,0.6669,0.6446,0.6444,0.3393,196
3,1,7,9,0,6,0,1,0.6415,0.5736,0.6146,0.1182,169
3,1,7,10,0,6,0,1,0.6766,0.6371,0.7264,0.5094,111
3,1,7,11,0,6,0,1,0.6591,0.585,0.6683,0.3133,161
3,1,7,12,0,6,0,3,0.6506,0.6293,0.5535,0.2937,129
3,1,7,13,0,6,0,2,0.7853,0.7187,0.5503,0.2516,117
3,1,7,14,0,6,0,1,0.6637,0.6544,0.6703,0.3939,118
3,1,7,15,0,6,0,2,0.5887,0.5055,0.4023,0.2084,98
3,1,7,16,0,6,0,2,0.7408,0.6848,0.4827,0.2117,170
3,1,7,17,0,6,0,1,0.6329,0.6366,0.5958,0.184,287
3,1,7,18,0,6,0,1,0.6352,0.6494,0.602,0.1776,248
3,1,7,19,0,6,0,2,0.7489,0.7116,0.7367,0.2588,122
3,1,7,20,0,6,0,2,0.649,0.6049,0.4481,0.1323,121
3,1,7,21,0,6,0,1,0.6681,0.6382,0.5643,0.4727,106
3,1,7,22,0,6,0,1,0.7027,0.7291,0.617,0.2926,82
3,1,7,23,0,6,0,1,0.6797,0.6377,0.5791,0.2732,62
3,1,7,0,0,0,1,2,0.6699,0.6365,0.5291,0.6037,34
3,1,7,1,0,0,1,1,0.5359,0.4775,0.5424,0.1254,20
3,1,7,2,0,0,1,1,0.6878,0.6331,0.649,0.6966,12
3,1,7,3,0,0,1,1,0.8129,0.7854,0.586,0.1867,13
3,1,7,4,0,0,1,3,0.744,0.7336,0.5734,0.2572,12
3,1,7,5,0,0,1,1,0.6736,0.649,0.4773,0.1488,54
3,1,7,6,0,0,1,1,0.7328,0.7211,0.8932,0.2644,137
3,1,7,7,0,0,1,2,0.7438,0.6766,0.6362,0.634,256
3,1,7,8,0,0,1,2,0.641,0.5759,0.808,0.3096,327
3,1,7,9,0,0,1,3,0.7879,0.7724,0.585,0.39,149
3,1,7,10,0,0,1,4,0.7113,0.6615,0.6333,0.4175,109
3,1,7,11,0,0,1,2,0.6781,0.6089,0.6797,0.1461,190
3,1,7,12,0,0,1,1,0.8112,0.7768,0.6042,0.377,249
3,1,7,13,0,0,1,1,0.5551,0.53,0.6332,0.1624,214
3,1,7,14,0,0,1,2,0.6176,0.581,0.6471,0.2195,119
3,1,7,15,0,0,1,2,0.7448,0.7552,0.5928,0.0214,166
3,1,7,16,0,0,1,1,0.7471,0.766,0.6067,0.3594,334
3,1,7,17,0,0,1,2,0.8152,0.8032,0.7428,0.2381,343
3,1,7,18,0,0,1,1,0.542,0.5278,0.5023,0.372,329
3,1,7,19,0,0,1,2,0.76,0.7634,0.8281,0.6629,153
3,1,7,20,0,0,1,1,0.6127,0.5868,0.6889,0.1291,178
3,1,7,21,0,0,1,1,0.7292,0.687,0.5844,0.3279,132
3,1,7,22,0,0,1,1,0.6954,0.6431,0.728,0.2375,153
3,1,7,23,0,0,1,1,0.7594,0.698,0.7202,0.1372,90
3,1,7,0,0,1,1,1,0.6835,0.6772,0.6597,0.278,38
3,1,7,1,0,1,1,2,0.7708,0.6872,0.6079,0.2265,11
3,1,7,2,0,1,1,2,0.642,0.5921,0.4254,0.1988,12
3,1,7,3,0,1,1,2,0.6943,0.649,0.5374,0.0757,9
3,1,7,4,0,1,1,1,0.7135,0.6356,0.6297,0.4602,19
3,1,7,5,0,1,1,3,0.8174,0.7647,0.6798,0.546,40
3,1,7,6,0,1,1,3,0.7583,0.7232,0.6302,0.387,78
3,1,7,7,0,1,1,2,0.7143,0.7094,0.6715,0.3986,286
3,1,7,8,0,1,1,2,0.7448,0.6924,0.5923,0.4245,356
3,1,7,9,0,1,1,2,0.776,0.7402,0.6988,0.0722,238
3,1,7,10,0,1,1,2,0.7262,0.6451,0.8819,0.2548,184
3,1,7,11,0,1,1,1,0.6282,0.5603,0.642,0.1366,188
3,1,7,12,0,1,1,2,0.744,0.6497,0.607,0.7371,194
3,1,7,13,1,1,0,1,0.698,0.6925,0.6213,0.065,98
3,1,7,14,0,1,1,2,0.6753,0.6317,0.7197,0.1576,142
3,1,7,15,0,1,1,2,0.645,0.6194,0.6176,0.0967,170
3,1,7,16,0,1,1,3,0.7405,0.7192,0.7178,0.6702,194
3,1,7,17,1,1,0,1,0.7358,0.7233,0.7325,0.27,134
3,1,7,18,0,1,1,2,0.6331,0.6616,0.8368,0.3663,298
3,1,7,19,0,1,1,2,0.6226,0.5902,0.6778,0.4697,195
3,1,7,20,0,1,1,3,0.8324,0.7694,0.6355,0.1771,152
3,1,7,21,0,1,1,3,0.7602,0.7432,0.6647,0.2118,118
3,1,7,22,0,1,1,1,0.7061,0.7416,0.6227,0.261,85
3,1,7,23,0,1,1,3,0.7424,0.6891,0.6453,0.1557,59
3,1,7,0,0,2,1,3,0.6672,0.61,0.7891,0.207,28
3,1,7,1,0,2,1,3,0.6879,0.5769,0.5677,0.4658,11
3,1,7,2,0,2,1,2,0.7015,0.6044,0.467,0.2388,12
3,1,7,3,0,2,1,2,0.7675,0.7717,0.6402,0.2073,11
3,1,7,4,0,2,1,1,0.6011,0.5658,0.647,0.1054,21
3,1,7,5,0,2,1,1,0.6286,0.563,0.7429,0.2812,51
3,1,7,6,0,2,1,1,0.6143,0.5836,0.6056,0.0601,144
3,1,7,7,0,2,1,2,0.7597,0.7998,0.5697,0.1619,322
3,1,7,8,1,2,0,3,0.6929,0.6584,0.5502,0.0769,136
3,1,7,9,0,2,1,2,0.6358,0.6615,0.5484,0.1916,187
3,1,7,10,0,2,1,1,0.6845,0.6222,0.523,0.1342,180
3,1,7,11,0,2,1,2,0.6558,0.6668,0.4793,0.4072,219
3,1,7,12,0,2,1,2,0.5996,0.5528,0.3604,0.1658,195
3,1,7,13,0,2,1,1,0.7882,0.7257,0.7215,0.3755,243
3,1,7,14,0,2,1,2,0.6895,0.6269,0.6464,0.4816,145
3,1,7,15,0,2,1,2,0.7898,0.7406,0.8746,0.1559,188
3,1,7,16,0,2,1,2,0.5986,0.5979,0.4455,0.2256,232
3,1,7,17,0,2,1,2,0.7353,0.6841,0.8569,0.16,308
3,1,7,18,0,2,1,1,0.599,0.6012,0.6035,0.2289,299
3,1,7,19,0,2,1,1,0.8712,0.8061,0.4311,0.1024,306
3,1,7,20,0,2,1,2,0.5789,0.5475,0.3804,0.7538,139
3,1,7,21,0,2,1,3,0.8257,0.7685,0.5573,0.3926,97
3,1,7,22,0,2,1,1,0.6986,0.718,0.7299,0.2239,140
3,1,7,23,0,2,1,2,0.6872,0.6684,0.6534,0.1887,68
3,1,7,0,0,3,1,2,0.7412,0.7126,0.5779,0.5093,28
3,1,7,1,0,3,1,1,0.6343,0.5942,0.758,0.7758,19
3,1,7,2,0,3,1,2,0.7549,0.6996,0.6363,0.4585,10
3,1,7,3,0,3,1,1,0.76,0.6918,0.4323,0.5027,11
3,1,7,4,0,3,1,1,0.7008,0.7054,0.7765,0.0116,21
3,1,7,5,0,3,1,1,0.7174,0.6331,0.4968,0.18,61
3,1,7,6,0,3,1,2,0.835,0.7824,0.4939,0.4945,113
3,1,7,7,0,3,1,2,0.7455,0.7347,0.5954,0.1043,321
3,1,7,8,0,3,1,2,0.6452,0.5626,0.6618,0.2419,321
3,1,7,9,0,3,1,2,0.7525,0.7202,0.5443,0.219,202
3,1,7,10,0,3,1,1,0.6623,0.603,0.4102,0.2281,192
3,1,7,11,0,3,1,3,0.6487,0.6171,0.5487,0.242,144
3,1,7,12,0,3,1,3,0.7358,0.694,0.7404,0.3919,149
3,1,7,13,0,3,1,2,0.6293,0.5302,0.621,0.1857,152
3,1,7,14,0,3,1,1,0.7032,0.6871,0.7555,0.2104,146
3,1,7,15,0,3,1,3,0.7471,0.6801,0.6837,0.6583,118
3,1,7,16,0,3,1,2,0.8336,0.7755,0.5554,0.2357,215
3,1,7,17,0,3,1,1,0.7446,0.7089,0.5352,0.4877,378
3,1,7,18,0,3,1,1,0.597,0.5784,0.6443,0.1987,260
3,1,7,19,0,3,1,1,0.608,0.591,0.6449,0.124,243
3,1,7,20,0,3,1,2,0.8208,0.8034,0.6352,0.0956,202
3,1,7,21,0,3,1,2,0.6555,0.5487,0.646,0.3595,119
3,1,7,22,1,3,0,1,0.5938,0.5786,0.6048,0.4163,56
3,1,7,23,0,3,1,1,0.6296,0.5984,0.6071,0.4085,86
3,1,7,0,0,4,1,1,0.7554,0.701,0.5243,0.2423,33
3,1,7,1,1,4,0,2,0.7077,0.6802,0.4951,0.4422,6
3,1,7,2,0,4,1,2,0.7451,0.7354,0.7116,0.1537,10
3,1,7,3,0,4,1,1,0.6975,0.6363,0.5032,0.2889,11
3,1,7,4,0,4,1,2,0.6226,0.6335,0.397,0.0694,17
3,1,7,5,0,4,1,4,0.5747,0.5803,0.5805,0.1368,35
3,1,7,6,0,4,1,1,0.6413,0.6204,0.6552,0.3129,142
3,1,7,7,0,4,1,2,0.7083,0.6362,0.6019,0.4284,199
3,1,7,8,0,4,1,1,0.6169,0.6507,0.4787,0.1973,416
3,1,7,9,0,4,1,1,0.7686,0.7387,0.7545,0.285,266
3,1,7,10,0,4,1,3,0.6298,0.6027,0.65,0.312,117
3,1,7,11,0,4,1,3,0.5841,0.5583,0.761,0.4025,128
3,1,7,12,0,4,1,1,0.6998,0.6814,0.6168,0.2783,256
3,1,7,13,0,4,1,1,0.753,0.7432,0.6811,0.0376,272
3,1,7,14,0,4,1,1,0.8042,0.7633,0.4856,0.2292,212
3,1,7,15,0,4,1,2,0.5869,0.5203,0.2537,0.1924,213
3,1,7,16,0,4,1,1,0.7994,0.7905,0.6264,0.1628,324
3,1,7,17,0,4,1,2,0.7127,0.6526,0.4617,0.1438,301
3,1,7,18,0,4,1,1,0.6563,0.5933,0.7264,0.734,315
3,1,7,19,0,4,1,2,0.7474,0.7081,0.7333,0.1746,215
3,1,7,20,0,4,1,3,0.7946,0.7412,0.6595,0.5019,140
3,1,7,21,0,4,1,1,0.5822,0.5645,0.5214,0.4752,162
3,1,7,22,0,4,1,2,0.6696,0.6532,0.6209,0.3455,92
3,1,7,23,0,4,1,2,0.6616,0.6145,0.6886,0.4939,62
3,1,7,0,0,5,0,1,0.7434,0.7098,0.6717,0.2555,27
3,1,7,1,0,5,0,3,0.8017,0.7471,0.513,0.5925,8
3,1,7,2,0,5,0,2,0.7047,0.6925,0.3965,0.2329,6
3,1,7,3,0,5,0,2,0.6791,0.6598,0.6683,0.2849,8
3,1,7,4,0,5,0,2,0.7307,0.7157,0.6207,0.147,12
3,1,7,5,0,5,0,1,0.6831,0.6405,0.6916,0.1756,49
3,1,7,6,0,5,0,1,0.5477,0.528,0.6206,0.4612,101
3,1,7,7,0,5,0,1,0.7357,0.7143,0.6038,0.4761,244
3,1,7,8,0,5,0,2,0.7685,0.7526,0.6016,0.3851,258
3,1,7,9,0,5,0,3,0.7747,0.7559,0.585,0.5575,119
3,1,7,10,0,5,0,1,0.6186,0.584,0.911,0.1301,133
3,1,7,11,0,5,0,1,0.742,0.6705,0.5949,0.1097,163
3,1,7,12,0,5,0,1,0.8068,0.7815,0.584,0.172,197
3,1,7,13,0,5,0,3,0.8767,0.8464,0.7099,0.3855,107
3,1,7,14,0,5,0,1,0.7331,0.6634,0.677,0.3207,128
3,1,7,15,0,5,0,3,0.7684,0.7554,0.6334,0.4393,115
3,1,7,16,0,5,0,1,0.6301,0.6032,0.52,0.1169,220
3,1,7,17,0,5,0,1,0.6209,0.586,0.4657,0.0232,262
3,1,7,18,0,5,0,1,0.7687,0.7366,0.6164,0.152,244
3,1,7,19,0,5,0,2,0.557,0.5571,0.5998,0.1532,133
3,1,7,20,0,5,0,1,0.7104,0.7217,0.5629,0.2623,150
3,1,7,21,0,5,0,3,0.7997,0.7581,0.7188,0.6982,73
3,1,7,22,0,5,0,2,0.7494,0.705,0.7339,0.2269,75
3,1,7,23,0,5,0,1,0.749,0.7298,0.7612,0.1374,53
3,1,7,0,0,6,0,2,0.6958,0.6208,0.5008,0.2825,23
3,1,7,1,0,6,0,1,0.6706,0.6629,0.7485,0.4133,10
3,1,7,2,0,6,0,2,0.8501,0.7669,0.3965,0.1303,7
3,1,7,3,1,6,0,2,0.7856,0.7051,0.6172,0.0378,4
3,1,7,4,0,6,0,3,0.7585,0.7672,0.7274,0.3966,9
3,1,7,5,0,6,0,2,0.7012,0.6037,0.5004,0.65,30
3,1,7,6,0,6,0,1,0.6584,0.6647,0.4633,0.1647,105
3,1,7,7,1,6,0,1,0.7748,0.7829,0.6174,0.1401,132
3,1,7,8,0,6,0,1,0.6778,0.6541,0.8221,0.5921,284
3,1,7,9,0,6,0,1,0.7048,0.6877,0.8283,0.5046,118
3,1,7,10,0,6,0,1,0.7423,0.658,0.7648,0.1675,135
3,1,7,11,0,6,0,1,0.7139,0.6634,0.5042,0.2399,164
3,1,7,12,0,6,0,3,0.8077,0.7781,0.6244,0.3953,144
3,1,7,13,0,6,0,3,0.6069,0.5864,0.8924,0.0807,85
3,1,7,14,0,6,0,1,0.704,0.6821,0.7322,0.1208,103
3,1,7,15,0,6,0,3,0.8489,0.8163,0.4382,0.1429,113
3,1,7,16,0,6,0,2,0.762,0.7246,0.7205,0.5366,151
3,1,7,17,0,6,0,1,0.6855,0.6145,0.5357,0.1012,270
3,1,7,18,0,6,0,3,0.7552,0.728,0.5894,0.3491,163
3,1,7,19,0,6,0,3,0.6959,0.627,0.7136,0.1925,137
3,1,7,20,0,6,0,2,0.8019,0.7509,0.5805,0.0521,134
3,1,7,21,0,6,0,2,0.7567,0.7607,0.5617,0.6704,97
3,1,7,22,0,6,0,1,0.6386,0.5597,0.7535,0.487,81
3,1,7,23,0,6,0,2,0.7159,0.6764,0.7145,0.2776,40
3,1,7,0,0,0,1,2,0.7282,0.7178,0.665,0.5761,37
3,1,7,1,0,0,1,2,0.7316,0.7142,0.8778,0.3964,20
3,1,7,2,0,0,1,1,0.7212,0.6943,0.6507,0.3736,11
3,1,7,3,0,0,1,2,0.7384,0.6812,0.6638,0.2997,10
3,1,7,4,0,0,1,2,0.7282,0.7311,0.5874,0.3194,18
3,1,7,5,0,0,1,2,0.6484,0.5793,0.5091,0.3612,44
3,1,7,6,0,0,1,1,0.6669,0.6544,0.4549,0.3686,156
3,1,7,7,0,0,1,1,0.6811,0.6516,0.7286,0.7795,276
3,1,7,8,0,0,1,1,0.7056,0.6467,0.5716,0.3652,323
3,1,7,9,1,0,0,2,0.6813,0.6356,0.9354,0.0437,89
3,1,7,10,0,0,1,1,0.7761,0.7916,0.519,0.3835,166
3,1,7,11,0,0,1,3,0.6317,0.5652,0.5342,0.3843,140
3,1,7,12,0,0,1,2,0.5775,0.4958,0.6651,0.164,194
3,1,7,13,0,0,1,1,0.8366,0.7756,0.502,0.4433,198
3,1,7,14,0,0,1,2,0.6417,0.622,0.4459,0.2534,182
3,1,7,15,0,0,1,1,0.7759,0.7798,0.7066,0.1713,186
3,1,7,16,0,0,1,1,0.7415,0.7052,0.3625,0.0931,280
3,1,7,17,0,0,1,1,0.6441,0.5631,0.6492,0.3665,349
3,1,7,18,0,0,1,2,0.6896,0.658,0.6517,0.1758,284
3,1,7,19,0,0,1,3,0.6791,0.6709,0.7369,0.475,143
3,1,7,20,0,0,1,1,0.7238,0.6973,0.6829,0.3924,184
3,1,7,21,0,0,1,2,0.6452,0.6277,0.9596,0.2615,121
3,1,7,22,1,0,0,1,0.6865,0.596,0.58,0.4479,58
3,1,7,23,0,0,1,1,0.6963,0.6212,0.4658,0.1617,75
3,1,7,0,0,1,1,2,0.7756,0.7328,0.9565,0.133,35
3,1,7,1,0,1,1,2,0.6697,0.6702,0.6381,0.1549,18
3,1,7,2,0,1,1,3,0.6301,0.575,0.5209,0.2812,8
3,1,7,3,0,1,1,2,0.6603,0.6334,0.436,0.4044,11
3,1,7,4,0,1,1,1,0.7241,0.6929,0.588,0.2407,20
3,1,7,5,0,1,1,1,0.5744,0.5144,0.5321,0.136,79
3,1,7,6,0,1,1,1,0.7822,0.721,0.5332,0.4215,144
3,1,7,7,0,1,1,3,0.6998,0.6641,0.3768,0.2859,242
3,1,7,8,0,1,1,2,0.7288,0.6814,0.5813,0.0466,356
3,1,7,9,0,1,1,1,0.7138,0.7027,0.6772,0.5109,193
3,1,7,10,0,1,1,1,0.6517,0.6065,0.5051,0.0663,228
3,1,7,11,0,1,1,1,0.6227,0.6182,0.5735,0.3132,210
3,1,7,12,0,1,1,2,0.6494,0.6061,0.5674,0.4951,214
3,1,7,13,0,1,1,1,0.593,0.5641,0.6365,0.2876,258
3,1,7,14,0,1,1,3,0.7228,0.7107,0.8265,0.3843,152
3,1,7,15,0,1,1,1,0.687,0.6495,0.6509,0.736,198
3,1,7,16,1,1,0,2,0.591,0.5487,0.4868,0.1332,120
3,1,7,17,0,1,1,1,0.6553,0.6204,0.6107,0.4525,307
3,1,7,18,0,1,1,1,0.7441,0.7337,0.6685,0.6066,327
3,1,7,19,0,1,1,1,0.7889,0.7595,0.4787,0.2277,263
3,1,7,20,0,1,1,1,0.6086,0.5138,0.5157,0.4027,210
3,1,7,21,0,1,1,3,0.8497,0.7856,0.5135,0.0218,86
3,1,7,22,0,1,1,2,0.6313,0.5783,0.6031,0.2687,106
3,1,7,23,0,1,1,1,0.5791,0.5677,0.5805,0.1825,87
3,1,7,0,0,2,1,2,0.8209,0.7224,0.4243,0.1782,34
3,1,7,1,1,2,0,2,0.6251,0.6022,0.5567,0.0962,7
3,1,7,2,0,2,1,2,0.8046,0.7834,0.6222,0.4473,9
3,1,7,3,0,2,1,1,0.6514,0.6379,0.7552,0.2696,11
3,1,7,4,0,2,1,1,0.6774,0.641,0.4674,0.2773,20
3,1,7,5,0,2,1,1,0.6066,0.5278,0.5161,0.0652,54
3,1,7,6,0,2,1,3,0.7873,0.7403,0.49,0.3613,112
3,1,7,7,0,2,1,1,0.7777,0.7831,0.4296,0.2697,280
3,1,7,8,0,2,1,2,0.6517,0.6012,0.3088,0.3015,325
3,1,7,9,0,2,1,3,0.6927,0.7235,0.6796,0.1294,182
3,1,7,10,0,2,1,1,0.7443,0.7314,0.6404,0.3355,138
3,1,7,11,0,2,1,1,0.6649,0.6274,0.6757,0.4144,191
3,1,7,12,0,2,1,1,0.7934,0.7605,0.6578,0.2762,251
3,1,7,13,0,2,1,2,0.6905,0.6672,0.573,0.4283,187
3,1,7,14,0,2,1,2,0.6616,0.6112,0.5487,0.537,127
3,1,7,15,0,2,1,1,0.5871,0.5453,0.7531,0.6776,161
3,1,7,16,0,2,1,1,0.6074,0.6368,0.703,0.4328,295
3,1,7,17,0,2,1,2,0.7391,0.7469,0.6106,0.3984,377
3,1,7,18,0,2,1,2,0.7144,0.6673,0.506,0.2269,306
3,1,7,19,0,2,1,1,0.755,0.6939,0.6372,0.3528,243
3,1,7,20,0,2,1,2,0.6585,0.5778,0.6492,0.0249,171
3,1,7,21,0,2,1,1,0.583,0.6186,0.5508,0.1757,157
3,1,7,22,0,2,1,1,0.6632,0.6607,0.6548,0.0651,115
3,1,7,23,0,2,1,1,0.8406,0.8359,0.6955,0.2481,86
3,1,7,0,0,3,1,2,0.6298,0.582,0.6792,0.4921,32
3,1,7,1,0,3,1,2,0.6948,0.6418,0.7417,0.3582,14
3,1,7,2,0,3,1,2,0.5284,0.4743,0.7294,0.5652,9
3,1,7,3,0,3,1,1,0.6609,0.5331,0.7511,0.2138,13
3,1,7,4,0,3,1,1,0.6684,0.6087,0.5627,0.0619,21
3,1,7,5,0,3,1,1,0.7206,0.6941,0.7209,0.2198,59
3,1,7,6,0,3,1,1,0.6751,0.6488,0.6849,0.3603,116
3,1,7,7,0,3,1,2,0.591,0.543,0.7246,0.1661,343
3,1,7,8,0,3,1,1,0.6509,0.638,0.6416,0.1068,386
3,1,7,9,0,3,1,1,0.6831,0.6287,0.6855,0.6401,207
3,1,7,10,0,3,1,1,0.6276,0.6192,0.5049,0.5078,154
3,1,7,11,0,3,1,1,0.6378,0.6285,0.6835,0.4572,188
3,1,7,12,0,3,1,2,0.7677,0.7539,0.7732,0.3682,184
3,1,7,13,0,3,1,1,0.6536,0.6231,0.8253,0.0886,230
3,1,7,14,0,3,1,2,0.7281,0.6672,0.6124,0.2716,129
3,1,7,15,0,3,1,1,0.6849,0.6149,0.8416,0.5385,202
3,1,7,16,0,3,1,1,0.6112,0.5156,0.6076,0.2896,320
3,1,7,17,1,3,0,1,0.674,0.663,0.7107,0.5499,161
3,1,7,18,0,3,1,1,0.7177,0.6312,0.6349,0.2041,322
3,1,7,19,0,3,1,2,0.8189,0.7739,0.7797,0.031,277
3,1,7,20,0,3,1,1,0.6433,0.6176,0.6518,0.364,221
3,1,7,21,0,3,1,1,0.6914,0.6247,0.5553,0.4766,142
3,1,7,22,0,3,1,1,0.761,0.7192,0.752,0.2146,149
3,1,7,23,0,3,1,1,0.7856,0.7559,0.5678,0.0715,82
3,1,7,0,0,4,1,3,0.6512,0.6105,0.6657,0.2605,30
3,1,7,1,0,4,1,3,0.6858,0.6653,0.425,0.5688,10
3,1,7,2,1,4,0,1,0.7746,0.7225,0.7274,0.3694,5
3,1,7,3,0,4,1,1,0.7325,0.6875,0.403,0.2997,10
3,1,7,4,0,4,1,2,0.769,0.7039,0.5681,0.1836,18
3,1,7,5,0,4,1,2,0.7787,0.7357,0.4642,0.0559,47
3,1,7,6,0,4,1,1,0.7354,0.6988,0.4937,0.1455,131
3,1,7,7,0,4,1,1,0.7067,0.6437,0.6239,0.2951,311
3,1,7,8,0,4,1,1,0.6497,0.6301,0.5476,0.3967,304
3,1,7,9,0,4,1,1,0.6796,0.5716,0.7167,0.4794,233
3,1,7,10,0,4,1,1,0.6842,0.6825,0.5986,0.2113,152
3,1,7,11,0,4,1,2,0.7806,0.699,0.6483,0.1946,184
3,1,7,12,0,4,1,3,0.709,0.7048,0.5301,0.0334,183
3,1,7,13,0,4,1,1,0.7097,0.6928,0.7179,0.0273,250
3,1,7,14,0,4,1,2,0.6271,0.6261,0.65,0.4929,137
3,1,7,15,1,4,0,1,0.781,0.7081,0.6913,0.473,72
3,1,7,16,0,4,1,1,0.643,0.6047,0.7194,0.262,218
3,1,7,17,0,4,1,2,0.6767,0.6517,0.7319,0.1828,372
3,1,7,18,0,4,1,1,0.7883,0.7617,0.678,0.2617,336
3,1,7,19,0,4,1,3,0.7587,0.746,0.649,0.2059,224
3,1,7,20,0,4,1,3,0.6372,0.6249,0.7607,0.2992,137
3,1,7,21,0,4,1,1,0.6211,0.6044,0.6477,0.0988,149
3,1,7,22,0,4,1,1,0.6824,0.663,0.5785,0.2333,149
3,1,7,23,0,4,1,1,0.6563,0.644,0.7382,0.1302,74
3,1,7,0,0,5,0,3,0.5932,0.5641,0.7545,0.2912,18
3,1,7,1,0,5,0,1,0.6432,0.6454,0.6228,0.3032,17
3,1,7,2,0,5,0,2,0.5036,0.4761,0.7034,0.1039,7
3,1,7,3,0,5,0,1,0.7592,0.6705,0.6837,0.3657,8
3,1,7,4,0,5,0,2,0.7548,0.7544,0.6398,0.3658,12
3,1,7,5,0,5,0,1,0.7946,0.7689,0.4527,0.6265,42
3,1,7,6,0,5,0,2,0.7207,0.6802,0.4968,0.251,102
3,1,7,7,0,5,0,2,0.6645,0.6347,0.5846,0.1858,171
3,1,7,8,0,5,0,1,0.7676,0.7744,0.6339,0.4003,272
3,1,7,9,0,5,0,1,0.6468,0.6175,0.4878,0.1689,182
3,1,7,10,0,5,0,1,0.6031,0.6185,0.3778,0.0788,142
3,1,7,11,0,5,0,2,0.6856,0.6655,0.6167,0.1925,129
3,1,7,12,0,5,0,2,0.7247,0.6776,0.63,0.1142,127
3,1,7,13,0,5,0,1,0.6391,0.5678,0.7328,0.2449,168
3,1,7,14,0,5,0,3,0.6226,0.5942,0.8609,0.5172,77
3,1,7,15,0,5,0,1,0.6667,0.6728,0.466,0.1546,151
3,1,7,16,0,5,0,3,0.7248,0.6715,0.67,0.688,131
3,1,7,17,0,5,0,3,0.6857,0.6625,0.9144,0.4866,176
3,1,7,18,0,5,0,2,0.8805,0.8825,0.4709,0.0476,166
3,1,7,19,0,5,0,3,0.6864,0.5989,0.5118,0.4127,142
3,1,7,20,0,5,0,1,0.7485,0.723,0.7456,0.3019,115
3,1,7,21,0,5,0,2,0.5945,0.5814,0.6517,0.0861,99
3,1,7,22,0,5,0,1,0.737,0.7108,0.6621,0.0904,93
3,1,7,23,0,5,0,1,0.6636,0.5793,0.7034,0.2942,40
3,1,7,0,0,6,0,2,0.6945,0.637,0.7186,0.2908,23
3,1,7,1,0,6,0,3,0.8132,0.71,0.6807,0.3664,10
3,1,7,2,0,6,0,3,0.6691,0.5961,0.6953,0.2386,5
3,1,7,3,0,6,0,2,0.6036,0.5987,0.4861,0.371,7
3,1,7,4,0,6,0,3,0.6145,0.5738,0.7477,0.1646,9
3,1,7,5,0,6,0,2,0.7072,0.6964,0.8175,0.3028,29
3,1,7,6,0,6,0,2,0.7034,0.6912,0.7629,0.1626,90
3,1,7,7,0,6,0,1,0.7005,0.6318,0.6897,0.0734,223
3,1,7,8,0,6,0,2,0.6051,0.58,0.8563,0.773,185
3,1,7,9,0,6,0,2,0.837,0.7475,0.6522,0.2481,123
3,1,7,10,0,6,0,2,0.7976,0.766,0.749,0.3981,89
3,1,7,11,0,6,0,2,0.7042,0.6817,0.833,0.343,139
3,1,7,12,0,6,0,2,0.5886,0.5524,0.5862,0.5195,154
3,1,7,13,0,6,0,3,0.806,0.7153,0.7871,0.2091,108
3,1,7,14,0,6,0,2,0.7747,0.6913,0.494,0.4246,115
3,1,7,15,0,6,0,2,0.7023,0.7435,0.5261,0.2561,144
3,1,7,16,0,6,0,2,0.779,0.7587,0.5118,0.0415,180
3,1,7,17,0,6,0,2,0.6605,0.6191,0.3719,0.0989,213
3,1,7,18,0,6,0,2,0.6279,0.6253,0.5439,0.0926,247
3,1,7,19,0,6,0,3,0.7061,0.715,0.6397,0.0576,126
3,1,7,20,0,6,0,2,0.5864,0.5934,0.5931,0.1079,123
3,1,7,21,0,6,0,2,0.6174,0.5807,0.4768,0.4965,89
3,1,7,22,0,6,0,1,0.7332,0.6865,0.3339,0.1113,88
3,1,7,23,0,6,0,2,0.7119,0.7002,0.5398,0.0852,51
3,1,7,0,0,0,1,3,0.5975,0.5606,0.5288,0.3062,22
3,1,7,1,0,0,1,3,0.6656,0.6683,0.858,0.397,12
3,1,7,2,0,0,1,4,0.6006,0.5739,0.6284,0.3661,6
3,1,7,3,0,0,1,2,0.66,0.6508,0.8411,0.0547,10
3,1,7,4,0,0,1,2,0.6524,0.651,0.5446,0.5164,15
3,1,7,5,0,0,1,1,0.7637,0.6865,0.7569,0.3554,46
3,1,7,6,0,0,1,2,0.6833,0.6535,0.66,0.3318,112
3,1,7,7,0,0,1,1,0.6772,0.6778,0.5334,0.1256,335
3,1,7,8,0,0,1,3,0.6668,0.6092,0.6615,0.2212,280
3,1,7,9,0,0,1,1,0.5738,0.5287,0.6059,0.0235,253
3,1,7,10,0,0,1,3,0.6873,0.689,0.5941,0.3492,123
3,1,7,11,0,0,1,2,0.728,0.7375,0.4314,0.1495,189
3,1,7,12,0,0,1,1,0.7104,0.5693,0.8671,0.1913,264
3,1,7,13,0,0,1,2,0.7427,0.7415,0.6958,0.2667,158
3,1,7,14,0,0,1,2,0.7461,0.6391,0.4971,0.168,178
3,1,7,15,0,0,1,2,0.8481,0.8038,0.6775,0.1462,166
3,1,7,16,0,0,1,2,0.6152,0.5429,0.5889,0.0725,250
3,1,7,17,0,0,1,2,0.7107,0.6587,0.7988,0.1424,320
3,1,7,18,0,0,1,1,0.7185,0.6857,0.5957,0.0318,366
3,1,7,19,0,0,1,3,0.6718,0.6542,0.6252,0.322,196
3,1,7,20,0,0,1,3,0.65,0.6603,0.5556,0.343,151
3,1,7,21,0,0,1,2,0.7291,0.6523,0.6885,0.1891,148
3,1,7,22,0,0,1,1,0.7224,0.721,0.6287,0.6989,79
3,1,7,23,0,0,1,2,0.6205,0.5812,0.7806,0.096,68
3,1,7,0,0,1,1,1,0.5674,0.5314,0.6685,0.4457,35
3,1,7,1,0,1,1,3,0.6589,0.6769,0.9248,0.3614,15
3,1,7,2,0,1,1,1,0.6461,0.6391,0.6147,0.2882,12
3,1,7,3,0,1,1,1,0.7355,0.6482,0.5364,0.0832,14
3,1,7,4,0,1,1,1,0.6286,0.5948,0.5445,0.0826,21
3,1,7,5,0,1,1,2,0.6808,0.6244,0.5451,0.2697,52
3,1,7,6,0,1,1,2,0.5738,0.5321,0.5339,0.3065,133
3,1,7,7,0,1,1,2,0.5847,0.5515,0.8139,0.112,233
3,1,7,8,0,1,1,1,0.6394,0.6213,0.6008,0.3737,395
3,1,7,9,0,1,1,3,0.6757,0.6043,0.6679,0.2512,190
3,1,7,10,0,1,1,1,0.6359,0.5974,0.4787,0.235,162
3,1,7,11,0,1,1,1,0.7033,0.6563,0.6321,0.3183,206
3,1,7,12,0,1,1,2,0.5742,0.557,0.3511,0.2414,211
3,1,7,13,0,1,1,2,0.6782,0.6427,0.6747,0.3637,157
3,1,7,14,0,1,1,2,0.679,0.6732,0.5685,0.2111,142
3,1,7,15,0,1,1,1,0.5919,0.5701,0.8245,0.21,197
3,1,7,16,0,1,1,2,0.7093,0.6919,0.7316,0.4647,225
3,1,7,17,0,1,1,1,0.5414,0.5214,0.7289,0.5251,273
3,1,7,18,0,1,1,2,0.6453,0.5786,0.5273,0.3535,288
3,1,7,19,0,1,1,1,0.7484,0.6997,0.6759,0.344,259
3,1,7,20,0,1,1,2,0.5375,0.4906,0.8674,0.0349,158
3,1,7,21,0,1,1,1,0.7403,0.726,0.5413,0.0389,162
3,1,7,22,0,1,1,1,0.6117,0.6066,0.5317,0.1878,100
3,1,7,23,0,1,1,1,0.6519,0.6169,0.6389,0.7085,77
3,1,7,0,0,2,1,2,0.7907,0.7555,0.6632,0.1934,36
3,1,7,1,0,2,1,1,0.6484,0.5686,0.7145,0.1371,23
3,1,7,2,0,2,1,2,0.8052,0.7533,0.6984,0.2968,9
3,1,7,3,0,2,1,1,0.6709,0.5623,0.6614,0.4425,13
3,1,7,4,0,2,1,1,0.6863,0.6763,0.5487,0.3602,20
3,1,7,5,0,2,1,2,0.7512,0.7805,0.8724,0.394,58
3,1,7,6,0,2,1,1,0.7303,0.6778,0.8158,0.1684,155
3,1,7,7,0,2,1,2,0.703,0.6748,0.6911,0.183,239
3,1,7,8,0,2,1,2,0.6598,0.6393,0.7854,0.0121,363
3,1,7,9,0,2,1,2,0.5837,0.5204,0.6309,0.2734,236
3,1,7,10,0,2,1,2,0.5871,0.5538,0.4906,0.0486,140
3,1,7,11,0,2,1,1,0.7842,0.759,0.7443,0.2967,217
3,1,7,12,0,2,1,1,0.8112,0.7757,0.4851,0.5065,234
3,1,7,13,0,2,1,1,0.7013,0.668,0.8856,0.2671,200
3,1,7,14,0,2,1,3,0.5681,0.5308,0.5023,0.1837,120
3,1,7,15,0,2,1,1,0.6382,0.5818,0.8073,0.1757,231
3,1,7,16,0,2,1,1,0.6347,0.6233,0.8633,0.5807,261
3,1,7,17,0,2,1,2,0.6533,0.6735,0.4763,0.1903,249
3,1,7,18,0,2,1,2,0.6303,0.5386,0.4646,0.1365,292
3,1,7,19,0,2,1,3,0.7287,0.6277,0.7002,0.0413,220
3,1,7,20,0,2,1,1,0.7096,0.6377,0.8247,0.1725,198
3,1,7,21,0,2,1,3,0.8029,0.7495,0.7246,0.1555,121
3,1,7,22,0,2,1,2,0.665,0.6239,0.5408,0.0711,97
3,1,7,23,0,2,1,2,0.7063,0.6748,0.8262,0.2172,70
3,1,7,0,0,3,1,1,0.743,0.7081,0.9106,0.5112,40
3,1,7,1,0,3,1,1,0.7627,0.7204,0.5278,0.1,19
3,1,7,2,0,3,1,1,0.6047,0.6126,0.6879,0.2045,11
3,1,7,3,0,3,1,2,0.7195,0.6557,0.7176,0.1422,11
3,1,7,4,0,3,1,1,0.7014,0.6936,0.6086,0.165,22
3,1,7,5,0,3,1,1,0.7123,0.7363,0.5346,0.3306,63
3,1,7,6,0,3,1,1,0.6953,0.6164,0.5146,0.1771,164
3,1,7,7,0,3,1,3,0.8111,0.712,0.429,0.1072,220
3,1,7,8,0,3,1,1,0.6288,0.6029,0.7459,0.184,417
3,1,7,9,0,3,1,1,0.6247,0.6128,0.5806,0.5576,214
3,1,7,10,0,3,1,2,0.6337,0.6031,0.8415,0.4855,130
3,1,7,11,0,3,1,3,0.6708,0.5735,0.7074,0.3326,154
3,1,7,12,0,3,1,2,0.7117,0.6255,0.6319,0.4746,202
3,1,7,13,0,3,1,2,0.6592,0.611,0.8161,0.1918,191
3,1,7,14,0,3,1,1,0.7616,0.736,0.6327,0.1071,206
3,1,7,15,0,3,1,1,0.6909,0.6457,0.574,0.2811,241
3,1,7,16,0,3,1,1,0.6844,0.6566,0.7295,0.5136,204
3,1,7,17,0,3,1,1,0.598,0.5737,0.5745,0.252,375
3,1,7,18,0,3,1,1,0.8186,0.8056,0.6604,0.2912,346
3,1,7,19,0,3,1,2,0.6878,0.6186,0.6827,0.4025,230
3,1,7,20,0,3,1,1,0.8058,0.7681,0.6462,0.1846,189
3,1,7,21,0,3,1,2,0.6476,0.6584,0.6845,0.125,135
3,1,7,22,0,3,1,1,0.7493,0.6881,0.6846,0.1086,117
3,1,7,23,0,3,1,4,0.6518,0.6004,0.6601,0.1818,40
3,1,7,0,0,4,1,2,0.8173,0.779,0.5753,0.1394,32
3,1,7,1,0,4,1,1,0.7684,0.6983,0.5141,0.3161,16
3,1,7,2,0,4,1,1,0.7495,0.677,0.5493,0.3306,10
3,1,7,3,0,4,1,3,0.6393,0.5969,0.5569,0.2912,7
3,1,7,4,0,4,1,3,0.8234,0.775,0.7168,0.1509,14
3,1,7,5,0,4,1,1,0.8326,0.8136,0.8447,0.2993,61
3,1,7,6,0,4,1,1,0.6634,0.6033,0.6368,0.1057,128
3,1,7,7,0,4,1,3,0.7013,0.6671,0.7852,0.2476,242
3,1,7,8,0,4,1,2,0.7549,0.7541,0.5532,0.1233,269
3,1,7,9,0,4,1,2,0.5519,0.5596,0.62,0.3495,197
3,1,7,10,0,4,1,1,0.7702,0.7284,0.6169,0.1349,167
3,1,7,11,0,4,1,2,0.7616,0.7292,0.7084,0.4196,179
3,1,7,12,0,4,1,2,0.6506,0.5909,0.5633,0.3607,213
3,1,7,13,0,4,1,2,0.5365,0.5184,0.7263,0.335,181
3,1,7,14,0,4,1,2,0.7133,0.7236,0.6792,0.1543,172
3,1,7,15,0,4,1,1,0.6106,0.6191,0.6568,0.096,208
3,1,7,16,0,4,1,1,0.5788,0.5492,0.5687,0.1092,281
3,1,7,17,0,4,1,2,0.7159,0.6905,0.4377,0.4346,270
3,1,7,18,0,4,1,2,0.7822,0.7211,0.5829,0.0836,278
3,1,7,19,0,4,1,3,0.6747,0.613,0.7267,0.1133,186
3,1,7,20,0,4,1,2,0.7729,0.7234,0.4246,0.2439,151
3,1,7,21,0,4,1,1,0.7365,0.7078,0.4473,0.6017,103
3,1,7,22,0,4,1,1,0.5939,0.5858,0.6015,0.4078,122
3,1,7,23,0,4,1,2,0.6512,0.6163,0.5347,0.3059,60
3,1,7,0,1,5,0,1,0.7643,0.7393,1.0,0.1207,16
3,1,7,1,0,5,0,2,0.6494,0.5404,0.6651,0.4703,9
3,1,7,2,0,5,0,1,0.7461,0.7139,0.5877,0.3185,7
3,1,7,3,0,5,0,1,0.66,0.6084,0.7724,0.2274,7
3,1,7,4,0,5,0,1,0.7392,0.6647,0.6281,0.1877,13
3,1,7,5,0,5,0,2,0.7188,0.6965,0.6255,0.3331,25
3,1,7,6,0,5,0,1,0.6714,0.6812,0.8548,0.388,95
3,1,7,7,0,5,0,2,0.7373,0.7,0.3858,0.1716,210
3,1,7,8,0,5,0,1,0.5376,0.5371,0.5199,0.1338,287
3,1,7,9,0,5,0,3,0.6127,0.5696,0.6994,0.1499,119
3,1,7,10,0,5,0,2,0.6563,0.6851,0.521,0.0436,108
3,1,7,11,0,5,0,2,0.7708,0.685,0.5195,0.8321,123
3,1,7,12,0,5,0,3,0.5875,0.5551,0.7348,0.1577,98
3,1,7,13,0,5,0,3,0.6863,0.6745,0.5545,0.2402,129
3,1,7,14,0,5,0,3,0.711,0.6745,0.6799,0.1279,91
3,1,7,15,0,5,0,1,0.7061,0.7121,0.6052,0.1349,171
3,1,7,16,0,5,0,1,0.6818,0.5856,0.6776,0.1358,184
3,1,7,17,0,5,0,2,0.6453,0.6097,0.6239,0.2875,186
3,1,7,18,0,5,0,2,0.6715,0.6304,0.736,0.3269,186
3,1,7,19,0,5,0,2,0.757,0.7158,0.7497,0.3123,135
3,1,7,20,0,5,0,2,0.6406,0.561,0.5517,0.3418,103
3,1,7,21,0,5,0,1,0.5376,0.502,0.4418,0.0489,108
3,1,7,22,0,5,0,1,0.7214,0.6752,0.6188,0.3608,78
3,1,7,23,0,5,0,2,0.7935,0.7611,0.5653,0.2662,43
3,1,7,0,0,6,0,2,0.6138,0.6161,0.5503,0.4236,24
3,1,7,1,0,6,0,2,0.7827,0.7469,0.4279,0.1891,13
3,1,7,2,0,6,0,2,0.7239,0.7002,0.5869,0.1741,7
3,1,7,3,0,6,0,1,0.6065,0.6139,0.6407,0.4931,9
3,1,7,4,0,6,0,1,0.6382,0.6419,0.5648,0.3915,13
3,1,7,5,0,6,0,1,0.6351,0.5318,0.6297,0.0856,49
3,1,7,6,0,6,0,1,0.6993,0.6882,0.7138,0.3771,97
3,1,7,7,0,6,0,2,0.6747,0.6647,0.8059,0.1223,172
3,1,7,8,0,6,0,2,0.7648,0.7187,0.8199,0.2275,236
3,1,7,9,0,6,0,3,0.7469,0.6958,0.5578,0.331,95
3,1,7,10,0,6,0,2,0.5793,0.5164,0.5457,0.3277,108
3,1,7,11,0,6,0,1,0.5881,0.5005,0.4698,0.3638,139
3,1,7,12,0,6,0,2,0.7304,0.7194,0.7336,0.2273,176
3,1,7,13,0,6,0,1,0.6513,0.6417,0.6577,0.2689,134
3,1,7,14,0,6,0,1,0.6752,0.6384,0.806,0.0881,121
3,1,7,15,0,6,0,2,0.7257,0.7107,0.6574,0.268,111
3,1,7,16,0,6,0,1,0.7475,0.7409,0.5688,0.0685,232
3,1,7,17,0,6,0,1,0.6011,0.5172,0.6298,0.2732,300
3,1,7,18,0,6,0,2,0.5319,0.5128,0.6096,0.2894,203
3,1,7,19,0,6,0,2,0.6795,0.6383,0.5493,0.3399,138
3,1,7,20,0,6,0,1,0.6276,0.6092,0.6459,0.4419,115
3,1,7,21,0,6,0,2,0.6921,0.6631,0.5307,0.2564,102
3,1,7,22,1,6,0,1,0.6812,0.6703,0.8024,0.126,43
3,1,7,23,0,6,0,2,0.6192,0.5407,0.4291,0.6971,50
3,1,7,0,0,0,1,2,0.8321,0.8299,0.7808,0.1591,38
3,1,7,1,0,0,1,2,0.6872,0.6372,0.5762,0.4067,16
3,1,7,2,0,0,1,2,0.6459,0.6096,0.2879,0.4405,10
3,1,7,3,0,0,1,1,0.6931,0.6057,0.4206,0.271,14
3,1,7,4,0,0,1,1,0.7231,0.6839,0.6286,0.4446,15
3,1,7,5,0,0,1,2,0.6418,0.6091,0.5858,0.1967,53
3,1,7,6,0,0,1,1,0.8485,0.8036,0.6854,0.4343,111
3,1,7,7,0,0,1,1,0.5795,0.5284,0.5855,0.1044,294
3,1,7,8,0,0,1,2,0.5843,0.5185,0.7058,0.1632,383
3,1,7,9,0,0,1,1,0.5741,0.5646,0.6377,0.0054,253
3,1,7,10,1,0,0,2,0.6863,0.5999,0.7146,0.1806,59
3,1,7,11,0,0,1,2,0.7192,0.7073,0.7405,0.2703,200
3,1,7,12,0,0,1,2,0.6629,0.6806,0.6973,0.3748,204
3,1,7,13,0,0,1,3,0.7189,0.7495,0.6007,0.24,175
3,1,7,14,0,0,1,2,0.718,0.6496,0.8071,0.1217,130
3,1,7,15,0,0,1,3,0.6608,0.6455,0.6284,0.468,134
3,1,7,16,0,0,1,2,0.716,0.6633,0.5492,0.428,262
3,1,7,17,0,0,1,2,0.6723,0.6754,0.5854,0.5752,294
3,1,7,18,0,0,1,2,0.6574,0.6363,0.6828,0.3135,202
3,1,7,19,0,0,1,2,0.6512,0.6098,0.7561,0.5936,143
3,1,7,20,0,0,1,2,0.7024,0.6399,0.7164,0.1803,170
3,1,7,21,0,0,1,3,0.7713,0.7216,0.7168,0.3137,139
3,1,7,22,0,0,1,2,0.6017,0.5514,0.5922,0.0969,97
3,1,7,23,0,0,1,3,0.6524,0.6191,0.7668,0.2753,55
3,1,7,0,0,1,1,1,0.696,0.662,0.6381,0.662,42
3,1,7,1,0,1,1,1,0.8076,0.7506,0.572,0.3715,20
3,1,7,2,0,1,1,1,0.7148,0.6597,0.408,0.6076,9
3,1,7,3,0,1,1,2,0.6277,0.6151,0.7099,0.0363,10
3,1,7,4,1,1,0,1,0.6199,0.6099,0.567,0.4563,8
3,1,7,5,0,1,1,1,0.7536,0.6915,0.5068,0.1213,71
3,1,7,6,0,1,1,1,0.6626,0.6279,0.4837,0.2782,164
3,1,7,7,0,1,1,2,0.5984,0.5426,0.7447,0.2046,311
3,1,7,8,0,1,1,1,0.7556,0.796,0.6578,0.6563,440
3,1,7,9,0,1,1,2,0.7062,0.6426,0.6988,0.1516,230
3,1,7,10,0,1,1,2,0.601,0.5786,0.6111,0.2322,151
3,1,7,11,0,1,1,2,0.5908,0.5746,0.642,0.2575,175
3,1,7,12,0,1,1,2,0.5329,0.4863,0.6321,0.1664,249
3,1,7,13,0,1,1,1,0.641,0.5832,0.4978,0.3501,174
3,1,7,14,0,1,1,4,0.7059,0.6622,0.7351,0.2816,104
3,1,7,15,0,1,1,3,0.7518,0.6883,0.5342,0.2885,135
3,1,7,16,0,1,1,1,0.7143,0.6843,0.5723,0.2143,305
3,1,7,17,0,1,1,1,0.5933,0.5381,0.6816,0.2861,309
3,1,7,18,0,1,1,2,0.6647,0.6359,0.7615,0.7603,326
3,1,7,19,0,1,1,3,0.7847,0.6835,0.563,0.3541,148
3,1,7,20,0,1,1,2,0.6487,0.5921,0.7287,0.6559,136
3,1,7,21,0,1,1,3,0.7384,0.6889,0.6767,0.3167,113
3,1,7,22,0,1,1,3,0.7298,0.7233,0.6107,0.1082,91
3,1,7,23,0,1,1,2,0.7378,0.6455,0.6271,0.0575,72
3,1,7,0,0,2,1,1,0.7133,0.7081,0.6266,0.0853,38
3,1,7,1,0,2,1,1,0.736,0.719,0.6655,0.7807,18
3,1,7,2,0,2,1,1,0.5794,0.4968,0.7763,0.3851,10
3,1,7,3,0,2,1,1,0.7891,0.7658,0.6731,0.2444,12
3,1,7,4,0,2,1,1,0.5566,0.5009,0.6054,0.2268,20
3,1,7,5,0,2,1,1,0.7049,0.6868,0.584,0.3239,54
3,1,7,6,0,2,1,2,0.6797,0.6646,0.655,0.0373,127
3,1,7,7,0,2,1,1,0.6393,0.6311,0.5811,0.4891,264
3,1,7,8,0,2,1,2,0.6148,0.5669,0.4247,0.4618,302
3,1,7,9,0,2,1,3,0.7216,0.7059,0.7756,0.2427,153
3,1,7,10,0,2,1,1,0.7392,0.7484,0.6228,0.0852,179
3,1,7,11,0,2,1,1,0.6759,0.6333,0.6165,0.2688,161
3,1,7,12,0,2,1,2,0.6628,0.6248,0.8,0.0869,238
3,1,7,13,0,2,1,3,0.7728,0.7554,0.5765,0.2583,142
3,1,7,14,0,2,1,2,0.6536,0.5355,0.6892,0.3969,119
3,1,7,15,0,2,1,1,0.6801,0.6167,0.6376,0.4478,213
3,1,7,16,0,2,1,2,0.6688,0.6656,0.6794,0.3001,198
3,1,7,17,0,2,1,2,0.856,0.8178,0.5664,0.1038,266
3,1,7,18,0,2,1,1,0.6243,0.5866,0.7465,0.5624,310
3,1,7,19,0,2,1,2,0.7413,0.676,0.8512,0.2417,176
3,1,7,20,0,2,1,2,0.5641,0.5367,0.5256,0.1585,173
3,1,7,21,0,2,1,1,0.616,0.5693,0.7292,0.2739,160
3,1,7,22,0,2,1,3,0.6614,0.576,0.6526,0.4798,70
3,1,7,23,0,2,1,1,0.6739,0.6793,0.6822,0.2692,98
3,1,7,0,0,3,1,2,0.6623,0.6083,0.6946,0.2546,35
3,1,7,1,0,3,1,2,0.6745,0.6326,0.4885,0.1266,19
3,1,7,2,1,3,0,1,0.6332,0.5481,0.544,0.0757,5
3,1,7,3,0,3,1,2,0.7716,0.717,0.6096,0.1428,8
3,1,7,4,0,3,1,1,0.6115,0.6111,0.7857,0.0962,23
3,1,7,5,0,3,1,1,0.7336,0.7248,0.6024,0.0497,60
3,1,7,6,0,3,1,1,0.7289,0.6932,0.6951,0.0519,123
3,1,7,7,0,3,1,3,0.6151,0.5656,0.6456,0.4452,215
3,1,7,8,0,3,1,3,0.6558,0.6238,0.647,0.4388,280
3,1,7,9,0,3,1,1,0.6813,0.6624,0.6571,0.475,275
3,1,7,10,1,3,0,2,0.7988,0.7139,0.5412,0.4596,50
3,1,7,11,0,3,1,3,0.6556,0.6304,0.6204,0.2688,142
3,1,7,12,0,3,1,2,0.9351,0.9114,0.5898,0.4677,247
3,1,7,13,0,3,1,1,0.7352,0.6967,0.632,0.1595,205
3,1,7,14,0,3,1,1,0.7055,0.6697,0.5575,0.1156,242
3,1,7,15,0,3,1,1,0.7434,0.6844,0.8568,0.4307,192
3,1,7,16,0,3,1,1,0.5612,0.542,0.4341,0.0917,226
3,1,7,17,0,3,1,2,0.7635,0.7736,0.4379,0.1666,257
3,1,7,18,0,3,1,2,0.5889,0.6016,0.6901,0.0684,355
3,1,7,19,0,3,1,2,0.7424,0.688,0.7378,0.3283,223
3,1,7,20,0,3,1,1,0.64,0.5968,0.8317,0.1504,225
3,1,7,21,0,3,1,2,0.6255,0.6352,0.6075,0.1306,129
3,1,7,22,0,3,1,2,0.8056,0.7831,0.6394,0.1244,90
3,1,7,23,0,3,1,2,0.6745,0.658,0.699,0.4074,60
3,1,7,0,0,4,1,1,0.5726,0.4898,0.8078,0.3972,27
3,1,7,1,0,4,1,1,0.7481,0.7381,0.4824,0.403,14
3,1,7,2,0,4,1,1,0.5944,0.5562,0.6629,0.4843,13
3,1,7,3,0,4,1,1,0.7751,0.7433,0.7165,0.4415,10
3,1,7,4,0,4,1,2,0.6787,0.6236,0.5996,0.1139,16
3,1,7,5,0,4,1,2,0.5907,0.6106,0.6917,0.2028,44
3,1,7,6,0,4,1,1,0.7373,0.6712,0.5662,0.4046,154
3,1,7,7,0,4,1,2,0.7163,0.7391,0.7862,0.5899,216
3,1,7,8,0,4,1,2,0.5312,0.5055,0.428,0.0586,374
3,1,7,9,0,4,1,2,0.6754,0.6366,0.6085,0.1372,185
3,1,7,10,0,4,1,2,0.7007,0.6392,0.7079,0.0134,181
3,1,7,11,0,4,1,3,0.6967,0.6461,0.6051,0.1593,166
3,1,7,12,0,4,1,2,0.6669,0.6274,0.7422,0.2186,182
3,1,7,13,0,4,1,1,0.732,0.6994,0.6481,0.3094,201
3,1,7,14,0,4,1,2,0.7196,0.6998,0.6758,0.7071,118
3,1,7,15,0,4,1,1,0.682,0.6416,0.7075,0.4446,204
3,1,7,16,0,4,1,2,0.6633,0.6463,0.6334,0.0402,263
3,1,7,17,0,4,1,4,0.6902,0.6912,0.441,0.2183,213
3,1,7,18,0,4,1,1,0.6376,0.6374,0.85,0.2763,349
3,1,7,19,0,4,1,1,0.6082,0.5966,0.8037,0.3306,231
3,1,7,20,0,4,1,1,0.6012,0.5861,0.7265,0.1409,179
3,1,7,21,0,4,1,3,0.6728,0.6074,0.5962,0.208,111
3,1,7,22,0,4,1,1,0.6198,0.5951,0.6933,0.2729,107
3,1,7,23,0,4,1,2,0.6687,0.6027,0.4325,0.0799,61
3,1,7,0,1,5,0,1,0.7712,0.7631,0.4529,0.2701,19
3,1,7,1,0,5,0,1,0.6636,0.6391,0.9297,0.0311,16
3,1,7,2,0,5,0,1,0.6878,0.6873,0.4917,0.7033,8
3,1,7,3,0,5,0,2,0.6621,0.6642,0.6041,0.2846,7
3,1,7,4,0,5,0,1,0.7695,0.7443,0.6578,0.1896,13
3,1,7,5,0,5,0,3,0.7941,0.7341,0.6819,0.1588,28
3,1,7,6,0,5,0,2,0.6452,0.5457,0.6404,0.2512,77
3,1,7,7,0,5,0,3,0.729,0.7089,0.5961,0.4533,120
3,1,7,8,0,5,0,1,0.8245,0.7782,0.6283,0.1147,276
3,1,7,9,0,5,0,2,0.5968,0.591,0.7769,0.5099,136
3,1,7,10,0,5,0,1,0.7467,0.7303,0.7171,0.1951,131
3,1,7,11,0,5,0,1,0.5562,0.5464,0.7223,0.2156,112
3,1,7,12,0,5,0,2,0.6802,0.6536,0.4078,0.2123,166
3,1,7,13,0,5,0,1,0.6683,0.5851,0.7036,0.1106,157
3,1,7,14,0,5,0,3,0.5586,0.5686,0.6557,0.526,64
3,1,7,15,0,5,0,1,0.7543,0.6789,0.5642,0.3311,142
3,1,7,16,0,5,0,1,0.6884,0.6346,0.8614,0.2815,181
3,1,7,17,0,5,0,2,0.6132,0.5726,0.4642,0.3339,217
3,1,7,18,0,5,0,2,0.7011,0.6666,0.6364,0.2078,148
3,1,7,19,0,5,0,1,0.7414,0.6947,0.7823,0.4017,193
3,1,7,20,0,5,0,3,0.5543,0.5099,0.6592,0.2709,87
3,1,7,21,0,5,0,1,0.4577,0.4589,0.405,0.1813,110
3,1,7,22,0,5,0,2,0.6752,0.6014,0.8134,0.3319,60
3,1,7,23,0,5,0,1,0.6243,0.5807,0.4362,0.2658,49
3,1,7,0,0,6,0,1,0.77,0.6686,0.4976,0.4831,24
3,1,7,1,0,6,0,2,0.6504,0.5869,0.7573,0.4202,11
3,1,7,2,0,6,0,2,0.698,0.6162,0.5256,0.2712,8
3,1,7,3,0,6,0,2,0.6632,0.6521,0.6105,0.3099,7
3,1,7,4,0,6,0,1,0.5681,0.5453,0.5243,0.0742,15
3,1,7,5,0,6,0,1,0.6784,0.6202,0.6499,0.3713,42
3,1,7,6,0,6,0,3,0.5835,0.4583,0.7849,0.2435,64
3,1,7,7,0,6,0,1,0.58,0.5053,0.4518,0.367,246
3,1,7,8,0,6,0,2,0.5995,0.5365,0.6704,0.2466,211
3,1,7,9,0,6,0,1,0.5933,0.5528,0.4347,0.2764,146
3,1,7,10,0,6,0,1,0.6616,0.6512,0.8932,0.4794,125
3,1,7,11,0,6,0,1,0.6489,0.5733,0.5306,0.2056,136
3,1,7,12,0,6,0,1,0.6962,0.6209,0.7087,0.7491,137
3,1,7,13,0,6,0,2,0.5661,0.4875,0.6764,0.2483,137
3,1,7,14,0,6,0,1,0.6587,0.6258,0.6575,0.6486,126
3,1,7,15,0,6,0,2,0.6426,0.5454,0.5885,0.1329,118
3,1,7,16,0,6,0,1,0.6904,0.6029,0.4769,0.1725,194
3,1,7,17,0,6,0,1,0.6938,0.6732,0.8181,0.4327,258
3,1,7,18,0,6,0,1,0.6872,0.6986,0.528,0.177,223
3,1,7,19,0,6,0,1,0.607,0.5785,0.6271,0.4416,180
3,1,7,20,0,6,0,1,0.678,0.6347,0.5997,0.0525,135
3,1,7,21,0,6,0,1,0.6404,0.6737,0.7592,0.2784,118
3,1,7,22,0,6,0,1,0.7683,0.7142,0.9142,0.5442,96
3,1,7,23,0,6,0,1,0.684,0.6343,0.5595,0.3421,56
3,1,7,0,0,0,1,1,0.68,0.6299,0.6587,0.202,33
3,1,7,1,0,0,1,1,0.5848,0.6006,0.7711,0.1131,22
3,1,7,2,0,0,1,1,0.6331,0.6176,0.8018,0.1689,11
3,1,7,3,0,0,1,1,0.6926,0.6738,0.6234,0.0155,11
3,1,7,4,0,0,1,1,0.6689,0.6453,0.628,0.1791,16
3,1,7,5,0,0,1,2,0.6682,0.6211,0.796,0.3676,52
3,1,7,6,0,0,1,1,0.5517,0.5144,0.4205,0.2999,126
3,1,7,7,1,0,0,3,0.6175,0.5576,0.7514,0.4318,87
3,1,7,8,0,0,1,1,0.6552,0.6105,0.5461,0.3936,389
3,1,7,9,0,0,1,1,0.7586,0.7291,0.6599,0.3094,193
3,1,7,10,0,0,1,2,0.5421,0.5091,0.6495,0.6452,121
3,1,7,11,0,0,1,1,0.6013,0.5956,0.5692,0.3243,221
3,1,7,12,0,0,1,1,0.5416,0.5224,0.6793,0.1784,268
3,1,7,13,0,0,1,3,0.6972,0.668,0.5991,0.7201,132
3,1,7,14,0,0,1,2,0.7575,0.6936,0.7634,0.4265,144
3,1,7,15,0,0,1,2,0.6997,0.6279,0.55,0.2687,146
3,1,7,16,0,0,1,1,0.7148,0.6453,0.5165,0.3179,267
3,1,7,17,0,0,1,1,0.6022,0.6047,0.6553,0.2237,401
3,1,7,18,0,0,1,1,0.7003,0.6135,0.6333,0.335,330
3,1,7,19,0,0,1,2,0.6204,0.595,0.8233,0.3816,241
3,1,7,20,0,0,1,1,0.6786,0.6504,0.6389,0.2302,204
3,1,7,21,0,0,1,2,0.7096,0.6536,0.6419,0.1776,136
3,1,7,22,0,0,1,3,0.654,0.6202,0.4969,0.1904,101
3,1,7,23,0,0,1,3,0.7318,0.7004,0.6651,0.3639,50
3,1,8,0,0,1,1,1,0.6611,0.5933,0.5057,0.4728,40
3,1,8,1,0,1,1,2,0.6917,0.6334,0.6203,0.0332,14
3,1,8,2,0,1,1,2,0.8049,0.7606,0.5328,0.1707,10
3,1,8,3,0,1,1,2,0.7073,0.6689,0.7044,0.5733,8
3,1,8,4,0,1,1,3,0.62,0.5464,0.6297,0.1597,12
3,1,8,5,1,1,0,2,0.6389,0.607,0.7808,0.3985,19
3,1,8,6,0,1,1,2,0.7336,0.6982,0.5223,0.101,123
3,1,8,7,0,1,1,1,0.7455,0.7357,0.6473,0.115,316
3,1,8,8,0,1,1,2,0.67,0.6333,0.6576,0.4224,355
3,1,8,9,0,1,1,2,0.5656,0.5227,0.6244,0.1551,146
3,1,8,10,0,1,1,2,0.606,0.5962,0.772,0.1898,167
3,1,8,11,0,1,1,2,0.6852,0.6818,0.6331,0.741,141
3,1,8,12,0,1,1,1,0.7131,0.6334,0.5162,0.2435,215
3,1,8,13,0,1,1,2,0.7428,0.6874,0.6895,0.3228,196
3,1,8,14,0,1,1,3,0.5303,0.4377,0.8561,0.0969,125
3,1,8,15,0,1,1,1,0.7335,0.6654,0.5594,0.153,209
3,1,8,16,0,1,1,2,0.7724,0.7757,0.6328,0.3658,281
3,1,8,17,0,1,1,2,0.505,0.4448,0.6657,0.3511,325
3,1,8,18,0,1,1,1,0.6721,0.6498,0.754,0.0986,364
3,1,8,19,0,1,1,1,0.7256,0.6989,0.7313,0.1778,211
3,1,8,20,0,1,1,2,0.5737,0.5248,0.6561,0.5157,148
3,1,8,21,0,1,1,2,0.6375,0.5893,0.5911,0.7256,124
3,1,8,22,0,1,1,1,0.7117,0.7152,0.585,0.46,94
3,1,8,23,0,1,1,3,0.6359,0.6297,0.6991,0.2795,54
3,1,8,0,0,2,1,2,0.6451,0.6772,0.5568,0.2725,29
3,1,8,1,0,2,1,1,0.686,0.5723,0.4767,0.2671,20
3,1,8,2,0,2,1,1,0.5886,0.5725,0.6153,0.2926,12
3,1,8,3,0,2,1,1,0.5958,0.4918,0.5805,0.1305,12
3,1,8,4,0,2,1,1,0.7033,0.6641,0.5969,0.408,18
3,1,8,5,1,2,0,1,0.7369,0.6906,0.7069,0.4755,21
3,1,8,6,0,2,1,1,0.6984,0.6262,0.6541,0.1601,149
3,1,8,7,0,2,1,3,0.7658,0.7065,0.615,0.2954,202
3,1,8,8,0,2,1,2,0.6999,0.653,0.5005,0.8553,329
3,1,8,9,0,2,1,2,0.7998,0.77,0.5947,0.3703,226
3,1,8,10,0,2,1,2,0.6751,0.604,0.4488,0.5776,124
3,1,8,11,0,2,1,2,0.6882,0.6287,0.5501,0.1326,207
3,1,8,12,0,2,1,3,0.6987,0.6764,0.5465,0.2532,192
3,1,8,13,0,2,1,1,0.6265,0.6139,0.6444,0.2331,186
3,1,8,14,0,2,1,2,0.6162,0.6613,0.65,0.2631,130
3,1,8,15,0,2,1,3,0.6075,0.5792,0.613,0.5474,124
3,1,8,16,0,2,1,3,0.6316,0.6161,0.5064,0.6766,165
3,1,8,17,0,2,1,1,0.8155,0.765,0.4365,0.0867,426
3,1,8,18,0,2,1,3,0.798,0.7972,0.8051,0.0941,287
3,1,8,19,0,2,1,2,0.6476,0.5842,0.5418,0.4415,144
3,1,8,20,0,2,1,1,0.6411,0.604,0.6087,0.0793,214
3,1,8,21,0,2,1,1,0.5202,0.4988,0.5855,0.3544,165
3,1,8,22,0,2,1,1,0.6009,0.5825,0.7468,0.3595,125
3,1,8,23,0,2,1,1,0.6139,0.6083,0.6785,0.3749,87
3,1,8,0,0,3,1,1,0.6377,0.5967,0.5583,0.5607,32
3,1,8,1,0,3,1,1,0.6286,0.6209,0.7062,0.1235,20
3,1,8,2,0,3,1,2,0.6835,0.6039,0.4819,0.0926,11
3,1,8,3,0,3,1,3,0.7227,0.6911,0.6322,0.2484,9
3,1,8,4,0,3,1,3,0.6175,0.527,0.2839,0.2105,14
3,1,8,5,0,3,1,2,0.769,0.7208,0.6819,0.3637,48
3,1,8,6,0,3,1,3,0.6926,0.73,0.5933,0.0741,96
3,1,8,7,0,3,1,2,0.7306,0.6991,0.6171,0.0381,261
3,1,8,8,0,3,1,1,0.6377,0.5885,0.7893,0.368,380
3,1,8,9,0,3,1,2,0.7067,0.6838,0.5543,0.241,237
3,1,8,10,0,3,1,1,0.7002,0.6608,0.5595,0.4081,181
3,1,8,11,0,3,1,2,0.7712,0.6959,0.4657,0.0369,185
3,1,8,12,0,3,1,1,0.7141,0.6201,0.65,0.6612,246
3,1,8,13,0,3,1,3,0.7282,0.6884,0.6361,0.2845,129
3,1,8,14,0,3,1,1,0.6314,0.591,0.7317,0.2016,149
3,1,8,15,0,3,1,1,0.7522,0.7039,0.64,0.3904,210
3,1,8,16,0,3,1,1,0.5791,0.5725,0.6844,0.1625,353
3,1,8,17,0,3,1,1,0.6283,0.6357,0.7068,0.3867,490
3,1,8,18,0,3,1,4,0.6881,0.6731,0.6877,0.0872,194
3,1,8,19,0,3,1,2,0.5878,0.5459,0.6286,0.1921,197
3,1,8,20,0,3,1,1,0.6038,0.5753,0.7088,0.3941,176
3,1,8,21,0,3,1,2,0.6039,0.6047,0.7217,0.1712,135
3,1,8,22,0,3,1,1,0.695,0.6846,0.7646,0.3438,111
3,1,8,23,0,3,1,1,0.6573,0.6397,0.9179,0.2446,69
3,1,8,0,0,4,1,1,0.7338,0.6806,0.5252,0.1807,32
3,1,8,1,0,4,1,1,0.798,0.7892,0.7072,0.4735,23
3,1,8,2,0,4,1,2,0.6853,0.6914,0.6432,0.1188,13
3,1,8,3,0,4,1,2,0.6305,0.6236,0.6691,0.0758,11
3,1,8,4,0,4,1,1,0.6921,0.7458,0.7359,0.0543,22
3,1,8,5,0,4,1,2,0.6036,0.5959,0.6717,0.3268,49
3,1,8,6,0,4,1,2,0.6619,0.6632,0.5172,0.1486,130
3,1,8,7,0,4,1,1,0.8387,0.816,0.5825,0.0861,275
3,1,8,8,0,4,1,2,0.6521,0.6156,0.7138,0.253,355
3,1,8,9,0,4,1,1,0.6875,0.6179,0.552,0.0928,245
3,1,8,10,0,4,1,1,0.655,0.5992,0.5128,0.1455,169
3,1,8,11,0,4,1,1,0.6377,0.583,0.6086,0.3187,184
3,1,8,12,0,4,1,1,0.7,0.6287,0.4716,0.5861,215
3,1,8,13,0,4,1,2,0.5774,0.5399,0.5536,0.0571,188
3,1,8,14,0,4,1,2,0.6547,0.6221,0.8777,0.2294,147
3,1,8,15,0,4,1,1,0.5713,0.5785,0.5794,0.1015,166
3,1,8,16,0,4,1,3,0.7744,0.6996,0.691,0.5727,182
3,1,8,17,0,4,1,1,0.7354,0.7254,0.546,0.1025,385
3,1,8,18,0,4,1,1,0.6126,0.59,0.7206,0.1062,351
3,1,8,19,0,4,1,2,0.5364,0.5209,0.6136,0.2745,196
3,1,8,20,0,4,1,2,0.7007,0.6627,0.7399,0.1212,202
3,1,8,21,0,4,1,3,0.6633,0.6929,0.6063,0.2153,116
3,1,8,22,0,4,1,1,0.8234,0.7586,0.5889,0.4108,138
3,1,8,23,0,4,1,1,0.7644,0.7095,0.6268,0.3694,87
3,1,8,0,0,5,0,2,0.7086,0.6767,0.6463,0.2611,25
3,1,8,1,0,5,0,2,0.6272,0.6077,0.6732,0.3394,11
3,1,8,2,0,5,0,2,0.6458,0.6203,0.5624,0.108,8
3,1,8,3,0,5,0,2,0.6853,0.6495,0.538,0.2645,7
3,1,8,4,0,5,0,1,0.689,0.6703,0.4762,0.1275,15
3,1,8,5,0,5,0,2,0.6146,0.6019,0.5753,0.3637,28
3,1,8,6,0,5,0,2,0.5687,0.5391,0.4428,0.6793,91
3,1,8,7,0,5,0,2,0.7991,0.8143,0.4922,0.2557,205
3,1,8,8,0,5,0,1,0.6665,0.6464,0.6167,0.2659,313
3,1,8,9,0,5,0,3,0.6938,0.6509,0.7159,0.1045,125
3,1,8,10,0,5,0,2,0.6041,0.6112,0.6052,0.3458,109
3,1,8,11,0,5,0,1,0.7598,0.6609,0.8848,0.6894,150
3,1,8,12,0,5,0,1,0.7369,0.6663,0.6822,0.1801,209
3,1,8,13,0,5,0,2,0.6684,0.6288,0.6702,0.3332,143
3,1,8,14,0,5,0,3,0.6788,0.6096,0.51,0.4846,94
3,1,8,15,1,5,0,2,0.6841,0.674,0.7156,0.1463,79
3,1,8,16,0,5,0,3,0.671,0.6605,0.715,0.4863,118
3,1,8,17,0,5,0,1,0.7032,0.717,0.5321,0.719,204
3,1,8,18,0,5,0,1,0.6905,0.6386,0.6505,0.1971,212
3,1,8,19,0,5,0,2,0.6518,0.6363,0.8294,0.5566,156
3,1,8,20,0,5,0,1,0.5823,0.5916,0.6771,0.1821,116
3,1,8,21,0,5,0,1,0.6624,0.6341,0.7478,0.2233,135
3,1,8,22,0,5,0,2,0.7167,0.7104,0.6052,0.1015,89
3,1,8,23,0,5,0,1,0.7112,0.6726,0.4352,0.2873,44
3,1,8,0,0,6,0,1,0.7538,0.7555,0.7043,0.0426,29
3,1,8,1,0,6,0,1,0.7612,0.7003,0.6276,0.2784,12
3,1,8,2,0,6,0,1,0.711,0.6289,0.6755,0.1247,8
3,1,8,3,0,6,0,1,0.675,0.6299,0.6522,0.4183,7
3,1,8,4,0,6,0,1,0.6859,0.649,0.5523,0.0361,12
3,1,8,5,0,6,0,3,0.6217,0.6037,0.6542,0.3653,30
3,1,8,6,0,6,0,2,0.7178,0.6955,0.5704,0.5391,76
3,1,8,7,0,6,0,2,0.7545,0.6955,0.523,0.2839,198
3,1,8,8,0,6,0,1,0.7348,0.6681,0.7404,0.0297,311
3,1,8,9,0,6,0,1,0.7008,0.7146,0.5451,0.4874,159
3,1,8,10,0,6,0,3,0.645,0.6087,0.6288,0.5084,62
3,1,8,11,0,6,0,2,0.637,0.5908,0.5399,0.2108,146
3,1,8,12,0,6,0,2,0.6507,0.6277,0.8201,0.0871,169
3,1,8,13,0,6,0,1,0.6108,0.5511,0.7053,0.1601,154
3,1,8,14,0,6,0,2,0.6811,0.6256,0.5272,0.4409,107
3,1,8,15,0,6,0,2,0.4661,0.4666,0.6472,0.2533,125
3,1,8,16,0,6,0,1,0.6242,0.5625,0.6495,0.2424,246
3,1,8,17,0,6,0,2,0.6667,0.5934,0.6594,0.3655,209
3,1,8,18,0,6,0,1,0.837,0.7845,0.5723,0.2299,223
3,1,8,19,0,6,0,1,0.6622,0.6369,0.5657,0.2041,179
3,1,8,20,0,6,0,1,0.6648,0.6728,0.824,0.2471,132
3,1,8,21,0,6,0,2,0.6035,0.5836,0.539,0.2949,99
3,1,8,22,0,6,0,2,0.7823,0.7586,0.5214,0.6779,69
3,1,8,23,0,6,0,1,0.6049,0.544,0.4274,0.2342,64
3,1,8,0,0,0,1,3,0.8019,0.7674,0.6168,0.0531,26
3,1,8,1,0,0,1,1,0.6078,0.5438,0.4925,0.0286,21
3,1,8,2,0,0,1,3,0.7255,0.7167,0.911,0.4761,7
3,1,8,3,1,0,0,2,0.6556,0.6262,0.4839,0.311,4
3,1,8,4,0,0,1,3,0.6202,0.5876,0.555,0.3439,12
3,1,8,5,0,0,1,2,0.7302,0.7089,0.908,0.3437,57
3,1,8,6,0,0,1,2,0.7526,0.7002,0.7768,0.1103,110
3,1,8,7,0,0,1,1,0.6466,0.5997,0.4279,0.3097,284
3,1,8,8,0,0,1,2,0.6579,0.5965,0.6485,0.6496,344
3,1,8,9,0,0,1,2,0.6307,0.6526,0.6757,0.3919,226
3,1,8,10,0,0,1,2,0.6753,0.6347,0.5288,0.2499,166
3,1,8,11,0,0,1,2,0.5829,0.5443,0.7208,0.1562,196
3,1,8,12,0,0,1,1,0.471,0.4683,0.4762,0.0971,251
3,1,8,13,0,0,1,1,0.5287,0.5026,0.4418,0.2615,183
3,1,8,14,0,0,1,1,0.6441,0.5422,0.7607,0.2862,213
3,1,8,15,0,0,1,2,0.5847,0.6161,0.7151,0.1051,204
3,1,8,16,0,0,1,2,0.6513,0.6044,0.8674,0.324,308
3,1,8,17,0,0,1,2,0.6237,0.5673,0.6335,0.2865,293
3,1,8,18,0,0,1,2,0.6101,0.5747,0.8333,0.4315,335
3,1,8,19,0,0,1,1,0.6142,0.568,0.5789,0.1788,247
3,1,8,20,0,0,1,1,0.7273,0.676,0.784,0.2781,202
3,1,8,21,0,0,1,1,0.676,0.6457,0.87,0.1674,154
3,1,8,22,0,0,1,1,0.7691,0.6749,0.5363,0.2383,139
3,1,8,23,0,0,1,2,0.6668,0.6555,0.4313,0.554,57
3,1,8,0,0,1,1,2,0.5235,0.5259,0.6734,0.3633,32
3,1,8,1,0,1,1,3,0.5841,0.5042,0.6704,0.2668,17
3,1,8,2,0,1,1,1,0.6653,0.6457,0.6278,0.3718,11
3,1,8,3,0,1,1,2,0.6741,0.6147,0.763,0.1585,12
3,1,8,4,1,1,0,2,0.6162,0.5722,0.512,0.4007,8
3,1,8,5,0,1,1,1,0.6015,0.582,0.6323,0.0796,58
3,1,8,6,0,1,1,2,0.6146,0.6099,0.5541,0.1717,123
3,1,8,7,0,1,1,3,0.6471,0.6247,0.8425,0.782,210
3,1,8,8,0,1,1,1,0.6538,0.5794,0.7398,0.0909,366
3,1,8,9,0,1,1,2,0.5803,0.5532,0.5618,0.1404,176
3,1,8,10,0,1,1,1,0.6744,0.6554,0.6524,0.2961,149
3,1,8,11,0,1,1,1,0.6738,0.6169,0.6262,0.3613,213
3,1,8,12,0,1,1,1,0.6495,0.5916,0.4888,0.2832,310
3,1,8,13,0,1,1,1,0.6088,0.5762,0.8377,0.1425,202
3,1,8,14,0,1,1,2,0.7042,0.6862,0.5956,0.151,150
3,1,8,15,0,1,1,1,0.7498,0.6954,1.0,0.2766,239
3,1,8,16,0,1,1,2,0.6258,0.6017,0.6515,0.5119,267
3,1,8,17,0,1,1,3,0.6132,0.5447,0.7971,0.0611,257
3,1,8,18,0,1,1,2,0.6898,0.6634,0.6509,0.1086,286
3,1,8,19,0,1,1,1,0.5753,0.4918,0.6844,0.5698,217
3,1,8,20,0,1,1,1,0.5678,0.5487,0.5976,0.3411,180
3,1,8,21,0,1,1,1,0.6118,0.6076,0.432,0.2637,143
3,1,8,22,0,1,1,1,0.6789,0.6399,0.848,0.594,113
3,1,8,23,1,1,0,1,0.5956,0.5825,0.5743,0.1507,29
3,1,8,0,0,2,1,2,0.6534,0.6281,0.8242,0.5528,30
3,1,8,1,0,2,1,2,0.5141,0.4471,0.8995,0.1108,15
3,1,8,2,0,2,1,1,0.6979,0.6276,0.5696,0.1588,12
3,1,8,3,0,2,1,1,0.7556,0.7069,0.5471,0.4623,12
3,1,8,4,0,2,1,3,0.5911,0.5571,0.5786,0.4607,12
3,1,8,5,0,2,1,3,0.6858,0.6281,0.4193,0.6345,37
3,1,8,6,0,2,1,2,0.6402,0.5716,0.69,0.3273,121
3,1,8,7,0,2,1,2,0.6622,0.5434,0.8039,0.0568,332
3,1,8,8,0,2,1,2,0.6375,0.6559,0.5349,0.694,274
3,1,8,9,0,2,1,1,0.6335,0.653,0.7049,0.1873,255
3,1,8,10,0,2,1,3,0.5964,0.5413,0.6214,0.1574,116
3,1,8,11,0,2,1,1,0.5783,0.5061,0.6221,0.1693,233
3,1,8,12,0,2,1,2,0.7317,0.7388,0.6462,0.285,192
3,1,8,13,0,2,1,1,0.5372,0.4468,0.6884,0.0427,219
3,1,8,14,0,2,1,2,0.6534,0.6516,0.572,0.2025,136
3,1,8,15,0,2,1,2,0.6503,0.6369,0.6499,0.4693,217
3,1,8,16,0,2,1,2,0.6515,0.6084,0.5763,0.321,236
3,1,8,17,0,2,1,1,0.7013,0.708,0.6639,0.0662,373
3,1,8,18,0,2,1,2,0.6288,0.5776,0.5383,0.0756,234
3,1,8,19,0,2,1,2,0.7005,0.6907,0.7576,0.1833,228
3,1,8,20,0,2,1,2,0.7938,0.7466,0.6067,0.2722,149
3,1,8,21,0,2,1,2,0.6441,0.5754,0.4986,0.3369,120
3,1,8,22,0,2,1,2,0.5125,0.5482,0.6228,0.2576,72
3,1,8,23,0,2,1,2,0.6448,0.5913,0.6397,0.3321,64
3,1,8,0,0,3,1,1,0.6354,0.5908,0.5905,0.2491,33
3,1,8,1,0,3,1,2,0.6804,0.6708,0.4558,0.3434,16
3,1,8,2,0,3,1,1,0.5127,0.5242,0.6337,0.0975,11
3,1,8,3,0,3,1,2,0.675,0.6017,0.6687,0.4863,9
3,1,8,4,0,3,1,1,0.6228,0.6348,0.7,0.4579,17
3,1,8,5,0,3,1,2,0.7084,0.6728,0.7709,0.2248,48
3,1,8,6,0,3,1,1,0.616,0.5825,0.7094,0.2623,107
3,1,8,7,0,3,1,1,0.713,0.6723,0.6888,0.373,254
3,1,8,8,0,3,1,1,0.5465,0.5187,0.7176,0.1408,334
3,1,8,9,0,3,1,3,0.6535,0.574,0.5813,0.2336,205
3,1,8,10,0,3,1,1,0.5842,0.5672,0.7614,0.2933,200
3,1,8,11,0,3,1,2,0.6181,0.5933,0.6401,0.1313,209
3,1,8,12,0,3,1,1,0.8427,0.7895,0.6265,0.3923,279
3,1,8,13,0,3,1,2,0.5858,0.5627,0.4997,0.4222,162
3,1,8,14,0,3,1,1,0.6262,0.5887,0.7024,0.1999,157
3,1,8,15,0,3,1,2,0.5722,0.5414,0.6898,0.3103,210
3,1,8,16,0,3,1,1,0.6308,0.6118,0.7386,0.6083,306
3,1,8,17,0,3,1,1,0.6418,0.6029,0.4832,0.2992,397
3,1,8,18,0,3,1,1,0.6008,0.5475,0.7356,0.407,308
3,1,8,19,0,3,1,2,0.7626,0.7472,0.628,0.2676,252
3,1,8,20,0,3,1,1,0.7331,0.6642,0.5418,0.3418,194
3,1,8,21,0,3,1,4,0.586,0.5882,0.5939,0.3566,74
3,1,8,22,0,3,1,1,0.7094,0.6636,0.5514,0.3522,121
3,1,8,23,0,3,1,2,0.6186,0.614,0.6889,0.4768,77
3,1,8,0,0,4,1,1,0.5636,0.5786,0.5978,0.1372,36
3,1,8,1,0,4,1,1,0.5994,0.5677,0.6402,0.2825,19
3,1,8,2,0,4,1,2,0.5618,0.5599,0.594,0.0968,9
3,1,8,3,0,4,1,2,0.7156,0.6987,0.6349,0.3951,9
3,1,8,4,0,4,1,2,0.5883,0.5644,0.5137,0.1021,19
3,1,8,5,0,4,1,2,0.7399,0.721,0.4089,0.5259,42
3,1,8,6,0,4,1,1,0.6596,0.6182,0.9692,0.4415,124
3,1,8,7,0,4,1,3,0.6214,0.6396,0.6545,0.1527,219
3,1,8,8,0,4,1,1,0.6145,0.5863,1.0,0.2181,519
3,1,8,9,0,4,1,3,0.7724,0.7119,0.641,0.4926,124
3,1,8,10,0,4,1,2,0.6504,0.6049,0.6463,0.2727,148
3,1,8,11,0,4,1,1,0.6144,0.6103,0.6147,0.146,174
3,1,8,12,0,4,1,2,0.7094,0.6464,0.7171,0.1835,228
3,1,8,13,0,4,1,3,0.6907,0.7129,0.6615,0.282,143
3,1,8,14,0,4,1,1,0.5805,0.5907,0.4881,0.2971,180
3,1,8,15,0,4,1,1,0.6501,0.5806,0.5226,0.3646,219
3,1,8,16,0,4,1,2,0.5231,0.5201,0.5035,0.3542,244
3,1,8,17,0,4,1,1,0.6474,0.586,0.6622,0.1777,366
3,1,8,18,0,4,1,1,0.6717,0.6131,0.6676,0.3197,340
3,1,8,19,0,4,1,2,0.681,0.6329,0.662,0.1233,230
3,1,8,20,0,4,1,3,0.5797,0.5285,0.5627,0.2828,182
3,1,8,21,0,4,1,2,0.598,0.5899,0.5032,0.1883,148
3,1,8,22,0,4,1,3,0.667,0.6413,0.7852,0.1669,97
3,1,8,23,0,4,1,1,0.7372,0.713,0.6728,0.434,62
3,1,8,0,0,5,0,1,0.6535,0.6209,0.7184,0.1409,30
3,1,8,1,0,5,0,1,0.608,0.5618,0.7637,0.2143,13
3,1,8,2,0,5,0,1,0.715,0.6636,0.4031,0.0675,10
3,1,8,3,0,5,0,2,0.6561,0.6565,0.6562,0.2551,8
3,1,8,4,0,5,0,1,0.6596,0.6161,0.7829,0.1561,15
3,1,8,5,0,5,0,1,0.7029,0.7096,0.5005,0.3263,33
3,1,8,6,0,5,0,2,0.6403,0.5893,0.5129,0.3085,84
3,1,8,7,0,5,0,2,0.5817,0.554,0.5103,0.0352,208
3,1,8,8,0,5,0,2,0.6363,0.6137,0.4649,0.3169,205
3,1,8,9,0,5,0,2,0.7249,0.7241,0.7174,0.1742,167
3,1,8,10,0,5,0,3,0.7796,0.7697,0.6707,0.2321,94
3,1,8,11,0,5,0,2,0.5618,0.5429,0.4979,0.1438,123
3,1,8,12,0,5,0,3,0.7617,0.7258,0.4275,0.0974,131
3,1,8,13,0,5,0,3,0.6214,0.5631,0.5445,0.6113,121
3,1,8,14,0,5,0,3,0.6485,0.6103,0.776,0.4178,97
3,1,8,15,0,5,0,1,0.7661,0.7956,0.5054,0.178,173
3,1,8,16,0,5,0,2,0.6184,0.5587,0.4358,0.2516,190
3,1,8,17,0,5,0,1,0.6279,0.5796,0.6262,0.218,273
3,1,8,18,0,5,0,1,0.6021,0.5305,0.4961,0.4961,249
3,1,8,19,0,5,0,2,0.6497,0.5948,0.8434,0.0462,183
3,1,8,20,0,5,0,1,0.6689,0.6,0.6573,0.4541,133
3,1,8,21,0,5,0,2,0.599,0.5323,0.5931,0.6484,72
3,1,8,22,1,5,0,2,0.7486,0.7209,0.595,0.527,37
3,1,8,23,0,5,0,1,0.5948,0.5869,0.567,0.3584,42
3,1,8,0,0,6,0,3,0.6793,0.6559,0.5795,0.3514,16
3,1,8,1,0,6,0,2,0.6463,0.5833,0.9286,0.6346,10
3,1,8,2,0,6,0,2,0.7315,0.6444,0.7539,0.0827,6
3,1,8,3,0,6,0,1,0.5881,0.4974,0.6123,0.4195,8
3,1,8,4,0,6,0,3,0.6845,0.6137,0.6644,0.5425,11
3,1,8,5,0,6,0,1,0.8139,0.7424,0.5484,0.1368,55
3,1,8,6,0,6,0,2,0.5435,0.5025,0.7585,0.1398,77
3,1,8,7,0,6,0,1,0.5814,0.5602,0.2329,0.2848,181
3,1,8,8,0,6,0,1,0.7903,0.7392,0.5649,0.1549,301
3,1,8,9,0,6,0,1,0.635,0.6508,0.5044,0.3769,188
3,1,8,10,0,6,0,2,0.6524,0.6889,0.7392,0.1656,113
3,1,8,11,0,6,0,3,0.6211,0.5869,0.6293,0.0151,123
3,1,8,12,0,6,0,2,0.7602,0.6648,0.4189,0.0734,169
3,1,8,13,0,6,0,2,0.5314,0.4888,0.614,0.2324,141
3,1,8,14,0,6,0,1,0.731,0.6864,0.6247,0.3787,117
3,1,8,15,0,6,0,3,0.541,0.5345,0.8029,0.4185,98
3,1,8,16,0,6,0,1,0.5347,0.4679,0.6586,0.2561,168
3,1,8,17,0,6,0,3,0.5683,0.4912,0.6193,0.0803,138
3,1,8,18,0,6,0,2,0.6355,0.6115,0.6307,0.2301,206
3,1,8,19,0,6,0,1,0.5944,0.5483,0.349,0.1585,199
3,1,8,20,0,6,0,1,0.5902,0.5439,0.5251,0.4372,121
3,1,8,21,0,6,0,2,0.5795,0.5241,0.3867,0.0899,100
3,1,8,22,0,6,0,3,0.5807,0.5395,0.8656,0.3271,66
3,1,8,23,0,6,0,2,0.5791,0.5561,0.5654,0.1598,45
3,1,8,0,0,0,1,3,0.6581,0.5531,0.7018,0.2575,24
3,1,8,1,0,0,1,3,0.5972,0.5678,0.5012,0.2927,15
3,1,8,2,0,0,1,1,0.4551,0.453,0.5765,0.1913,14
3,1,8,3,0,0,1,2,0.6391,0.6205,0.5833,0.2459,10
3,1,8,4,0,0,1,2,0.6941,0.7226,0.6861,0.0628,17
3,1,8,5,1,0,0,1,0.6221,0.5779,0.6047,0.3029,21
3,1,8,6,0,0,1,2,0.5534,0.523,0.544,0.265,96
3,1,8,7,0,0,1,1,0.6938,0.6973,0.3754,0.3643,349
3,1,8,8,0,0,1,2,0.5456,0.5199,0.8896,0.2048,321
3,1,8,9,0,0,1,2,0.6192,0.6334,0.5591,0.115,196
3,1,8,10,0,0,1,2,0.6401,0.6326,0.5747,0.3334,134
3,1,8,11,0,0,1,2,0.7172,0.6857,0.5519,0.4463,184
3,1,8,12,0,0,1,2,0.6821,0.6477,0.7899,0.4684,227
3,1,8,13,0,0,1,1,0.6584,0.6184,0.5419,0.272,196
3,1,8,14,0,0,1,2,0.7068,0.6704,0.5631,0.0501,156
3,1,8,15,0,0,1,1,0.5606,0.5072,0.6464,0.1845,226
3,1,8,16,0,0,1,2,0.7523,0.735,0.7677,0.5838,220
3,1,8,17,0,0,1,2,0.4271,0.4632,0.6199,0.3994,279
3,1,8,18,0,0,1,2,0.7416,0.6502,0.6276,0.158,268
3,1,8,19,0,0,1,1,0.5828,0.589,0.6078,0.0885,239
3,1,8,20,0,0,1,1,0.6683,0.6421,0.5654,0.1886,197
3,1,8,21,0,0,1,2,0.7431,0.7372,0.8438,0.4235,133
3,1,8,22,0,0,1,1,0.6809,0.6293,0.5245,0.1195,125
3,1,8,23,0,0,1,1,0.6677,0.6289,0.6699,0.3312,70
3,1,8,0,0,1,1,1,0.6995,0.7025,0.5551,0.1325,56
3,1,8,1,0,1,1,1,0.5353,0.507,0.6943,0.2439,22
3,1,8,2,0,1,1,1,0.5458,0.5432,0.6158,0.0502,12
3,1,8,3,0,1,1,2,0.6579,0.6073,0.6521,0.2908,10
3,1,8,4,0,1,1,2,0.625,0.5878,0.6333,0.2344,18
3,1,8,5,0,1,1,2,0.617,0.6014,0.4903,0.4705,51
3,1,8,6,0,1,1,1,0.7255,0.7014,0.6151,0.2373,126
3,1,8,7,0,1,1,3,0.7195,0.7083,0.4044,0.1534,249
3,1,8,8,0,1,1,2,0.5744,0.5355,0.6491,0.2812,395
3,1,8,9,0,1,1,2,0.6698,0.6363,0.5617,0.2855,213
3,1,8,10,0,1,1,2,0.5294,0.532,0.5955,0.3746,146
3,1,8,11,0,1,1,1,0.5277,0.5446,0.6257,0.062,237
3,1,8,12,0,1,1,2,0.5764,0.5224,0.6401,0.1975,207
3,1,8,13,0,1,1,1,0.6352,0.639,0.3451,0.1267,259
3,1,8,14,0,1,1,3,0.5932,0.5404,0.5772,0.0323,122
3,1,8,15,0,1,1,2,0.6705,0.6432,0.6539,0.2172,163
3,1,8,16,0,1,1,1,0.6378,0.6144,0.8116,0.5564,273
3,1,8,17,0,1,1,1,0.7169,0.6664,0.9332,0.2996,323
3,1,8,18,0,1,1,2,0.6771,0.6379,0.8616,0.4563,276
3,1,8,19,0,1,1,1,0.5662,0.4848,0.5349,0.4098,232
3,1,8,20,0,1,1,1,0.7019,0.6886,0.6893,0.4695,195
3,1,8,21,0,1,1,3,0.5785,0.5413,0.7587,0.5529,76
3,1,8,22,0,1,1,1,0.6677,0.633,0.7052,0.1073,114
3,1,8,23,0,1,1,1,0.6044,0.557,0.6214,0.2013,83
3,1,8,0,0,2,1,1,0.7287,0.7141,0.6627,0.2498,41
3,1,8,1,0,2,1,2,0.6872,0.6584,0.6772,0.4899,18
3,1,8,2,0,2,1,2,0.5875,0.5237,0.5577,0.1709,9
3,1,8,3,0,2,1,2,0.609,0.5752,0.664,0.2489,10
3,1,8,4,0,2,1,3,0.8649,0.7906,0.4844,0.7422,10
3,1,8,5,0,2,1,1,0.5478,0.521,0.9193,0.0804,56
3,1,8,6,0,2,1,1,0.5856,0.5768,0.592,0.3838,116
3,1,8,7,0,2,1,1,0.5891,0.5654,0.7043,0.4864,277
3,1,8,8,0,2,1,1,0.5549,0.5402,0.667,0.0937,409
3,1,8,9,0,2,1,1,0.5623,0.5659,0.6551,0.2281,239
3,1,8,10,0,2,1,1,0.6284,0.5724,0.7138,0.2488,198
3,1,8,11,0,2,1,2,0.6694,0.6228,0.7757,0.1705,178
3,1,8,12,0,2,1,1,0.5245,0.4443,0.6535,0.4304,209
3,1,8,13,0,2,1,3,0.6009,0.5595,0.7395,0.3595,146
3,1,8,14,0,2,1,3,0.5797,0.5324,0.6997,0.2041,152
3,1,8,15,0,2,1,2,0.5541,0.546,0.4883,0.1136,142
3,1,8,16,0,2,1,3,0.7057,0.6843,0.6467,0.3524,224
3,1,8,17,0,2,1,2,0.5825,0.5984,0.6172,0.6311,364
3,1,8,18,0,2,1,1,0.5401,0.4981,0.7175,0.3529,289
3,1,8,19,0,2,1,2,0.6976,0.6747,0.7279,0.2178,205
3,1,8,20,0,2,1,1,0.7236,0.7096,0.6591,0.0472,223
3,1,8,21,0,2,1,2,0.6527,0.6888,0.6911,0.1347,123
3,1,8,22,0,2,1,2,0.5702,0.5547,0.6638,0.1946,126
3,1,8,23,0,2,1,2,0.6166,0.5843,0.5765,0.0039,57
3,1,8,0,0,3,1,1,0.5873,0.5617,0.7953,0.6181,37
3,1,8,1,0,3,1,2,0.6297,0.6121,0.7177,0.0944,18
3,1,8,2,0,3,1,3,0.6832,0.6903,0.8767,0.3501,8
3,1,8,3,0,3,1,1,0.6314,0.587,0.6261,0.0224,13
3,1,8,4,0,3,1,1,0.6329,0.5799,0.5791,0.2016,21
3,1,8,5,0,3,1,1,0.5972,0.646,0.3954,0.0636,59
3,1,8,6,0,3,1,3,0.6797,0.6119,0.9264,0.3066,83
3,1,8,7,0,3,1,2,0.6589,0.6516,0.7134,0.1581,255
3,1,8,8,0,3,1,1,0.5045,0.4917,0.7448,0.2651,432
3,1,8,9,0,3,1,2,0.5084,0.4927,0.8565,0.102,223
3,1,8,10,0,3,1,2,0.6099,0.5426,0.6691,0.4482,144
3,1,8,11,0,3,1,1,0.7011,0.7473,0.5669,0.1644,223
3,1,8,12,0,3,1,3,0.7148,0.6843,0.7607,0.0359,190
3,1,8,13,0,3,1,2,0.6865,0.6367,0.6247,0.3996,184
3,1,8,14,0,3,1,1,0.6226,0.5516,0.4339,0.4733,165
3,1,8,15,0,3,1,3,0.7357,0.6386,0.8343,0.3765,133
3,1,8,16,0,3,1,1,0.5825,0.5745,0.5206,0.1393,373
3,1,8,17,0,3,1,1,0.6093,0.5537,0.5636,0.077,428
3,1,8,18,0,3,1,1,0.5337,0.4989,0.7457,0.4481,331
3,1,8,19,0,3,1,1,0.6089,0.5604,0.4108,0.6186,226
3,1,8,20,0,3,1,2,0.5728,0.5603,0.6633,0.165,163
3,1,8,21,0,3,1,1,0.7408,0.7154,0.6822,0.1424,160
3,1,8,22,0,3,1,1,0.727,0.7132,0.7802,0.3931,138
3,1,8,23,0,3,1,3,0.6376,0.6294,0.7245,0.2198,49
3,1,8,0,0,4,1,1,0.6629,0.6082,0.7398,0.494,38
3,1,8,1,0,4,1,1,0.5879,0.5181,0.7603,0.4524,17
3,1,8,2,0,4,1,1,0.4526,0.4255,0.8286,0.2323,10
3,1,8,3,0,4,1,2,0.5768,0.5635,0.5972,0.073,12
3,1,8,4,0,4,1,1,0.6825,0.6516,0.5331,0.1903,19
3,1,8,5,0,4,1,1,0.6608,0.5717,0.5394,0.277,50
3,1,8,6,0,4,1,3,0.6027,0.5743,0.7273,0.2888,96
3,1,8,7,0,4,1,1,0.6819,0.6178,0.6178,0.3116,312
3,1,8,8,0,4,1,3,0.5972,0.568,0.58,0.4504,227
3,1,8,9,0,4,1,2,0.5503,0.5517,0.7811,0.0673,238
3,1,8,10,0,4,1,2,0.6819,0.573,0.721,0.3241,173
3,1,8,11,1,4,0,1,0.5873,0.6032,0.841,0.2257,89
3,1,8,12,0,4,1,3,0.702,0.6355,0.6857,0.218,203
3,1,8,13,0,4,1,1,0.4903,0.4957,0.7187,0.3002,192
3,1,8,14,0,4,1,1,0.5903,0.586,0.6043,0.1668,163
3,1,8,15,0,4,1,2,0.672,0.6293,0.3988,0.2528,220
3,1,8,16,0,4,1,1,0.6647,0.6451,0.5888,0.187,308
3,1,8,17,0,4,1,1,0.6147,0.5629,0.5652,0.1944,394
3,1,8,18,1,4,0,2,0.6503,0.566,0.4913,0.5383,97
3,1,8,19,0,4,1,1,0.64,0.6421,0.6744,0.3907,206
3,1,8,20,0,4,1,1,0.5259,0.4791,0.7641,0.4658,211
3,1,8,21,0,4,1,2,0.6047,0.6285,0.5978,0.2192,93
3,1,8,22,0,4,1,1,0.6461,0.6403,0.7011,0.3671,124
3,1,8,23,0,4,1,2,0.6656,0.607,0.5851,0.2051,84
3,1,8,0,0,5,0,2,0.6226,0.6091,0.6362,0.1249,24
3,1,8,1,0,5,0,1,0.5885,0.5749,0.5825,0.1117,15
3,1,8,2,0,5,0,1,0.5337,0.5587,0.6909,0.1769,8
3,1,8,3,0,5,0,1,0.6799,0.6312,0.7249,0.2297,10
3,1,8,4,0,5,0,1,0.6722,0.6316,0.8605,0.1501,17
3,1,8,5,0,5,0,1,0.6963,0.6744,0.5863,0.2967,35
3,1,8,6,0,5,0,2,0.5517,0.5246,0.6293,0.1497,89
3,1,8,7,1,5,0,1,0.6357,0.5622,0.7903,0.1054,118
3,1,8,8,0,5,0,2,0.5787,0.5802,0.6143,0.329,245
3,1,8,9,0,5,0,1,0.6304,0.6468,0.7155,0.2124,169
3,1,8,10,0,5,0,1,0.8306,0.7937,0.5947,0.5318,124
3,1,8,11,0,5,0,1,0.6904,0.6177,0.7025,0.6991,165
3,1,8,12,0,5,0,1,0.5743,0.5422,0.7268,0.1445,153
3,1,8,13,0,5,0,2,0.6095,0.5517,0.8117,0.5059,137
3,1,8,14,0,5,0,2,0.6018,0.5639,0.5636,0.1047,88
3,1,8,15,0,5,0,3,0.6358,0.6096,0.7139,0.3418,108
3,1,8,16,1,5,0,1,0.5205,0.5141,0.6382,0.3612,125
3,1,8,17,0,5,0,1,0.6498,0.6595,0.4584,0.2138,319
3,1,8,18,0,5,0,3,0.4789,0.4738,0.5803,0.616,141
3,1,8,19,0,5,0,2,0.5101,0.4528,0.5655,0.2223,130
3,1,8,20,0,5,0,1,0.7673,0.7494,0.7066,0.0506,182
3,1,8,21,1,5,0,1,0.6019,0.5632,0.5502,0.1887,70
3,1,8,22,0,5,0,2,0.727,0.6855,0.6662,0.2566,60
3,1,8,23,0,5,0,1,0.5704,0.5415,0.6568,0.3702,59
3,1,8,0,1,6,0,2,0.477,0.4572,0.7337,0.1621,14
3,1,8,1,0,6,0,1,0.5505,0.5534,0.5986,0.211,12
3,1,8,2,0,6,0,3,0.8123,0.7865,0.4783,0.3573,6
3,1,8,3,0,6,0,2,0.5253,0.4635,0.767,0.3403,8
3,1,8,4,0,6,0,2,0.7484,0.666,0.5885,0.2718,11
3,1,8,5,0,6,0,1,0.6483,0.6354,0.7878,0.3561,37
3,1,8,6,0,6,0,2,0.6325,0.617,0.6536,0.1672,76
3,1,8,7,0,6,0,3,0.5717,0.5809,0.6642,0.0992,147
3,1,8,8,0,6,0,1,0.561,0.53,0.7289,0.3085,233
3,1,8,9,0,6,0,2,0.6636,0.6388,0.7331,0.5477,138
3,1,8,10,0,6,0,1,0.7164,0.6949,0.6468,0.0941,140
3,1,8,11,0,6,0,2,0.6378,0.5593,0.6037,0.2808,131
3,1,8,12,0,6,0,2,0.6759,0.5937,0.6505,0.1707,156
3,1,8,13,0,6,0,2,0.5943,0.5867,0.4393,0.0447,150
3,1,8,14,0,6,0,2,0.7762,0.7485,0.7737,0.5048,88
3,1,8,15,0,6,0,1,0.6408,0.6492,0.5527,0.3384,153
3,1,8,16,0,6,0,2,0.7664,0.7834,0.5943,0.0955,196
3,1,8,17,0,6,0,2,0.5565,0.5197,0.6082,0.3011,214
3,1,8,18,0,6,0,1,0.6209,0.5793,0.7008,0.072,256
3,1,8,19,0,6,0,3,0.6991,0.6234,0.6402,0.1532,152
3,1,8,20,0,6,0,1,0.634,0.6179,0.7358,0.3952,123
3,1,8,21,0,6,0,1,0.6603,0.5656,0.7178,0.3684,112
3,1,8,22,0,6,0,2,0.5556,0.4988,0.558,0.3774,66
3,1,8,23,0,6,0,1,0.5957,0.5752,0.5586,0.4569,64
3,1,8,0,0,0,1,1,0.5597,0.512,0.624,0.4039,32
3,1,8,1,0,0,1,1,0.615,0.5828,0.7423,0.2761,17
3,1,8,2,0,0,1,3,0.6078,0.5712,0.7208,0.0571,9
3,1,8,3,0,0,1,1,0.5839,0.5214,0.7326,0.1037,12
3,1,8,4,0,0,1,1,0.6652,0.57,0.6255,0.0537,19
3,1,8,5,0,0,1,1,0.5464,0.5401,0.7769,0.6006,47
3,1,8,6,0,0,1,1,0.4705,0.4417,0.6982,0.2664,134
3,1,8,7,0,0,1,1,0.581,0.5621,0.5855,0.2359,337
3,1,8,8,0,0,1,3,0.7716,0.7313,0.6249,0.5239,219
3,1,8,9,0,0,1,2,0.6567,0.6215,0.754,0.6064,200
3,1,8,10,0,0,1,3,0.5617,0.5386,0.8369,0.3979,119
3,1,8,11,0,0,1,2,0.6521,0.6138,0.4489,0.2696,217
3,1,8,12,0,0,1,1,0.6116,0.5709,0.6884,0.5068,263
3,1,8,13,0,0,1,1,0.6481,0.5856,0.4639,0.4811,193
3,1,8,14,0,0,1,2,0.6826,0.723,0.5666,0.0948,190
3,1,8,15,0,0,1,1,0.6345,0.633,0.7127,0.351,229
3,1,8,16,0,0,1,2,0.6294,0.6427,0.6704,0.147,330
3,1,8,17,0,0,1,1,0.725,0.7269,0.5589,0.1019,335
3,1,8,18,0,0,1,2,0.6588,0.6174,0.6038,0.2666,295
3,1,8,19,0,0,1,1,0.6346,0.5974,0.7681,0.4585,229
3,1,8,20,0,0,1,1,0.6239,0.5928,0.666,0.0242,188
3,1,8,21,0,0,1,3,0.5814,0.5414,0.6563,0.3987,105
3,1,8,22,0,0,1,1,0.5338,0.5334,0.7788,0.0497,117
3,1,8,23,0,0,1,1,0.6679,0.6101,0.7497,0.1534,84
3,1,8,0,0,1,1,1,0.7072,0.6398,0.6109,0.1015,43
3,1,8,1,0,1,1,1,0.6478,0.5765,0.7305,0.4027,19
3,1,8,2,0,1,1,2,0.6574,0.6148,0.6266,0.2184,11
3,1,8,3,0,1,1,3,0.5557,0.5138,0.6685,0.441,9
3,1,8,4,0,1,1,3,0.5761,0.5287,0.451,0.4766,11
3,1,8,5,0,1,1,2,0.5281,0.5042,0.5888,0.1938,43
3,1,8,6,0,1,1,2,0.6003,0.5354,0.6756,0.2203,105
3,1,8,7,0,1,1,1,0.6866,0.6746,0.5225,0.2871,276
3,1,8,8,0,1,1,3,0.569,0.5076,0.6175,0.047,302
3,1,8,9,0,1,1,2,0.6126,0.5468,0.464,0.7206,210
3,1,8,10,0,1,1,1,0.667,0.6143,0.7413,0.2033,151
3,1,8,11,0,1,1,3,0.7024,0.6631,0.8243,0.2869,120
3,1,8,12,0,1,1,2,0.5025,0.5032,0.5362,0.313,209
3,1,8,13,0,1,1,1,0.5844,0.553,0.4672,0.2748,215
3,1,8,14,0,1,1,2,0.5661,0.4897,0.7219,0.3621,113
3,1,8,15,0,1,1,1,0.5564,0.5432,0.6867,0.143,286
3,1,8,16,0,1,1,1,0.591,0.5755,0.7108,0.4419,266
3,1,8,17,0,1,1,1,0.4815,0.44,0.7411,0.1316,431
3,1,8,18,0,1,1,2,0.5921,0.5676,0.6737,0.2437,281
3,1,8,19,0,1,1,1,0.6203,0.6323,0.821,0.4291,243
3,1,8,20,0,1,1,1,0.5448,0.4916,0.8345,0.4837,186
3,1,8,21,0,1,1,1,0.5841,0.5837,0.8866,0.2971,171
3,1,8,22,0,1,1,1,0.6192,0.6262,0.9045,0.1305,124
3,1,8,23,0,1,1,2,0.6262,0.6002,0.5713,0.1852,71
3,1,8,0,0,2,1,1,0.5002,0.4383,0.786,0.3369,36
3,1,8,1,0,2,1,1,0.6636,0.6696,0.6804,0.1954,21
3,1,8,2,0,2,1,1,0.6653,0.6595,0.4284,0.4116,10
3,1,8,3,0,2,1,1,0.5626,0.5509,0.7198,0.3898,12
3,1,8,4,0,2,1,2,0.7321,0.6939,0.5718,0.112,22
3,1,8,5,0,2,1,2,0.6465,0.6489,0.6575,0.3471,49
3,1,8,6,0,2,1,1,0.6364,0.5791,0.5207,0.2179,143
3,1,8,7,0,2,1,1,0.6624,0.655,0.8142,0.0373,277
3,1,8,8,0,2,1,1,0.5423,0.5055,0.5501,0.2753,459
3,1,8,9,0,2,1,2,0.5899,0.5101,0.5691,0.6154,168
3,1,8,10,0,2,1,1,0.6578,0.5948,0.7945,0.3205,201
3,1,8,11,0,2,1,2,0.5588,0.5429,0.6906,0.2608,161
3,1,8,12,0,2,1,2,0.5899,0.5671,0.873,0.8103,218
3,1,8,13,0,2,1,1,0.6567,0.6371,0.7642,0.2155,205
3,1,8,14,0,2,1,1,0.6363,0.5935,0.7896,0.3635,193
3,1,8,15,0,2,1,3,0.6161,0.5916,0.5325,0.4529,145
3,1,8,16,0,2,1,1,0.619,0.6068,0.6995,0.382,247
3,1,8,17,0,2,1,2,0.6024,0.643,0.877,0.2908,361
3,1,8,18,1,2,0,2,0.6743,0.6288,0.5271,0.109,128
3,1,8,19,0,2,1,1,0.7609,0.7536,0.6589,0.2265,218
3,1,8,20,0,2,1,2,0.6351,0.6227,0.6457,0.4307,175
3,1,8,21,0,2,1,1,0.7043,0.6728,0.6906,0.4461,158
3,1,8,22,1,2,0,1,0.584,0.5158,0.749,0.1091,49
3,1,8,23,0,2,1,2,0.5669,0.5802,0.6739,0.5828,60
3,1,8,0,0,3,1,3,0.5562,0.5358,0.9015,0.4411,29
3,1,8,1,0,3,1,1,0.5471,0.502,0.3756,0.0992,18
3,1,8,2,0,3,1,2,0.5908,0.5347,0.3359,0.324,9
3,1,8,3,0,3,1,1,0.6734,0.6475,0.6283,0.2696,12
3,1,8,4,0,3,1,2,0.6815,0.6193,0.8114,0.1181,15
3,1,8,5,0,3,1,1,0.5757,0.5298,0.6395,0.2196,60
3,1,8,6,0,3,1,1,0.5887,0.5415,0.6077,0.3118,115
3,1,8,7,0,3,1,3,0.6112,0.582,0.4302,0.5071,220
3,1,8,8,0,3,1,2,0.6277,0.6144,0.6215,0.1678,306
3,1,8,9,0,3,1,1,0.6524,0.6103,0.5946,0.2618,225
3,1,8,10,0,3,1,4,0.5834,0.5478,0.6378,0.342,109
3,1,8,11,0,3,1,1,0.5973,0.5707,0.6412,0.1573,214
3,1,8,12,0,3,1,2,0.7062,0.6484,0.7411,0.2651,182
3,1,8,13,0,3,1,2,0.5918,0.5446,0.6059,0.4115,185
3,1,8,14,0,3,1,2,0.5711,0.5285,0.5559,0.3339,135
3,1,8,15,0,3,1,1,0.6053,0.5837,0.6604,0.358,220
3,1,8,16,0,3,1,2,0.6168,0.6342,0.6559,0.2947,251
3,1,8,17,0,3,1,2,0.5035,0.4409,0.5111,0.0751,345
3,1,8,18,0,3,1,1,0.5803,0.5584,0.7031,0.1998,365
3,1,8,19,0,3,1,3,0.6407,0.6018,0.5065,0.1033,163
3,1,8,20,0,3,1,1,0.7517,0.709,0.7365,0.1778,200
3,1,8,21,0,3,1,1,0.5743,0.531,0.595,0.1724,189
3,1,8,22,0,3,1,2,0.6649,0.6659,0.5217,0.1545,94
3,1,8,23,0,3,1,1,0.6239,0.5199,0.9909,0.5391,69
3,1,8,0,0,4,1,2,0.6892,0.6207,0.6714,0.1938,31
3,1,8,1,0,4,1,1,0.5647,0.5692,0.7856,0.2624,20
3,1,8,2,0,4,1,1,0.6852,0.6859,0.65,0.2496,11
3,1,8,3,0,4,1,2,0.7062,0.7237,0.8163,0.1354,9
3,1,8,4,0,4,1,3,0.7091,0.6829,0.7472,0.2101,14
3,1,8,5,0,4,1,2,0.7079,0.687,0.6257,0.0731,50
3,1,8,6,0,4,1,1,0.6214,0.5344,0.7754,0.2835,133
3,1,8,7,0,4,1,1,0.649,0.6166,0.8014,0.3068,319
3,1,8,8,0,4,1,2,0.5787,0.5665,0.6088,0.3884,348
3,1,8,9,0,4,1,3,0.4524,0.4152,0.657,0.2098,178
3,1,8,10,0,4,1,2,0.6259,0.5919,0.9095,0.244,135
3,1,8,11,0,4,1,2,0.5968,0.6039,0.6823,0.1993,201
3,1,8,12,0,4,1,1,0.6754,0.6854,0.7923,0.3311,295
3,1,8,13,0,4,1,2,0.6684,0.6425,0.7581,0.1183,167
3,1,8,14,0,4,1,1,0.5337,0.5055,0.7898,0.3726,171
3,1,8,15,0,4,1,1,0.7718,0.755,0.7785,0.3675,176
3,1,8,16,0,4,1,1,0.6352,0.5924,0.3316,0.4057,260
3,1,8,17,0,4,1,2,0.5181,0.5235,0.5953,0.5473,325
3,1,8,18,0,4,1,2,0.5279,0.4858,0.6226,0.1282,266
3,1,8,19,0,4,1,1,0.4556,0.4553,0.6939,0.1092,297
3,1,8,20,0,4,1,3,0.6615,0.6278,0.5532,0.1337,124
3,1,8,21,0,4,1,1,0.5711,0.524,0.6458,0.1606,143
3,1,8,22,0,4,1,2,0.5492,0.5325,0.508,0.2596,81
3,1,8,23,0,4,1,2,0.5629,0.523,0.4165,0.0611,71
3,1,8,0,0,5,0,2,0.5836,0.5843,0.9815,0.2747,25
3,1,8,1,0,5,0,2,0.645,0.5829,0.6078,0.1588,15
3,1,8,2,0,5,0,2,0.4896,0.4718,0.8123,0.3631,7
3,1,8,3,0,5,0,1,0.5298,0.4813,0.7671,0.3088,8
3,1,8,4,0,5,0,2,0.6372,0.6414,0.6094,0.4515,11
3,1,8,5,0,5,0,3,0.5631,0.5564,0.8423,0.3266,28
3,1,8,6,0,5,0,1,0.6454,0.6118,0.5522,0.2682,103
3,1,8,7,0,5,0,2,0.5698,0.5409,0.6503,0.364,190
3,1,8,8,0,5,0,1,0.7149,0.7297,0.7326,0.1204,287
3,1,8,9,0,5,0,2,0.6193,0.6111,0.6631,0.204,161
3,1,8,10,0,5,0,1,0.6905,0.6333,0.6404,0.0514,156
3,1,8,11,1,5,0,2,0.6409,0.6369,0.4249,0.0861,80
3,1,8,12,0,5,0,1,0.6451,0.596,0.7516,0.1391,188
3,1,8,13,0,5,0,1,0.552,0.529,0.7691,0.4133,162
3,1,8,14,0,5,0,1,0.6864,0.5891,0.6017,0.1412,147
3,1,8,15,0,5,0,2,0.6198,0.6132,0.7714,0.1148,141
3,1,8,16,0,5,0,3,0.5379,0.4909,0.6894,0.3701,144
3,1,8,17,0,5,0,1,0.457,0.4279,0.7919,0.3375,250
3,1,8,18,0,5,0,1,0.6145,0.5419,0.7533,0.2325,228
3,1,8,19,0,5,0,2,0.7102,0.6801,0.6237,0.4418,115
3,1,8,20,0,5,0,2,0.5412,0.5162,0.9109,0.2869,114
3,1,8,21,0,5,0,1,0.5388,0.4736,0.5525,0.3782,98
3,1,8,22,0,5,0,2,0.5825,0.5544,0.2963,0.5112,61
3,1,8,23,0,5,0,3,0.6818,0.6397,0.3448,0.4548,32
3,1,8,0,0,6,0,1,0.4727,0.4858,0.7132,0.2573,29
3,1,8,1,0,6,0,2,0.5558,0.5067,0.388,0.1757,13
3,1,8,2,0,6,0,1,0.5309,0.5187,0.5838,0.1722,6
3,1,8,3,0,6,0,3,0.6406,0.5645,0.7942,0.1796,6
3,1,8,4,0,6,0,2,0.5913,0.5641,0.3583,0.4979,11
3,1,8,5,0,6,0,2,0.577,0.5589,0.6309,0.5267,37
3,1,8,6,0,6,0,4,0.5887,0.5714,0.6508,0.2589,50
3,1,8,7,0,6,0,1,0.6562,0.6198,0.4749,0.1382,199
3,1,8,8,0,6,0,2,0.6798,0.6977,0.6901,0.1322,215
3,1,8,9,0,6,0,2,0.673,0.6285,0.6366,0.5324,160
3,1,8,10,0,6,0,2,0.6415,0.6239,0.7335,0.304,127
3,1,8,11,0,6,0,2,0.6981,0.6538,0.6537,0.2725,131
3,1,8,12,0,6,0,1,0.5361,0.4841,0.6011,0.2657,201
3,1,8,13,0,6,0,1,0.6284,0.5614,0.7032,0.3198,156
3,1,8,14,0,6,0,1,0.7657,0.6999,0.8122,0.1235,114
3,1,8,15,0,6,0,3,0.4727,0.4672,0.8254,0.1743,101
3,1,8,16,0,6,0,1,0.5639,0.5755,0.7316,0.2806,187
3,1,8,17,0,6,0,2,0.5288,0.5204,0.7584,0.1882,220
3,1,8,18,0,6,0,1,0.6215,0.5804,0.581,0.0637,265
3,1,8,19,0,6,0,2,0.7019,0.648,0.6283,0.095,158
3,1,8,20,0,6,0,1,0.6389,0.6119,0.716,0.3504,138
3,1,8,21,0,6,0,2,0.5861,0.5255,0.6894,0.3762,80
3,1,8,22,0,6,0,1,0.6395,0.634,0.7331,0.3536,84
3,1,8,23,0,6,0,1,0.581,0.563,0.8328,0.4943,59
3,1,8,0,0,0,1,1,0.6114,0.5518,0.6464,0.4547,36
3,1,8,1,0,0,1,3,0.6411,0.6538,0.4827,0.2795,11
3,1,8,2,0,0,1,2,0.7205,0.6483,0.5534,0.0542,9
3,1,8,3,0,0,1,2,0.6293,0.5994,0.6853,0.3286,8
3,1,8,4,0,0,1,3,0.6131,0.6074,0.6156,0.146,15
3,1,8,5,0,0,1,2,0.7403,0.7253,0.513,0.261,47
3,1,8,6,0,0,1,2,0.4609,0.4191,0.6552,0.2594,118
3,1,8,7,0,0,1,2,0.5914,0.5494,0.5716,0.2361,256
3,1,8,8,0,0,1,1,0.5459,0.49,0.7306,0.3559,442
3,1,8,9,0,0,1,1,0.5811,0.5586,0.8427,0.6523,241
3,1,8,10,0,0,1,3,0.6401,0.6327,0.8004,0.0691,134
3,1,8,11,0,0,1,1,0.6665,0.5759,0.549,0.2541,221
3,1,8,12,0,0,1,1,0.5614,0.55,0.5857,0.2611,275
3,1,8,13,0,0,1,2,0.6447,0.5977,0.4756,0.3251,154
3,1,8,14,0,0,1,1,0.535,0.5054,0.7947,0.1306,181
3,1,8,15,0,0,1,2,0.5082,0.4508,0.6769,0.3908,158
3,1,8,16,0,0,1,2,0.6028,0.5541,0.8522,0.2019,318
3,1,8,17,0,0,1,1,0.5825,0.6132,0.7334,0.0943,334
3,1,8,18,0,0,1,1,0.7022,0.6569,0.6069,0.1474,351
3,1,8,19,0,0,1,1,0.7468,0.7091,0.4473,0.5277,265
3,1,8,20,0,0,1,2,0.5552,0.5,0.6971,0.212,168
3,1,8,21,0,0,1,3,0.471,0.5249,0.9131,0.0231,115
3,1,8,22,0,0,1,2,0.5021,0.491,0.7627,0.2862,95
3,1,8,23,1,0,0,1,0.5393,0.5117,0.645,0.1279,30
3,1,8,0,0,1,1,1,0.6088,0.606,0.7621,0.1736,39
3,1,8,1,0,1,1,2,0.576,0.5579,0.7486,0.5455,18
3,1,8,2,0,1,1,2,0.5062,0.4758,0.8131,0.1713,11
3,1,8,3,0,1,1,1,0.7194,0.6795,0.5583,0.218,12
3,1,8,4,0,1,1,1,0.6407,0.5625,0.713,0.3969,23
3,1,8,5,0,1,1,1,0.7175,0.6706,0.4824,0.5684,71
3,1,8,6,0,1,1,1,0.4682,0.4297,0.4362,0.1326,148
3,1,8,7,0,1,1,2,0.6834,0.6589,0.745,0.3524,247
3,1,8,8,0,1,1,3,0.5839,0.5483,0.8106,0.3436,266
3,1,8,9,0,1,1,1,0.5669,0.5591,0.6613,0.2539,236
3,1,8,10,0,1,1,2,0.596,0.5692,0.6502,0.0831,125
3,1,8,11,0,1,1,1,0.5454,0.4929,0.7028,0.6032,199
3,1,8,12,0,1,1,1,0.5843,0.5998,0.7995,0.1531,229
3,1,8,13,0,1,1,1,0.6606,0.6159,0.7684,0.0489,207
3,1,8,14,0,1,1,1,0.4569,0.4507,0.7003,0.0961,182
3,1,8,15,0,1,1,1,0.6991,0.6248,0.7434,0.4297,216
3,1,8,16,0,1,1,2,0.6218,0.6138,0.7594,0.6991,201
3,1,8,17,0,1,1,2,0.5866,0.5082,0.5321,0.2772,237
3,1,8,18,0,1,1,2,0.6598,0.6849,0.7253,0.8637,248
3,1,8,19,0,1,1,2,0.6198,0.6093,0.5063,0.4841,207
3,1,8,20,0,1,1,1,0.5607,0.5262,0.7901,0.3361,249
3,1,8,21,0,1,1,1,0.5402,0.5304,0.7625,0.1341,159
3,1,8,22,0,1,1,1,0.6993,0.6263,0.6682,0.1252,127
3,1,8,23,0,1,1,1,0.4908,0.4602,0.6386,0.0771,76
3,1,8,0,0,2,1,1,0.577,0.5705,0.7994,0.1316,37
3,1,8,1,0,2,1,3,0.4921,0.4846,0.6942,0.1117,16
3,1,8,2,0,2,1,3,0.6249,0.5935,0.6922,0.2527,7
3,1,8,3,0,2,1,2,0.584,0.5643,0.7015,0.3868,9
3,1,8,4,0,2,1,2,0.5033,0.5106,0.7104,0.0917,21
3,1,8,5,0,2,1,2,0.53,0.5252,0.8017,0.4601,52
3,1,8,6,0,2,1,2,0.5939,0.5078,0.4682,0.0615,132
3,1,8,7,0,2,1,2,0.6107,0.58,0.6476,0.4333,245
3,1,8,8,0,2,1,1,0.4552,0.433,0.4185,0.6709,318
3,1,8,9,0,2,1,3,0.5414,0.4768,0.7094,0.1782,167
3,1,8,10,0,2,1,2,0.602,0.5402,0.5844,0.2866,132
3,1,8,11,0,2,1,1,0.6755,0.6866,0.6785,0.1558,246
3,1,8,12,0,2,1,2,0.6495,0.5953,0.5687,0.2525,205
3,1,8,13,0,2,1,2,0.5589,0.5183,0.5631,0.0664,176
3,1,8,14,0,2,1,3,0.6607,0.6037,0.6092,0.4883,147
3,1,8,15,0,2,1,1,0.5687,0.5527,0.6711,0.3229,226
3,1,8,16,0,2,1,2,0.3722,0.362,0.7437,0.1597,215
3,1,8,17,0,2,1,1,0.6916,0.7152,0.5729,0.3215,379
3,1,8,18,0,2,1,1,0.6228,0.5756,0.6779,0.3427,315
3,1,8,19,0,2,1,1,0.604,0.5895,0.7099,0.399,220
3,1,8,20,0,2,1,1,0.5914,0.5052,0.6025,0.298,178
3,1,8,21,0,2,1,1,0.612,0.5388,0.7068,0.5016,163
3,1,8,22,0,2,1,2,0.5913,0.6017,0.5057,0.2401,102
3,1,8,23,0,2,1,2,0.5705,0.5752,0.5529,0.3578,64
3,1,9,0,0,3,1,2,0.5415,0.5277,0.7889,0.528,26
3,1,9,1,0,3,1,1,0.5926,0.5968,0.3937,0.2342,23
3,1,9,2,0,3,1,1,0.5255,0.467,0.621,0.2324,10
3,1,9,3,0,3,1,2,0.5072,0.5315,0.6701,0.2838,9
3,1,9,4,0,3,1,2,0.6061,0.5447,0.6911,0.2714,13
3,1,9,5,0,3,1,2,0.6558,0.6327,0.6956,0.1787,53
3,1,9,6,0,3,1,1,0.5315,0.5881,0.6352,0.1666,127
3,1,9,7,0,3,1,1,0.5437,0.49,0.6162,0.2021,332
3,1,9,8,0,3,1,3,0.4685,0.4855,0.56,0.2464,261
3,1,9,9,0,3,1,1,0.4951,0.4993,0.8474,0.1138,246
3,1,9,10,0,3,1,1,0.4977,0.4568,0.7541,0.2518,174
3,1,9,11,0,3,1,1,0.6554,0.6853,0.6969,0.1233,194
3,1,9,12,0,3,1,2,0.4657,0.415,0.6534,0.4002,226
3,1,9,13,0,3,1,2,0.6194,0.5873,0.5901,0.2383,189
3,1,9,14,0,3,1,2,0.5686,0.5595,0.6558,0.1618,206
3,1,9,15,0,3,1,3,0.6296,0.5952,0.5458,0.3043,118
3,1,9,16,0,3,1,1,0.6688,0.7287,0.8262,0.1369,338
3,1,9,17,0,3,1,1,0.5851,0.5181,0.5561,0.1441,439
3,1,9,18,0,3,1,3,0.6666,0.6818,0.5117,0.2723,214
3,1,9,19,0,3,1,1,0.6957,0.593,1.0,0.0897,280
3,1,9,20,0,3,1,2,0.6815,0.5607,0.6447,0.2135,192
3,1,9,21,0,3,1,2,0.5402,0.5147,0.5578,0.4574,146
3,1,9,22,0,3,1,1,0.4493,0.449,0.7537,0.2243,94
3,1,9,23,0,3,1,3,0.5785,0.5943,0.5016,0.1281,58
3,1,9,0,0,4,1,1,0.5961,0.6145,0.579,0.195,48
3,1,9,1,0,4,1,2,0.4469,0.4305,0.7585,0.5298,17
3,1,9,2,0,4,1,1,0.5879,0.5734,0.9195,0.3174,12
3,1,9,3,0,4,1,2,0.4035,0.3906,0.7852,0.5927,9
3,1,9,4,0,4,1,2,0.6918,0.703,0.7495,0.1084,18
3,1,9,5,1,4,0,1,0.617,0.5491,0.8296,0.3387,25
3,1,9,6,0,4,1,3,0.5263,0.4801,0.6281,0.4179,87
3,1,9,7,0,4,1,1,0.5925,0.5885,0.4865,0.1652,276
3,1,9,8,0,4,1,1,0.6011,0.6026,0.5783,0.0103,384
3,1,9,9,0,4,1,1,0.6174,0.6269,0.8272,0.2665,232
3,1,9,10,0,4,1,2,0.5885,0.5569,0.5199,0.1111,144
3,1,9,11,0,4,1,1,0.6497,0.6023,0.6454,0.6857,187
3,1,9,12,0,4,1,2,0.4948,0.4912,0.6678,0.1987,244
3,1,9,13,0,4,1,2,0.5746,0.5129,0.7132,0.5254,178
3,1,9,14,0,4,1,2,0.7087,0.7232,0.7351,0.2405,148
3,1,9,15,0,4,1,3,0.559,0.5159,0.7408,0.1725,159
3,1,9,16,0,4,1,3,0.6005,0.5622,1.0,0.4185,179
3,1,9,17,0,4,1,1,0.5139,0.5108,0.7546,0.1261,374
3,1,9,18,0,4,1,2,0.7346,0.6761,0.8362,0.2151,294
3,1,9,19,0,4,1,1,0.6036,0.5389,0.6698,0.373,229
3,1,9,20,0,4,1,1,0.4955,0.5053,0.9026,0.4047,209
3,1,9,21,0,4,1,1,0.6599,0.5956,0.5694,0.3127,152
3,1,9,22,0,4,1,1,0.5085,0.4908,0.7852,0.2586,108
3,1,9,23,0,4,1,2,0.6315,0.6005,0.6504,0.5265,57
3,1,9,0,0,5,0,2,0.652,0.5625,0.7821,0.2792,21
3,1,9,1,0,5,0,2,0.7218,0.6543,0.7295,0.072,11
3,1,9,2,0,5,0,3,0.5956,0.5765,0.8177,0.4464,6
3,1,9,3,0,5,0,1,0.5834,0.5912,0.7242,0.1939,9
3,1,9,4,0,5,0,1,0.4381,0.3933,0.6578,0.2499,14
3,1,9,5,0,5,0,1,0.548,0.494,0.7845,0.0823,41
3,1,9,6,0,5,0,1,0.5299,0.5224,0.5649,0.4457,75
3,1,9,7,0,5,0,3,0.5673,0.563,0.4512,0.2045,165
3,1,9,8,0,5,0,1,0.5435,0.5444,0.4003,0.5819,227
3,1,9,9,0,5,0,1,0.635,0.6098,0.8819,0.0899,143
3,1,9,10,0,5,0,1,0.5408,0.4978,0.6947,0.393,133
3,1,9,11,0,5,0,1,0.6132,0.6061,0.7213,0.3926,147
3,1,9,12,0,5,0,2,0.5718,0.5407,0.6215,0.2939,105
3,1,9,13,0,5,0,4,0.5363,0.5297,0.7021,0.0793,74
3,1,9,14,0,5,0,2,0.53,0.4879,0.579,0.1346,119
3,1,9,15,0,5,0,1,0.5962,0.5601,0.6613,0.2594,151
3,1,9,16,0,5,0,2,0.6759,0.6582,0.4477,0.1426,163
3,1,9,17,0,5,0,3,0.5288,0.4406,0.438,0.1947,193
3,1,9,18,0,5,0,1,0.5833,0.5943,0.5068,0.3104,199
3,1,9,19,0,5,0,2,0.6138,0.5816,0.5616,0.4599,140
3,1,9,20,0,5,0,2,0.5785,0.4651,0.8279,0.2732,148
3,1,9,21,0,5,0,2,0.4567,0.439,0.9677,0.2199,115
3,1,9,22,0,5,0,1,0.6135,0.5698,0.8011,0.1101,79
3,1,9,23,0,5,0,2,0.4745,0.4195,0.2818,0.4523,44
3,1,9,0,0,6,0,2,0.4718,0.5069,0.8763,0.088,26
3,1,9,1,0,6,0,2,0.4849,0.4858,0.6179,0.3638,13
3,1,9,2,0,6,0,1,0.5649,0.5319,0.4762,0.1156,8
3,1,9,3,0,6,0,1,0.5088,0.485,0.8924,0.2187,8
3,1,9,4,0,6,0,2,0.4758,0.46,0.6153,0.5374,10
3,1,9,5,0,6,0,2,0.6028,0.5238,0.5484,0.6164,27
3,1,9,6,0,6,0,3,0.5744,0.6245,0.5992,0.5459,54
3,1,9,7,0,6,0,1,0.6293,0.5991,0.6247,0.4095,209
3,1,9,8,0,6,0,1,0.5252,0.5532,0.7369,0.2713,248
3,1,9,9,0,6,0,2,0.5718,0.5178,0.6888,0.0427,138
3,1,9,10,0,6,0,2,0.6323,0.6183,0.5862,0.098,116
3,1,9,11,0,6,0,2,0.4843,0.4246,0.4301,0.3489,125
3,1,9,12,0,6,0,2,0.5299,0.417,0.5696,0.5042,135
3,1,9,13,0,6,0,1,0.6457,0.6406,0.6933,0.0111,186
3,1,9,14,0,6,0,1,0.5776,0.5546,0.5759,0.2469,136
3,1,9,15,0,6,0,1,0.5657,0.5215,0.6808,0.2945,146
3,1,9,16,0,6,0,1,0.5735,0.4436,0.6641,0.4529,176
3,1,9,17,0,6,0,2,0.6619,0.6146,0.801,0.4661,217
3,1,9,18,1,6,0,1,0.5746,0.554,0.6977,0.4331,129
3,1,9,19,0,6,0,3,0.5794,0.5181,0.7685,0.4674,110
3,1,9,20,0,6,0,1,0.5751,0.5503,0.6367,0.1349,130
3,1,9,21,0,6,0,2,0.4631,0.4209,0.8605,0.0939,96
3,1,9,22,0,6,0,2,0.6114,0.5448,0.6089,0.3748,64
3,1,9,23,0,6,0,1,0.5188,0.4886,0.5623,0.3779,49
3,1,9,0,0,0,1,2,0.4842,0.3949,0.8246,0.3024,33
3,1,9,1,0,0,1,3,0.4503,0.4428,0.5884,0.2832,15
3,1,9,2,0,0,1,3,0.4648,0.4445,0.5331,0.4496,11
3,1,9,3,0,0,1,1,0.4137,0.4111,0.5295,0.2612,11
3,1,9,4,0,0,1,2,0.5008,0.5096,0.6039,0.223,19
3,1,9,5,0,0,1,1,0.5421,0.5074,0.6317,0.4089,63
3,1,9,6,0,0,1,1,0.6468,0.5338,0.7136,0.3037,131
3,1,9,7,0,0,1,1,0.5768,0.5402,0.7563,0.5379,229
3,1,9,8,0,0,1,3,0.5903,0.5264,0.6673,0.1856,273
3,1,9,9,0,0,1,2,0.6621,0.6719,0.7775,0.1173,175
3,1,9,10,0,0,1,1,0.3729,0.3432,0.7616,0.1692,168
3,1,9,11,0,0,1,4,0.5999,0.5952,0.5527,0.3272,110
3,1,9,12,0,0,1,2,0.5946,0.6087,0.5465,0.0757,233
3,1,9,13,0,0,1,1,0.6302,0.5762,0.6103,0.5151,177
3,1,9,14,0,0,1,2,0.4468,0.4267,0.4059,0.273,151
3,1,9,15,0,0,1,2,0.5323,0.5069,0.6734,0.512,176
3,1,9,16,0,0,1,1,0.5073,0.5482,0.6366,0.0736,297
3,1,9,17,0,0,1,1,0.4824,0.4962,0.8594,0.269,382
3,1,9,18,0,0,1,1,0.7344,0.6657,0.7957,0.4179,307
3,1,9,19,0,0,1,1,0.5329,0.4879,0.6278,0.5893,200
3,1,9,20,0,0,1,2,0.6374,0.5916,0.7811,0.2009,162
3,1,9,21,0,0,1,1,0.6219,0.5664,0.6443,0.3508,144
3,1,9,22,0,0,1,1,0.4717,0.4386,0.7203,0.2863,127
3,1,9,23,0,0,1,3,0.5357,0.4931,0.432,0.383,55
3,1,9,0,0,1,1,4,0.573,0.5454,0.5972,0.1828,25
3,1,9,1,0,1,1,2,0.5964,0.5631,0.684,0.4599,15
3,1,9,2,0,1,1,2,0.5919,0.5969,0.6323,0.1528,9
3,1,9,3,0,1,1,3,0.6915,0.634,0.8195,0.0449,10
3,1,9,4,0,1,1,2,0.6325,0.5508,0.7073,0.127,19
3,1,9,5,0,1,1,1,0.6147,0.5692,0.7378,0.1739,65
3,1,9,6,0,1,1,1,0.6365,0.5863,0.6901,0.1087,144
3,1,9,7,0,1,1,1,0.6634,0.6745,0.6664,0.5731,288
3,1,9,8,0,1,1,1,0.5251,0.5242,0.7748,0.1102,417
3,1,9,9,0,1,1,1,0.4582,0.4742,0.8787,0.3702,231
3,1,9,10,0,1,1,1,0.5263,0.5288,0.4134,0.4027,190
3,1,9,11,0,1,1,1,0.4726,0.3898,0.543,0.1786,240
3,1,9,12,0,1,1,2,0.4999,0.4494,0.6712,0.2393,210
3,1,9,13,0,1,1,1,0.5757,0.502,0.8259,0.0906,227
3,1,9,14,0,1,1,1,0.53,0.5505,0.7586,0.5432,158
3,1,9,15,0,1,1,2,0.6141,0.6086,0.5663,0.1282,168
3,1,9,16,0,1,1,1,0.59,0.5724,0.6172,0.4218,333
3,1,9,17,0,1,1,2,0.5943,0.5475,0.7544,0.4507,358
3,1,9,18,0,1,1,1,0.4802,0.4425,0.5922,0.342,340
3,1,9,19,0,1,1,2,0.5073,0.4561,0.6981,0.309,218
3,1,9,20,0,1,1,3,0.435,0.4328,0.5824,0.2621,122
3,1,9,21,0,1,1,1,0.6085,0.5812,0.7227,0.2914,133
3,1,9,22,0,1,1,2,0.7033,0.6889,0.7404,0.3875,81
3,1,9,23,0,1,1,3,0.5813,0.5647,0.341,0.798,52
3,1,9,0,1,2,0,3,0.5837,0.5793,0.8803,0.2906,13
3,1,9,1,0,2,1,2,0.5277,0.5168,0.8933,0.4897,17
3,1,9,2,0,2,1,2,0.5498,0.5553,0.4203,0.4219,10
3,1,9,3,0,2,1,1,0.6542,0.6436,0.637,0.2759,10
3,1,9,4,0,2,1,1,0.5713,0.5273,0.4686,0.0238,18
3,1,9,5,0,2,1,1,0.6097,0.5939,0.4087,0.1883,68
3,1,9,6,0,2,1,1,0.656,0.6325,0.7617,0.1441,161
3,1,9,7,0,2,1,3,0.642,0.6042,0.8819,0.2808,181
3,1,9,8,0,2,1,1,0.5672,0.5383,0.6616,0.0869,454
3,1,9,9,0,2,1,2,0.5723,0.5739,0.8519,0.2948,184
3,1,9,10,0,2,1,4,0.5379,0.5272,0.585,0.5588,82
3,1,9,11,0,2,1,1,0.5999,0.5978,0.4904,0.187,201
3,1,9,12,0,2,1,1,0.536,0.5104,0.6177,0.2526,277
3,1,9,13,0,2,1,1,0.5894,0.5945,0.5704,0.025,201
3,1,9,14,0,2,1,1,0.6376,0.6289,0.7159,0.1593,192
3,1,9,15,0,2,1,2,0.4469,0.4004,0.7949,0.0418,190
3,1,9,16,0,2,1,1,0.4349,0.4024,0.5259,0.429,285
3,1,9,17,0,2,1,2,0.5618,0.5082,0.5019,0.416,284
3,1,9,18,0,2,1,1,0.6118,0.5488,0.7699,0.1066,324
3,1,9,19,0,2,1,2,0.585,0.6362,0.6224,0.2445,252
3,1,9,20,0,2,1,1,0.4802,0.5062,0.7579,0.3387,199
3,1,9,21,0,2,1,1,0.6279,0.6312,0.5656,0.4979,161
3,1,9,22,0,2,1,1,0.6985,0.6771,0.5855,0.3239,105
3,1,9,23,0,2,1,2,0.5041,0.4627,0.7874,0.2233,75
3,1,9,0,0,3,1,2,0.5103,0.4516,0.7634,0.4485,31
3,1,9,1,0,3,1,1,0.5629,0.5285,0.8319,0.6578,21
3,1,9,2,0,3,1,2,0.5523,0.5031,0.6397,0.2853,9
3,1,9,3,0,3,1,1,0.6453,0.6345,0.8201,0.415,10
3,1,9,4,0,3,1,2,0.5809,0.5565,0.7182,0.3167,17
3,1,9,5,0,3,1,3,0.5407,0.5393,0.7134,0.5931,40
3,1,9,6,0,3,1,1,0.5198,0.5011,0.5623,0.3892,110
3,1,9,7,0,3,1,2,0.4542,0.3807,0.7441,0.1062,252
3,1,9,8,0,3,1,1,0.657,0.6189,0.6343,0.1654,407
3,1,9,9,0,3,1,2,0.605,0.5864,0.8881,0.1772,207
3,1,9,10,0,3,1,1,0.5548,0.5353,0.6646,0.3334,176
3,1,9,11,0,3,1,2,0.5687,0.5236,0.643,0.3612,167
3,1,9,12,0,3,1,3,0.5536,0.5112,0.8181,0.0337,213
3,1,9,13,0,3,1,1,0.4375,0.3957,0.6749,0.2782,178
3,1,9,14,0,3,1,2,0.4616,0.3884,0.5626,0.111,173
3,1,9,15,1,3,0,1,0.5468,0.5186,0.481,0.5481,86
3,1,9,16,0,3,1,3,0.5456,0.5417,0.5574,0.2235,215
3,1,9,17,1,3,0,2,0.5602,0.518,0.4456,0.067,133
3,1,9,18,0,3,1,1,0.6799,0.6087,0.6535,0.1787,402
3,1,9,19,0,3,1,1,0.5411,0.5438,0.7679,0.1796,263
3,1,9,20,0,3,1,2,0.5077,0.5232,0.5965,0.5593,121
3,1,9,21,0,3,1,2,0.5648,0.5234,0.9686,0.3476,128
3,1,9,22,0,3,1,1,0.4633,0.412,0.4947,0.3532,120
3,1,9,23,0,3,1,3,0.572,0.539,0.7284,0.1347,54
3,1,9,0,0,4,1,2,0.5065,0.4896,0.7174,0.3228,28
3,1,9,1,0,4,1,3,0.573,0.5308,0.6144,0.3884,11
3,1,9,2,0,4,1,1,0.5446,0.4703,0.6465,0.2644,10
3,1,9,3,0,4,1,1,0.5473,0.5488,0.8647,0.3108,13
3,1,9,4,0,4,1,1,0.6011,0.5783,0.7939,0.3821,19
3,1,9,5,0,4,1,1,0.6086,0.6247,0.7774,0.1604,66
3,1,9,6,0,4,1,1,0.6995,0.6658,0.5529,0.2795,140
3,1,9,7,0,4,1,1,0.6058,0.6197,0.7246,0.7277,273
3,1,9,8,0,4,1,2,0.5401,0.5063,0.7632,0.2293,273
3,1,9,9,0,4,1,1,0.5129,0.4692,0.769,0.5138,222
3,1,9,10,0,4,1,1,0.5815,0.5374,0.4976,0.121,166
3,1,9,11,0,4,1,2,0.6595,0.6813,0.706,0.3682,174
3,1,9,12,0,4,1,2,0.6172,0.5807,0.7049,0.1923,252
3,1,9,13,0,4,1,2,0.5074,0.5294,0.7995,0.4714,154
3,1,9,14,0,4,1,2,0.5889,0.5456,0.6335,0.2249,179
3,1,9,15,0,4,1,1,0.5728,0.5026,0.5267,0.5663,196
3,1,9,16,0,4,1,2,0.6307,0.6201,0.5514,0.5942,263
3,1,9,17,0,4,1,2,0.5783,0.5302,0.7088,0.4322,296
3,1,9,18,0,4,1,1,0.5757,0.556,0.8046,0.1105,299
3,1,9,19,0,4,1,1,0.4745,0.4568,0.6212,0.5787,237
3,1,9,20,0,4,1,3,0.6127,0.5876,0.7003,0.2274,117
3,1,9,21,0,4,1,1,0.4599,0.4863,0.4193,0.4489,146
3,1,9,22,0,4,1,1,0.5635,0.5429,0.4095,0.4647,103
3,1,9,23,0,4,1,1,0.5187,0.4963,0.7223,0.2168,71
3,1,9,0,0,5,0,3,0.5106,0.4745,0.7205,0.1582,22
3,1,9,1,0,5,0,2,0.5941,0.5805,0.7513,0.2778,13
3,1,9,2,0,5,0,3,0.5531,0.5388,0.4147,0.1833,5
3,1,9,3,0,5,0,2,0.3858,0.3544,0.8401,0.2379,7
3,1,9,4,0,5,0,2,0.5395,0.5408,0.5983,0.0561,11
3,1,9,5,0,5,0,1,0.5261,0.4937,0.5928,0.2994,40
3,1,9,6,0,5,0,1,0.6413,0.6267,0.7456,0.2368,115
3,1,9,7,0,5,0,2,0.4664,0.4032,0.6754,0.1641,209
3,1,9,8,0,5,0,3,0.6875,0.6805,0.8687,0.1533,181
3,1,9,9,0,5,0,3,0.6133,0.5611,0.7519,0.0802,119
3,1,9,10,0,5,0,3,0.5339,0.5274,0.8506,0.1506,89
3,1,9,11,0,5,0,2,0.524,0.5362,0.6155,0.356,129
3,1,9,12,0,5,0,2,0.5086,0.4955,0.8127,0.2126,144
3,1,9,13,0,5,0,2,0.5757,0.5815,0.399,0.2421,115
3,1,9,14,0,5,0,1,0.4982,0.4409,0.6554,0.2638,120
3,1,9,15,0,5,0,1,0.5451,0.5154,0.5042,0.2253,154
3,1,9,16,0,5,0,1,0.4773,0.434,0.6813,0.1677,198
3,1,9,17,0,5,0,1,0.6032,0.5532,0.6877,0.1655,250
3,1,9,18,0,5,0,1,0.5652,0.4896,0.7804,0.3567,236
3,1,9,19,0,5,0,1,0.5206,0.4969,0.6963,0.2535,146
3,1,9,20,0,5,0,2,0.5364,0.5378,0.578,0.1035,94
3,1,9,21,0,5,0,2,0.5048,0.5176,0.6108,0.1617,89
3,1,9,22,0,5,0,2,0.5753,0.5148,0.6903,0.3562,75
3,1,9,23,0,5,0,2,0.4655,0.4278,0.5884,0.4197,49
3,1,9,0,0,6,0,1,0.6125,0.5597,0.8093,0.5507,24
3,1,9,1,0,6,0,1,0.5615,0.5092,0.6214,0.267,13
3,1,9,2,0,6,0,2,0.518,0.4832,0.7893,0.3749,8
3,1,9,3,0,6,0,1,0.5905,0.5616,0.585,0.5394,9
3,1,9,4,0,6,0,2,0.5766,0.5391,0.7411,0.3361,11
3,1,9,5,0,6,0,2,0.4762,0.4106,0.6409,0.2623,32
3,1,9,6,0,6,0,1,0.6409,0.6379,0.806,0.1289,93
3,1,9,7,0,6,0,3,0.3746,0.3612,0.8957,0.4608,134
3,1,9,8,0,6,0,1,0.6257,0.6062,0.691,0.7692,249
3,1,9,9,0,6,0,2,0.538,0.5246,0.8942,0.2504,126
3,1,9,10,0,6,0,3,0.6187,0.6063,0.6477,0.4631,65
3,1,9,11,0,6,0,2,0.6502,0.6223,0.6899,0.0546,141
3,1,9,12,0,6,0,2,0.5195,0.4685,0.6532,0.4554,139
3,1,9,13,0,6,0,2,0.5228,0.5421,0.5456,0.2758,153
3,1,9,14,0,6,0,1,0.5714,0.562,0.8416,0.2455,111
3,1,9,15,0,6,0,2,0.47,0.4196,0.6848,0.25,116
3,1,9,16,0,6,0,2,0.5262,0.4734,0.6156,0.3223,162
3,1,9,17,0,6,0,1,0.5202,0.5539,0.5801,0.2011,187
3,1,9,18,0,6,0,1,0.4664,0.4382,0.8932,0.3195,231
3,1,9,19,1,6,0,3,0.5165,0.4704,0.6487,0.7319,62
3,1,9,20,0,6,0,1,0.6021,0.5561,0.6475,0.4318,140
3,1,9,21,0,6,0,3,0.597,0.5807,0.7891,0.2489,82
3,1,9,22,0,6,0,1,0.537,0.4959,0.8516,0.2268,80
3,1,9,23,0,6,0,1,0.5538,0.5301,0.6042,0.3801,54
3,1,9,0,0,0,1,2,0.5241,0.5672,0.7413,0.385,33
3,1,9,1,0,0,1,2,0.4221,0.3539,0.741,0.2105,10
3,1,9,2,0,0,1,2,0.4743,0.4384,0.6453,0.3173,12
3,1,9,3,0,0,1,1,0.6126,0.5838,0.6203,0.5104,8
3,1,9,4,0,0,1,2,0.6292,0.5448,0.5933,0.1864,15
3,1,9,5,0,0,1,2,0.4853,0.4766,0.791,0.5628,38
3,1,9,6,0,0,1,1,0.6238,0.6194,0.6966,0.3146,140
3,1,9,7,0,0,1,2,0.4614,0.3967,0.6758,0.0208,300
3,1,9,8,0,0,1,1,0.5092,0.4813,0.5806,0.3646,448
3,1,9,9,0,0,1,1,0.5371,0.5157,0.7911,0.2921,194
3,1,9,10,0,0,1,1,0.5263,0.5172,0.7043,0.2133,170
3,1,9,11,0,0,1,1,0.497,0.5522,0.562,0.4937,174
3,1,9,12,0,0,1,2,0.5543,0.5043,0.6246,0.2254,249
3,1,9,13,0,0,1,3,0.5998,0.5859,0.7576,0.5612,145
3,1,9,14,0,0,1,1,0.4437,0.4177,0.455,0.1626,188
3,1,9,15,0,0,1,1,0.5543,0.5176,0.662,0.5371,187
3,1,9,16,0,0,1,3,0.613,0.5828,0.7665,0.5621,213
3,1,9,17,0,0,1,1,0.5165,0.503,0.696,0.5209,403
3,1,9,18,0,0,1,1,0.5071,0.4821,0.7548,0.2066,327
3,1,9,19,0,0,1,2,0.4859,0.4698,0.4158,0.2105,197
3,1,9,20,0,0,1,1,0.6854,0.6488,0.5102,0.0723,173
3,1,9,21,0,0,1,2,0.6499,0.5893,0.7738,0.4556,127
3,1,9,22,0,0,1,3,0.5248,0.5233,0.7146,0.2747,82
3,1,9,23,1,0,0,2,0.628,0.6274,0.6344,0.241,30
3,1,9,0,0,1,1,2,0.5046,0.5088,0.6998,0.2823,32
3,1,9,1,1,1,0,1,0.5305,0.5242,0.739,0.1321,9
3,1,9,2,0,1,1,1,0.4672,0.4206,0.6083,0.0966,14
3,1,9,3,0,1,1,3,0.4124,0.3632,0.5835,0.067,7
3,1,9,4,0,1,1,3,0.5008,0.5033,0.5065,0.4893,11
3,1,9,5,1,1,0,2,0.5117,0.45,0.8412,0.2489,20
3,1,9,6,0,1,1,1,0.5713,0.5222,0.6754,0.1651,117
3,1,9,7,0,1,1,2,0.5873,0.6223,0.8492,0.2948,257
3,1,9,8,0,1,1,1,0.5328,0.5214,0.5058,0.1862,478
3,1,9,9,0,1,1,2,0.4721,0.4532,0.6822,0.2839,226
3,1,9,10,0,1,1,2,0.4954,0.415,0.5238,0.1698,162
3,1,9,11,0,1,1,1,0.6528,0.6,0.8776,0.1117,183
3,1,9,12,0,1,1,2,0.5855,0.5813,0.9935,0.069,231
3,1,9,13,0,1,1,2,0.641,0.5645,0.817,0.3267,162
3,1,9,14,0,1,1,3,0.6658,0.6446,0.5322,0.1848,128
3,1,9,15,0,1,1,1,0.4954,0.4292,0.5278,0.2097,214
3,1,9,16,0,1,1,1,0.5988,0.5502,0.6549,0.249,282
3,1,9,17,0,1,1,2,0.4783,0.4072,0.6832,0.2381,377
3,1,9,18,0,1,1,1,0.6138,0.5859,0.7289,0.4083,300
3,1,9,19,0,1,1,1,0.5994,0.5184,0.7235,0.158,225
3,1,9,20,0,1,1,1,0.3934,0.3713,0.6686,0.189,185
3,1,9,21,0,1,1,1,0.5696,0.5603,0.6392,0.3341,142
3,1,9,22,0,1,1,2,0.4815,0.4634,0.568,0.0796,106
3,1,9,23,0,1,1,3,0.5176,0.5057,0.7479,0.4633,56
3,1,9,0,0,2,1,2,0.4912,0.4734,0.3814,0.3519,30
3,1,9,1,0,2,1,2,0.601,0.5682,0.6788,0.3442,19
3,1,9,2,0,2,1,1,0.4896,0.463,0.6941,0.6927,9
3,1,9,3,0,2,1,2,0.4479,0.4343,0.6403,0.3455,9
3,1,9,4,0,2,1,1,0.4809,0.4241,0.7646,0.2482,22
3,1,9,5,0,2,1,2,0.5224,0.4844,0.785,0.2039,43
3,1,9,6,0,2,1,2,0.5661,0.5988,0.6914,0.1582,122
3,1,9,7,0,2,1,2,0.6211,0.6046,0.9445,0.4683,218
3,1,9,8,0,2,1,1,0.5734,0.5822,0.5833,0.279,456
3,1,9,9,0,2,1,2,0.5783,0.5596,0.6113,0.4558,189
3,1,9,10,0,2,1,2,0.5891,0.5377,0.617,0.2864,151
3,1,9,11,0,2,1,1,0.5946,0.5558,0.8023,0.8545,174
3,1,9,12,0,2,1,3,0.6097,0.527,0.7105,0.0815,179
3,1,9,13,0,2,1,1,0.7128,0.7184,0.4361,0.1427,215
3,1,9,14,0,2,1,1,0.5935,0.5907,0.6273,0.6398,188
3,1,9,15,0,2,1,2,0.5575,0.5045,0.5949,0.144,199
3,1,9,16,0,2,1,2,0.5048,0.5025,0.87,0.2348,245
3,1,9,17,0,2,1,1,0.5591,0.5514,0.5698,0.1796,411
3,1,9,18,0,2,1,1,0.6182,0.5896,0.6649,0.222,274
3,1,9,19,0,2,1,1,0.4521,0.4438,0.4779,0.1448,258
3,1,9,20,0,2,1,1,0.6255,0.6113,0.6857,0.5235,192
3,1,9,21,0,2,1,1,0.5075,0.4937,0.8927,0.1954,157
3,1,9,22,0,2,1,1,0.5212,0.4997,0.5669,0.0393,118
3,1,9,23,0,2,1,2,0.5739,0.5478,0.7787,0.0817,61
3,1,9,0,0,3,1,2,0.4965,0.4547,0.6424,0.05,34
3,1,9,1,0,3,1,2,0.5655,0.5645,0.6648,0.1518,13
3,1,9,2,0,3,1,3,0.4527,0.4895,0.7416,0.2607,9
3,1,9,3,0,3,1,1,0.5947,0.5314,0.5164,0.2853,13
3,1,9,4,0,3,1,1,0.5471,0.5208,0.5751,0.1086,22
3,1,9,5,0,3,1,1,0.5331,0.4868,0.5584,0.2618,68
3,1,9,6,0,3,1,1,0.5526,0.5415,0.87,0.3685,116
3,1,9,7,0,3,1,2,0.532,0.5182,0.7937,0.27,255
3,1,9,8,0,3,1,1,0.5643,0.5401,0.7857,0.4511,323
3,1,9,9,0,3,1,2,0.5189,0.4752,0.7884,0.2062,210
3,1,9,10,0,3,1,3,0.513,0.4732,0.7642,0.4281,132
3,1,9,11,1,3,0,1,0.4096,0.3663,0.4724,0.1933,78
3,1,9,12,0,3,1,1,0.6289,0.5458,0.5956,0.311,248
3,1,9,13,0,3,1,2,0.452,0.4662,0.6411,0.1489,205
3,1,9,14,0,3,1,2,0.6464,0.6342,0.683,0.2787,156
3,1,9,15,0,3,1,1,0.5164,0.5293,0.5451,0.1319,159
3,1,9,16,0,3,1,2,0.6186,0.5772,0.5009,0.2596,223
3,1,9,17,0,3,1,1,0.6063,0.5907,0.5407,0.5246,348
3,1,9,18,0,3,1,2,0.6007,0.5453,0.5761,0.4105,286
3,1,9,19,0,3,1,2,0.5366,0.4927,0.623,0.4339,228
3,1,9,20,0,3,1,1,0.4497,0.4887,0.7183,0.1195,166
3,1,9,21,0,3,1,1,0.5206,0.4834,0.6487,0.1297,191
3,1,9,22,0,3,1,2,0.5114,0.5142,0.8134,0.093,103
3,1,9,23,0,3,1,2,0.5262,0.5074,0.7417,0.457,61
3,1,9,0,1,4,0,3,0.4434,0.3793,0.6301,0.0976,14
3,1,9,1,0,4,1,2,0.5093,0.4798,0.7213,0.0675,18
3,1,9,2,0,4,1,2,0.3247,0.3198,0.655,0.2935,9
3,1,9,3,0,4,1,2,0.5083,0.5042,0.5967,0.4761,8
3,1,9,4,0,4,1,2,0.5381,0.4576,0.6745,0.1403,18
3,1,9,5,0,4,1,1,0.4746,0.4219,0.7172,0.2249,55
3,1,9,6,0,4,1,1,0.5104,0.4942,0.7878,0.5851,102
3,1,9,7,0,4,1,2,0.5407,0.4854,0.9321,0.2079,245
3,1,9,8,0,4,1,1,0.6002,0.6068,0.8202,0.2955,419
3,1,9,9,0,4,1,1,0.6031,0.5711,0.5477,0.3229,204
3,1,9,10,0,4,1,1,0.5507,0.5377,0.4759,0.0259,179
3,1,9,11,0,4,1,3,0.5272,0.5398,0.8227,0.2055,203
3,1,9,12,0,4,1,2,0.5542,0.49,0.6525,0.0835,225
3,1,9,13,0,4,1,2,0.6553,0.6364,0.5829,0.2264,165
3,1,9,14,0,4,1,3,0.5644,0.5402,0.8632,0.2811,124
3,1,9,15,0,4,1,2,0.5475,0.5251,0.6449,0.3587,185
3,1,9,16,0,4,1,2,0.6044,0.5675,0.6542,0.5116,255
3,1,9,17,0,4,1,2,0.5327,0.5108,0.5908,0.2744,322
3,1,9,18,0,4,1,2,0.4696,0.3583,0.4233,0.2792,303
3,1,9,19,0,4,1,3,0.5614,0.5707,0.5567,0.4384,195
3,1,9,20,0,4,1,2,0.5412,0.4741,0.5911,0.5486,166
3,1,9,21,0,4,1,2,0.514,0.5415,0.4706,0.6203,141
3,1,9,22,0,4,1,2,0.5674,0.5105,0.677,0.1124,95
3,1,9,23,0,4,1,2,0.4024,0.3525,0.6994,0.1913,39
3,1,9,0,0,5,0,1,0.4874,0.4751,0.7769,0.2552,20
3,1,9,1,0,5,0,1,0.4637,0.4487,0.5769,0.2211,13
3,1,9,2,0,5,0,1,0.471,0.4609,0.443,0.1887,7
3,1,9,3,0,5,0,1,0.5144,0.4996,0.6284,0.0848,9
3,1,9,4,0,5,0,2,0.4615,0.4342,0.5176,0.2756,10
3,1,9,5,0,5,0,1,0.6426,0.5994,0.6645,0.2326,47
3,1,9,6,0,5,0,3,0.5568,0.5464,0.7718,0.366,49
3,1,9,7,0,5,0,1,0.4696,0.4254,0.604,0.4782,214
3,1,9,8,0,5,0,1,0.4034,0.3868,0.6591,0.2554,292
3,1,9,9,0,5,0,2,0.4844,0.4093,0.4218,0.5342,141
3,1,9,10,0,5,0,1,0.5021,0.4846,0.621,0.3326,123
3,1,9,11,0,5,0,1,0.4808,0.4597,0.8602,0.2909,198
3,1,9,12,0,5,0,1,0.7032,0.6668,0.7346,0.3441,149
3,1,9,13,0,5,0,2,0.4094,0.4401,0.5739,0.3275,121
3,1,9,14,0,5,0,1,0.5288,0.5472,0.533,0.0891,134
3,1,9,15,0,5,0,2,0.5161,0.5177,0.6646,0.4708,113
3,1,9,16,0,5,0,1,0.5078,0.5092,0.7287,0.5547,202
3,1,9,17,0,5,0,1,0.3894,0.3731,0.5756,0.3539,238
3,1,9,18,0,5,0,1,0.5222,0.5053,0.6444,0.1677,243
3,1,9,19,0,5,0,1,0.5378,0.5239,0.436,0.1174,226
3,1,9,20,0,5,0,2,0.5749,0.5642,0.7652,0.3491,75
3,1,9,21,0,5,0,1,0.559,0.5332,0.5649,0.2467,118
3,1,9,22,0,5,0,2,0.6105,0.5962,0.7438,0.3257,74
3,1,9,23,0,5,0,3,0.382,0.3648,0.7095,0.0712,50
3,1,9,0,0,6,0,1,0.5046,0.4921,0.7234,0.2381,30
3,1,9,1,0,6,0,3,0.6964,0.6891,0.6369,0.2038,11
3,1,9,2,0,6,0,2,0.5953,0.5458,0.8654,0.1255,7
3,1,9,3,0,6,0,2,0.4193,0.4024,0.5898,0.1279,7
3,1,9,4,0,6,0,3,0.5273,0.5032,0.8672,0.3408,11
3,1,9,5,0,6,0,1,0.4478,0.3948,0.6984,0.2294,44
3,1,9,6,0,6,0,2,0.4909,0.5081,0.6828,0.3606,65
3,1,9,7,1,6,0,2,0.6611,0.6032,0.6403,0.5979,102
3,1,9,8,0,6,0,2,0.5882,0.6018,0.6814,0.4718,221
3,1,9,9,0,6,0,1,0.4147,0.3537,0.6691,0.31,156
3,1,9,10,0,6,0,1,0.4675,0.3993,0.8771,0.5019,108
3,1,9,11,0,6,0,3,0.5211,0.485,0.5222,0.3024,94
3,1,9,12,0,6,0,1,0.5026,0.4894,0.6446,0.1231,171
3,1,9,13,0,6,0,1,0.543,0.5276,0.5544,0.0437,158
3,1,9,14,0,6,0,1,0.4669,0.4823,0.5989,0.2928,137
3,1,9,15,0,6,0,2,0.4955,0.4476,0.67,0.0494,177
3,1,9,16,0,6,0,1,0.4661,0.4705,0.8485,0.2627,180
3,1,9,17,0,6,0,1,0.4954,0.4208,0.7259,0.3094,266
3,1,9,18,1,6,0,3,0.5704,0.5128,0.5532,0.0704,93
3,1,9,19,0,6,0,1,0.5419,0.5069,0.6327,0.1339,183
3,1,9,20,0,6,0,1,0.472,0.4154,0.8062,0.4347,141
3,1,9,21,0,6,0,2,0.6004,0.5867,0.5978,0.208,94
3,1,9,22,0,6,0,1,0.5956,0.5462,0.6842,0.2439,77
3,1,9,23,0,6,0,1,0.521,0.5251,0.717,0.0944,52
3,1,9,0,0,0,1,2,0.4989,0.5,0.6419,0.5831,32
3,1,9,1,0,0,1,2,0.6403,0.5881,0.5586,0.2418,21
3,1,9,2,0,0,1,1,0.6294,0.5874,0.6984,0.0957,12
3,1,9,3,0,0,1,2,0.4109,0.3877,0.9448,0.2649,10
3,1,9,4,0,0,1,2,0.6006,0.6112,0.6122,0.4989,13
3,1,9,5,0,0,1,2,0.6376,0.5775,0.6039,0.4618,52
3,1,9,6,0,0,1,2,0.5629,0.4636,0.7572,0.3466,113
3,1,9,7,0,0,1,2,0.4843,0.4474,0.9542,0.343,285
3,1,9,8,0,0,1,1,0.4928,0.4405,0.5662,0.3816,382
3,1,9,9,0,0,1,2,0.6367,0.5589,0.5263,0.3697,185
3,1,9,10,0,0,1,1,0.5754,0.5456,0.7637,0.5973,165
3,1,9,11,0,0,1,1,0.5553,0.4923,0.7665,0.4992,178
3,1,9,12,0,0,1,3,0.6802,0.6564,0.551,0.0626,212
3,1,9,13,0,0,1,1,0.4464,0.388,0.6325,0.0615,229
3,1,9,14,0,0,1,1,0.5106,0.5737,0.5292,0.2536,148
3,1,9,15,0,0,1,1,0.5303,0.5355,0.6242,0.0443,212
3,1,9,16,0,0,1,2,0.5021,0.455,0.6336,0.4978,199
3,1,9,17,0,0,1,2,0.3881,0.3456,0.7824,0.2422,242
3,1,9,18,0,0,1,1,0.5872,0.5522,0.8151,0.1518,289
3,1,9,19,0,0,1,2,0.4644,0.4632,0.6567,0.0858,240
3,1,9,20,0,0,1,1,0.4631,0.4265,0.8485,0.0583,193
3,1,9,21,0,0,1,3,0.4918,0.4324,0.7833,0.2569,116
3,1,9,22,0,0,1,2,0.5008,0.4323,0.5098,0.4237,97
3,1,9,23,0,0,1,1,0.5084,0.4825,0.8041,0.1892,81
3,1,9,0,0,1,1,3,0.5803,0.5295,0.7655,0.2089,30
3,1,9,1,0,1,1,1,0.5946,0.5734,0.899,0.5185,21
3,1,9,2,0,1,1,2,0.4946,0.4061,0.7004,0.2907,8
3,1,9,3,0,1,1,1,0.4709,0.4616,0.8812,0.5882,14
3,1,9,4,1,1,0,1,0.5038,0.469,0.4604,0.049,10
3,1,9,5,0,1,1,3,0.4502,0.3751,0.6152,0.6187,32
3,1,9,6,0,1,1,2,0.5108,0.4961,0.4306,0.355,110
3,1,9,7,0,1,1,2,0.4466,0.4392,0.6314,0.1166,291
3,1,9,8,0,1,1,3,0.6617,0.6044,0.6883,0.3678,328
3,1,9,9,0,1,1,1,0.5218,0.5151,0.6653,0.0905,251
3,1,9,10,0,1,1,1,0.4751,0.4104,0.7801,0.5247,211
3,1,9,11,0,1,1,2,0.5622,0.4652,0.9658,0.36,220
3,1,9,12,0,1,1,1,0.4266,0.4001,0.6253,0.3014,259
3,1,9,13,0,1,1,2,0.463,0.4132,0.821,0.3659,182
3,1,9,14,0,1,1,1,0.5425,0.478,0.7537,0.479,127
3,1,9,15,0,1,1,1,0.5223,0.5133,0.7131,0.5059,171
3,1,9,16,0,1,1,1,0.5862,0.5633,0.7712,0.5106,299
3,1,9,17,0,1,1,1,0.3217,0.3548,0.6275,0.2015,331
3,1,9,18,0,1,1,1,0.5701,0.5541,0.7952,0.0873,327
3,1,9,19,0,1,1,1,0.4748,0.4676,0.4953,0.0926,279
3,1,9,20,0,1,1,1,0.4309,0.3831,0.6875,0.3106,180
3,1,9,21,0,1,1,2,0.3922,0.3084,0.6317,0.5681,129
3,1,9,22,0,1,1,1,0.4739,0.5095,0.9671,0.1938,110
3,1,9,23,0,1,1,1,0.6241,0.6077,0.5392,0.1151,83
3,1,9,0,0,2,1,1,0.5765,0.5958,0.7279,0.0851,47
3,1,9,1,0,2,1,1,0.623,0.5564,0.8204,0.341,14
3,1,9,2,0,2,1,1,0.5007,0.5058,0.6014,0.0806,13
3,1,9,3,0,2,1,1,0.5161,0.499,0.6733,0.2319,10
3,1,9,4,0,2,1,1,0.3981,0.41,0.6078,0.2247,22
3,1,9,5,0,2,1,3,0.3981,0.3956,0.6166,0.153,43
3,1,9,6,0,2,1,1,0.4984,0.4666,0.8714,0.2852,112
3,1,9,7,0,2,1,1,0.4123,0.4001,0.4424,0.5006,271
3,1,9,8,0,2,1,2,0.4486,0.4156,0.702,0.3331,299
3,1,9,9,0,2,1,1,0.5117,0.5112,0.4186,0.1069,241
3,1,9,10,0,2,1,1,0.5977,0.5439,0.7832,0.5362,152
3,1,9,11,0,2,1,1,0.5093,0.4628,0.6228,0.2478,217
3,1,9,12,0,2,1,2,0.4134,0.3879,0.4619,0.4051,200
3,1,9,13,0,2,1,2,0.3811,0.3805,0.6513,0.3306,153
3,1,9,14,0,2,1,1,0.517,0.4928,0.5241,0.3431,186
3,1,9,15,0,2,1,3,0.4646,0.4315,0.7882,0.5618,173
3,1,9,16,0,2,1,2,0.5168,0.5226,0.7939,0.1823,242
3,1,9,17,0,2,1,2,0.4943,0.4873,0.5319,0.0764,305
3,1,9,18,0,2,1,1,0.5037,0.4647,0.7345,0.1212,350
3,1,9,19,0,2,1,3,0.5927,0.5318,0.5916,0.6449,170
3,1,9,20,0,2,1,1,0.5824,0.548,0.6344,0.156,191
3,1,9,21,0,2,1,1,0.5344,0.489,0.9083,0.1444,137
3,1,9,22,0,2,1,2,0.446,0.4005,0.6241,0.2011,87
3,1,9,23,0,2,1,3,0.47,0.469,0.845,0.219,51
3,1,9,0,0,3,1,1,0.5579,0.5638,0.8816,0.0809,46
3,1,9,1,0,3,1,1,0.5955,0.564,0.6318,0.2003,19
3,1,9,2,0,3,1,3,0.4153,0.3943,0.7039,0.1277,7
3,1,9,3,0,3,1,2,0.6114,0.5586,0.6134,0.1772,9
3,1,9,4,0,3,1,2,0.4498,0.3955,0.6722,0.3972,16
3,1,9,5,0,3,1,1,0.5512,0.5476,0.7495,0.2876,58
3,1,9,6,0,3,1,1,0.7005,0.6274,0.6604,0.3045,128
3,1,9,7,0,3,1,3,0.3932,0.3549,0.7177,0.2115,257
3,1,9,8,0,3,1,1,0.5398,0.4933,0.5873,0.2325,473
3,1,9,9,0,3,1,2,0.4825,0.4711,0.5631,0.0725,200
3,1,9,10,0,3,1,2,0.5357,0.503,0.6267,0.4532,133
3,1,9,11,1,3,0,3,0.4611,0.421,0.688,0.233,61
3,1,9,12,0,3,1,2,0.3309,0.3551,0.8259,0.3505,214
3,1,9,13,0,3,1,1,0.4517,0.478,0.649,0.4312,187
3,1,9,14,0,3,1,2,0.5287,0.514,0.7203,0.1439,140
3,1,9,15,0,3,1,3,0.5989,0.5732,0.558,0.4416,119
3,1,9,16,0,3,1,3,0.5328,0.4911,0.7741,0.0513,205
3,1,9,17,0,3,1,1,0.6075,0.5766,0.6242,0.3627,334
3,1,9,18,0,3,1,1,0.4699,0.4102,0.6443,0.305,320
3,1,9,19,0,3,1,2,0.4642,0.4706,0.6783,0.1027,193
3,1,9,20,0,3,1,2,0.5284,0.4981,0.6057,0.3131,166
3,1,9,21,0,3,1,1,0.4782,0.4336,0.5377,0.0216,156
3,1,9,22,0,3,1,1,0.583,0.5439,0.7256,0.2617,133
3,1,9,23,0,3,1,1,0.406,0.4069,0.7798,0.3184,65
3,1,9,0,0,4,1,1,0.5606,0.5249,0.511,0.3558,44
3,1,9,1,0,4,1,1,0.5848,0.5319,0.701,0.3715,20
3,1,9,2,0,4,1,3,0.5258,0.4368,0.6992,0.6913,7
3,1,9,3,0,4,1,2,0.5641,0.5336,0.6278,0.0933,10
3,1,9,4,0,4,1,1,0.4548,0.4433,0.6272,0.3235,22
3,1,9,5,0,4,1,2,0.442,0.4052,0.7994,0.0517,55
3,1,9,6,0,4,1,1,0.5249,0.4748,0.9312,0.2914,133
3,1,9,7,0,4,1,2,0.4497,0.3934,0.8269,0.3401,239
3,1,9,8,0,4,1,3,0.5213,0.4839,0.7359,0.1195,225
3,1,9,9,0,4,1,1,0.5213,0.4618,0.8127,0.1018,228
3,1,9,10,0,4,1,3,0.4955,0.4371,0.7276,0.4198,119
3,1,9,11,0,4,1,1,0.52,0.4796,0.5884,0.1713,199
3,1,9,12,0,4,1,2,0.5447,0.5739,0.7143,0.1404,161
3,1,9,13,0,4,1,3,0.4932,0.5386,0.5093,0.5221,166
3,1,9,14,0,4,1,2,0.4668,0.4788,0.5813,0.3153,155
3,1,9,15,0,4,1,1,0.5578,0.5492,0.7832,0.1683,275
3,1,9,16,0,4,1,1,0.5194,0.4353,0.6474,0.244,283
3,1,9,17,0,4,1,1,0.5318,0.5855,0.5707,0.0799,401
3,1,9,18,0,4,1,1,0.541,0.5257,0.5976,0.2114,331
3,1,9,19,0,4,1,1,0.5106,0.4521,0.5233,0.4503,250
3,1,9,20,0,4,1,1,0.4761,0.5329,0.7085,0.2307,198
3,1,9,21,0,4,1,2,0.457,0.4312,0.6184,0.0398,142
3,1,9,22,1,4,0,1,0.494,0.4944,0.64,0.2374,51
3,1,9,23,0,4,1,1,0.5339,0.4978,0.7191,0.4645,79
3,1,9,0,0,5,0,2,0.533,0.5234,0.7103,0.3813,22
3,1,9,1,0,5,0,1,0.5061,0.5014,0.5271,0.3411,14
3,1,9,2,0,5,0,2,0.5207,0.5204,0.531,0.063,8
3,1,9,3,0,5,0,2,0.4187,0.4362,0.6608,0.1525,7
3,1,9,4,0,5,0,2,0.4635,0.445,0.7473,0.4521,13
3,1,9,5,0,5,0,2,0.543,0.5221,0.589,0.0835,40
3,1,9,6,0,5,0,2,0.4377,0.4143,0.6057,0.2221,70
3,1,9,7,0,5,0,2,0.5059,0.4493,0.6861,0.6477,193
3,1,9,8,0,5,0,2,0.4996,0.4475,0.684,0.08,194
3,1,9,9,0,5,0,2,0.488,0.4544,0.663,0.5026,143
3,1,9,10,0,5,0,2,0.5435,0.5542,0.7153,0.1678,100
3,1,9,11,0,5,0,1,0.5119,0.5004,0.5604,0.1526,142
3,1,9,12,0,5,0,1,0.4122,0.3888,0.8508,0.2597,136
3,1,9,13,0,5,0,2,0.5321,0.4976,0.6332,0.6759,107
3,1,9,14,0,5,0,2,0.4605,0.4025,0.8708,0.2866,111
3,1,9,15,0,5,0,2,0.4005,0.3535,0.408,0.3056,112
3,1,9,16,0,5,0,1,0.548,0.5252,0.4659,0.3002,190
3,1,9,17,0,5,0,1,0.413,0.3926,0.6592,0.1472,258
3,1,9,18,0,5,0,2,0.4712,0.471,0.7893,0.4455,165
3,1,9,19,0,5,0,2,0.5165,0.4842,0.6972,0.3511,169
3,1,9,20,0,5,0,1,0.4909,0.4833,0.6562,0.4126,122
3,1,9,21,0,5,0,3,0.4523,0.3837,0.7034,0.6466,68
3,1,9,22,0,5,0,2,0.4264,0.3766,0.6666,0.1643,77
3,1,9,23,0,5,0,2,0.4428,0.4286,0.9046,0.1818,37
3,1,9,0,0,6,0,2,0.4163,0.396,0.6075,0.4677,20
3,1,9,1,0,6,0,1,0.4829,0.4809,0.8222,0.2155,16
3,1,9,2,0,6,0,1,0.4536,0.4662,0.5805,0.7442,8
3,1,9,3,0,6,0,1,0.3952,0.4121,0.634,0.222,9
3,1,9,4,0,6,0,1,0.4715,0.4955,0.5528,0.0464,16
3,1,9,5,0,6,0,1,0.4467,0.479,0.7716,0.2766,43
3,1,9,6,0,6,0,2,0.5105,0.4743,0.8148,0.3903,80
3,1,9,7,1,6,0,2,0.5171,0.5602,0.6484,0.6654,106
3,1,9,8,0,6,0,1,0.5857,0.6431,0.7347,0.651,289
3,1,9,9,0,6,0,2,0.5371,0.4712,0.6846,0.2297,156
3,1,9,10,0,6,0,2,0.4156,0.3771,0.7406,0.1173,109
3,1,9,11,0,6,0,2,0.3396,0.3335,0.8112,0.3628,117
3,1,9,12,0,6,0,3,0.3855,0.3731,0.5322,0.1567,132
3,1,9,13,0,6,0,1,0.4566,0.3832,0.5426,0.3285,124
3,1,9,14,0,6,0,1,0.3792,0.3318,0.6032,0.1365,110
3,1,9,15,0,6,0,3,0.4486,0.4327,0.6165,0.2766,93
3,1,9,16,0,6,0,1,0.494,0.4628,0.6945,0.3742,191
3,1,9,17,0,6,0,2,0.4523,0.4484,0.6707,0.1769,237
3,1,9,18,0,6,0,1,0.5113,0.5444,0.6453,0.2313,225
3,1,9,19,0,6,0,1,0.4492,0.3894,0.6604,0.4749,171
3,1,9,20,0,6,0,2,0.4384,0.4859,0.6959,0.285,124
3,1,9,21,0,6,0,2,0.6113,0.6372,0.5773,0.1039,112
3,1,9,22,0,6,0,1,0.4895,0.4132,0.4153,0.1934,92
3,1,9,23,0,6,0,2,0.4996,0.4388,0.5606,0.0901,45
3,1,9,0,0,0,1,3,0.5466,0.5072,0.8024,0.0859,33
3,1,9,1,0,0,1,2,0.5489,0.4929,0.3587,0.0732,17
3,1,9,2,0,0,1,3,0.4619,0.4563,0.8055,0.4509,8
3,1,9,3,0,0,1,3,0.5607,0.5517,0.6014,0.321,9
3,1,9,4,0,0,1,2,0.4561,0.4375,0.7716,0.1528,15
3,1,9,5,0,0,1,2,0.5587,0.5419,0.5469,0.1182,37
3,1,9,6,0,0,1,2,0.4011,0.3771,0.3686,0.4291,106
3,1,9,7,0,0,1,3,0.466,0.4546,0.5664,0.2862,205
3,1,9,8,0,0,1,2,0.5031,0.5353,0.6536,0.2064,289
3,1,9,9,0,0,1,1,0.5128,0.4155,0.7159,0.2442,254
3,1,9,10,0,0,1,1,0.4285,0.4076,0.4998,0.349,147
3,1,9,11,0,0,1,2,0.3721,0.3674,0.7147,0.7019,178
3,1,9,12,0,0,1,3,0.5197,0.4908,0.6727,0.2732,168
3,1,9,13,0,0,1,1,0.473,0.4588,0.5954,0.3766,218
3,1,9,14,0,0,1,3,0.4602,0.4731,0.6835,0.5235,108
3,1,9,15,0,0,1,1,0.6033,0.5577,0.6802,0.204,196
3,1,9,16,0,0,1,1,0.467,0.5099,0.7326,0.495,166
3,1,9,17,0,0,1,3,0.4513,0.3842,0.6935,0.4827,271
3,1,9,18,0,0,1,3,0.3615,0.362,0.6821,0.3148,228
3,1,9,19,0,0,1,2,0.4117,0.3907,0.9068,0.4367,212
3,1,9,20,0,0,1,3,0.5488,0.5292,0.436,0.4345,121
3,1,9,21,0,0,1,2,0.4367,0.4377,0.5131,0.1034,121
3,1,9,22,0,0,1,3,0.5315,0.4864,0.8002,0.1435,93
3,1,9,23,0,0,1,3,0.397,0.4103,0.4935,0.4667,53
3,1,9,0,0,1,1,1,0.4224,0.4605,0.7771,0.1691,36
3,1,9,1,0,1,1,1,0.4206,0.3909,0.7079,0.0439,18
3,1,9,2,0,1,1,1,0.5166,0.4753,0.5127,0.69,11
3,1,9,3,0,1,1,1,0.4684,0.483,0.7884,0.3612,10
3,1,9,4,0,1,1,1,0.4055,0.4147,0.8122,0.1016,19
3,1,9,5,0,1,1,1,0.5333,0.4596,0.6733,0.2407,62
3,1,9,6,0,1,1,1,0.5179,0.5085,0.6577,0.4795,108
3,1,9,7,0,1,1,2,0.5071,0.505,0.8253,0.458,275
3,1,9,8,0,1,1,1,0.5039,0.4771,0.4657,0.5184,414
3,1,9,9,0,1,1,1,0.4235,0.4473,0.7529,0.0869,223
3,1,9,10,0,1,1,1,0.5714,0.4947,0.4966,0.4809,167
3,1,9,11,0,1,1,1,0.4762,0.3879,0.7392,0.2393,179
3,1,9,12,0,1,1,2,0.502,0.5089,0.6541,0.0761,224
3,1,9,13,0,1,1,3,0.5101,0.4602,0.6655,0.2661,170
3,1,9,14,0,1,1,2,0.4171,0.3952,0.8671,0.1566,144
3,1,9,15,0,1,1,2,0.616,0.5512,0.4817,0.4808,162
3,1,9,16,0,1,1,3,0.4814,0.4829,0.7558,0.4301,210
3,1,9,17,0,1,1,2,0.4856,0.4715,0.661,0.5056,291
3,1,9,18,0,1,1,1,0.4544,0.4277,0.6816,0.2074,277
3,1,9,19,0,1,1,1,0.5638,0.4985,0.7726,0.4764,223
3,1,9,20,0,1,1,2,0.5667,0.5336,0.7665,0.1664,177
3,1,9,21,0,1,1,2,0.4943,0.4796,0.7443,0.1227,129
3,1,9,22,0,1,1,2,0.3806,0.3457,0.5651,0.1254,91
3,1,9,23,0,1,1,1,0.4717,0.4332,0.7437,0.1877,87
3,1,9,0,0,2,1,3,0.4744,0.451,0.761,0.5117,24
3,1,9,1,0,2,1,2,0.4474,0.4452,0.73,0.3477,14
3,1,9,2,0,2,1,3,0.4102,0.4024,0.7455,0.1479,9
3,1,9,3,0,2,1,2,0.3702,0.387,0.6813,0.0188,11
3,1,9,4,0,2,1,1,0.582,0.5502,0.5302,0.2448,21
3,1,9,5,0,2,1,1,0.5309,0.5347,0.6211,0.5804,59
3,1,9,6,0,2,1,1,0.4814,0.4223,0.6137,0.4102,152
3,1,9,7,0,2,1,1,0.4335,0.4238,0.6732,0.6509,295
3,1,9,8,0,2,1,3,0.5042,0.4893,0.6219,0.0587,265
3,1,9,9,0,2,1,1,0.4933,0.5393,0.8864,0.2263,235
3,1,9,10,0,2,1,1,0.4509,0.4083,0.7243,0.3429,148
3,1,9,11,0,2,1,1,0.5063,0.4449,0.6627,0.3157,215
3,1,9,12,0,2,1,2,0.5149,0.466,0.7037,0.0632,200
3,1,9,13,0,2,1,1,0.5271,0.4818,0.7207,0.1515,205
3,1,9,14,0,2,1,1,0.4168,0.4083,0.9302,0.0473,192
3,1,9,15,0,2,1,3,0.5092,0.4459,0.7239,0.3871,102
3,1,9,16,0,2,1,1,0.5614,0.5437,0.6215,0.2774,252
3,1,9,17,0,2,1,3,0.4997,0.4758,0.5469,0.2235,285
3,1,9,18,0,2,1,1,0.6336,0.6293,0.6973,0.0775,294
3,1,9,19,0,2,1,2,0.4664,0.4616,0.916,0.1938,245
3,1,9,20,0,2,1,2,0.3587,0.3657,0.6511,0.0463,153
3,1,9,21,0,2,1,1,0.4196,0.4133,0.5578,0.1059,158
3,1,9,22,0,2,1,2,0.4321,0.4456,0.7889,0.7234,84
3,1,9,23,0,2,1,1,0.5181,0.4475,0.6843,0.1409,72
3,1,9,0,0,3,1,1,0.5329,0.4626,0.4741,0.2582,26
3,1,9,1,0,3,1,3,0.4842,0.4594,0.6949,0.2326,14
3,1,9,2,0,3,1,3,0.4952,0.473,0.8067,0.3974,8
3,1,9,3,0,3,1,1,0.6088,0.5476,0.4178,0.5193,11
3,1,9,4,0,3,1,2,0.4165,0.4125,0.756,0.3508,19
3,1,9,5,0,3,1,1,0.4696,0.407,0.5196,0.2284,59
3,1,9,6,0,3,1,1,0.443,0.4128,0.6454,0.1619,141
3,1,9,7,0,3,1,1,0.3925,0.3724,0.6129,0.2057,290
3,1,9,8,0,3,1,2,0.333,0.3335,0.8032,0.0666,335
3,1,9,9,0,3,1,2,0.5655,0.5221,0.7896,0.083,198
3,1,9,10,0,3,1,2,0.4212,0.4366,0.5073,0.178,149
3,1,9,11,0,3,1,3,0.4572,0.4847,0.4309,0.0872,127
3,1,9,12,0,3,1,2,0.5048,0.5257,0.4881,0.3047,212
3,1,9,13,0,3,1,1,0.3914,0.4261,0.7208,0.0962,187
3,1,9,14,0,3,1,1,0.4163,0.4275,0.3959,0.4155,144
3,1,9,15,0,3,1,2,0.4732,0.468,0.5925,0.4774,170
3,1,9,16,0,3,1,1,0.444,0.3993,0.7814,0.3819,293
3,1,9,17,0,3,1,1,0.3854,0.3492,0.7416,0.11,388
3,1,9,18,0,3,1,1,0.5172,0.5198,0.4662,0.2775,281
3,1,9,19,0,3,1,1,0.4422,0.3667,0.6935,0.1259,297
3,1,9,20,0,3,1,2,0.4843,0.4998,0.5548,0.2887,153
3,1,9,21,0,3,1,2,0.4787,0.4366,0.5923,0.0919,132
3,1,9,22,0,3,1,2,0.5426,0.4994,0.6011,0.2087,96
3,1,9,23,0,3,1,3,0.4994,0.4977,0.6152,0.0569,52
3,1,9,0,0,4,1,2,0.41,0.3979,0.6595,0.62,28
3,1,9,1,0,4,1,1,0.5518,0.5116,0.5814,0.2693,23
3,1,9,2,1,4,0,2,0.4373,0.3881,0.5862,0.271,5
3,1,9,3,0,4,1,1,0.4134,0.3477,0.7769,0.3035,12
3,1,9,4,0,4,1,3,0.4031,0.318,0.6704,0.0158,14
3,1,9,5,0,4,1,2,0.3064,0.3349,0.539,0.1466,52
3,1,9,6,0,4,1,1,0.4278,0.3999,0.682,0.4201,151
3,1,9,7,0,4,1,2,0.4982,0.4466,0.4914,0.5529,164
3,1,9,8,0,4,1,2,0.3751,0.3789,0.6836,0.2925,300
3,1,9,9,0,4,1,4,0.59,0.5371,0.7371,0.603,104
3,1,9,10,0,4,1,1,0.3136,0.2751,0.7667,0.2208,136
3,1,9,11,0,4,1,1,0.4156,0.4305,0.7205,0.6352,195
3,1,9,12,0,4,1,3,0.3663,0.3702,0.54,0.1946,192
3,1,9,13,0,4,1,1,0.5347,0.5134,0.6019,0.2187,217
3,1,9,14,0,4,1,1,0.5161,0.4737,0.8066,0.1116,161
3,1,9,15,0,4,1,2,0.4518,0.4362,0.6321,0.2892,198
3,1,9,16,0,4,1,2,0.3709,0.3698,0.6594,0.2558,190
3,1,9,17,0,4,1,1,0.3865,0.3749,0.7511,0.582,323
3,1,9,18,0,4,1,1,0.4879,0.5,0.8508,0.1467,291
3,1,9,19,0,4,1,1,0.4231,0.3719,0.6607,0.0932,225
3,1,9,20,0,4,1,1,0.4311,0.4018,0.623,0.5898,210
3,1,9,21,0,4,1,1,0.4653,0.4587,0.8972,0.2433,157
3,1,9,22,0,4,1,1,0.4415,0.4023,0.9058,0.3221,111
3,1,9,23,0,4,1,2,0.3479,0.3591,0.6743,0.2404,82
4,1,10,0,0,5,0,2,0.373,0.3946,0.6722,0.2849,24
4,1,10,1,0,5,0,1,0.3747,0.3577,0.7788,0.3149,14
4,1,10,2,0,5,0,1,0.4152,0.4059,0.7224,0.2928,7
4,1,10,3,0,5,0,1,0.4724,0.4425,0.6733,0.7358,7
4,1,10,4,0,5,0,1,0.4696,0.4373,0.7584,0.5144,14
4,1,10,5,0,5,0,3,0.5492,0.5602,0.5923,0.0662,34
4,1,10,6,0,5,0,1,0.3676,0.3242,0.8035,0.6467,95
4,1,10,7,0,5,0,3,0.4876,0.488,0.7495,0.2581,170
4,1,10,8,0,5,0,2,0.4111,0.3757,0.7243,0.7356,196
4,1,10,9,0,5,0,2,0.6044,0.5488,0.657,0.4051,124
4,1,10,10,0,5,0,3,0.4587,0.466,0.5953,0.0876,88
4,1,10,11,0,5,0,2,0.4268,0.4264,0.4581,0.169,125
4,1,10,12,0,5,0,2,0.4853,0.4415,0.4584,0.5127,126
4,1,10,13,0,5,0,1,0.4799,0.4509,0.4692,0.4806,154
4,1,10,14,0,5,0,2,0.4395,0.4138,0.8166,0.1011,96
4,1,10,15,0,5,0,1,0.5077,0.4894,0.591,0.3096,172
4,1,10,16,0,5,0,1,0.5719,0.5286,0.5248,0.3497,221
4,1,10,17,0,5,0,3,0.5304,0.556,0.659,0.4445,167
4,1,10,18,0,5,0,2,0.4557,0.3997,0.5558,0.1952,158
4,1,10,19,0,5,0,1,0.5905,0.5155,0.6228,0.2618,229
4,1,10,20,0,5,0,3,0.4999,0.4714,0.7366,0.3518,91
4,1,10,21,0,5,0,1,0.3893,0.3102,0.6304,0.6472,98
4,1,10,22,0,5,0,3,0.47,0.4232,0.6305,0.3468,45
4,1,10,23,0,5,0,2,0.451,0.4094,0.6675,0.1995,44
4,1,10,0,0,6,0,1,0.4239,0.4032,0.5021,0.6013,24
4,1,10,1,1,6,0,1,0.4838,0.4537,0.7046,0.433,8
4,1,10,2,0,6,0,3,0.3303,0.3209,0.8411,0.1422,4
4,1,10,3,0,6,0,1,0.574,0.5219,0.626,0.497,7
4,1,10,4,1,6,0,3,0.5047,0.4681,0.6818,0.5448,6
4,1,10,5,0,6,0,1,0.3329,0.3336,0.5695,0.1996,33
4,1,10,6,0,6,0,1,0.5038,0.4106,0.5834,0.2385,103
4,1,10,7,0,6,0,2,0.4929,0.4808,0.788,0.1282,185
4,1,10,8,0,6,0,2,0.5644,0.4718,0.6893,0.0694,225
4,1,10,9,0,6,0,1,0.5825,0.5537,0.7495,0.4033,146
4,1,10,10,0,6,0,2,0.5943,0.5802,0.702,0.1366,103
4,1,10,11,0,6,0,1,0.4424,0.4295,0.6511,0.0377,152
4,1,10,12,0,6,0,1,0.4997,0.4561,0.8155,0.2976,219
4,1,10,13,0,6,0,2,0.4282,0.4145,0.4557,0.159,142
4,1,10,14,0,6,0,2,0.5303,0.4755,0.5729,0.1593,116
4,1,10,15,0,6,0,2,0.3105,0.3365,0.6244,0.3483,99
4,1,10,16,0,6,0,2,0.3726,0.3789,0.6754,0.1185,197
4,1,10,17,0,6,0,2,0.4315,0.3814,0.6342,0.6367,197
4,1,10,18,0,6,0,1,0.4576,0.476,0.695,0.3148,215
4,1,10,19,0,6,0,3,0.4733,0.4554,0.8343,0.3397,125
4,1,10,20,0,6,0,1,0.551,0.4896,0.5318,0.288,168
4,1,10,21,0,6,0,3,0.4163,0.4305,0.8528,0.0228,78
4,1,10,22,0,6,0,2,0.3714,0.4021,0.6438,0.1636,54
4,1,10,23,0,6,0,2,0.4347,0.4053,0.6932,0.3301,51
4,1,10,0,0,0,1,1,0.4151,0.4053,0.6729,0.1605,37
4,1,10,1,0,0,1,1,0.4963,0.471,0.7035,0.2601,17
4,1,10,2,0,0,1,1,0.5643,0.5534,0.8143,0.28,9
4,1,10,3,0,0,1,2,0.558,0.5539,0.5321,0.2828,9
4,1,10,4,0,0,1,1,0.5338,0.5367,0.5838,0.3894,19
4,1,10,5,0,0,1,1,0.4177,0.3413,0.7452,0.3762,48
4,1,10,6,0,0,1,2,0.4462,0.4084,0.5738,0.3412,95
4,1,10,7,0,0,1,1,0.4873,0.4919,0.4457,0.2949,288
4,1,10,8,0,0,1,1,0.4036,0.3625,0.7475,0.3944,369
4,1,10,9,0,0,1,2,0.4101,0.4,0.5775,0.3192,190
4,1,10,10,0,0,1,1,0.4837,0.4321,0.7756,0.0648,186
4,1,10,11,0,0,1,1,0.362,0.3643,0.6162,0.3703,221
4,1,10,12,0,0,1,1,0.534,0.5084,0.8069,0.1884,262
4,1,10,13,0,0,1,2,0.4294,0.4261,0.7005,0.3535,179
4,1,10,14,0,0,1,3,0.4954,0.4824,0.5862,0.409,110
4,1,10,15,0,0,1,1,0.472,0.4062,0.523,0.4112,220
4,1,10,16,0,0,1,2,0.5453,0.5809,0.6421,0.4312,245
4,1,10,17,0,0,1,1,0.3086,0.2539,0.6767,0.2974,351
4,1,10,18,0,0,1,2,0.5458,0.593,0.593,0.2218,247
4,1,10,19,0,0,1,1,0.5442,0.4522,0.5148,0.0641,191
4,1,10,20,0,0,1,2,0.4772,0.4554,0.6425,0.7348,132
4,1,10,21,0,0,1,2,0.494,0.4271,0.8544,0.0406,130
4,1,10,22,0,0,1,2,0.4993,0.5228,0.6997,0.1866,108
4,1,10,23,0,0,1,1,0.3945,0.3443,0.5923,0.0583,81
4,1,10,0,0,1,1,2,0.457,0.4013,0.6876,0.0152,33
4,1,10,1,0,1,1,1,0.5155,0.4908,0.7455,0.0826,20
4,1,10,2,0,1,1,2,0.3281,0.3546,0.5588,0.5277,7
4,1,10,3,0,1,1,2,0.4862,0.4989,0.6391,0.2579,9
4,1,10,4,0,1,1,2,0.4593,0.4297,0.6523,0.2584,15
4,1,10,5,0,1,1,2,0.4971,0.4627,0.6218,0.2031,43
4,1,10,6,0,1,1,2,0.3642,0.3616,0.522,0.05,106
4,1,10,7,0,1,1,2,0.4012,0.3794,0.7494,0.1698,237
4,1,10,8,0,1,1,1,0.3555,0.3401,0.4173,0.1296,392
4,1,10,9,0,1,1,1,0.3547,0.3328,0.5909,0.2739,274
4,1,10,10,0,1,1,2,0.5114,0.5041,0.5828,0.1339,131
4,1,10,11,0,1,1,2,0.412,0.4049,0.6029,0.0619,173
4,1,10,12,0,1,1,2,0.4069,0.4322,0.8452,0.6923,218
4,1,10,13,0,1,1,2,0.5296,0.484,0.6329,0.149,174
4,1,10,14,0,1,1,2,0.4292,0.3883,0.7979,0.3458,142
4,1,10,15,0,1,1,1,0.5207,0.4919,0.686,0.338,250
4,1,10,16,0,1,1,1,0.3798,0.3547,0.7237,0.3019,317
4,1,10,17,0,1,1,3,0.429,0.4334,0.6345,0.272,243
4,1,10,18,0,1,1,1,0.3898,0.3387,0.7568,0.3469,235
4,1,10,19,0,1,1,1,0.4916,0.5051,0.5961,0.2282,230
4,1,10,20,1,1,0,2,0.4387,0.4083,0.6166,0.4717,66
4,1,10,21,0,1,1,1,0.5044,0.5146,0.6076,0.0814,180
4,1,10,22,0,1,1,1,0.4639,0.5167,0.5445,0.3993,129
4,1,10,23,1,1,0,2,0.317,0.332,0.6674,0.3711,21
4,1,10,0,0,2,1,2,0.4304,0.4277,0.7741,0.5072,36
4,1,10,1,0,2,1,3,0.3414,0.3578,0.6294,0.2322,12
4,1,10,2,0,2,1,3,0.4732,0.4407,0.5741,0.2716,9
4,1,10,3,0,2,1,2,0.4878,0.4713,0.904,0.1843,10
4,1,10,4,0,2,1,3,0.495,0.4501,0.6232,0.3771,14
4,1,10,5,0,2,1,1,0.4403,0.4,0.7577,0.3642,62
4,1,10,6,0,2,1,1,0.3347,0.3272,0.6706,0.4347,131
4,1,10,7,0,2,1,2,0.4636,0.4433,0.7991,0.019,300
4,1,10,8,0,2,1,2,0.4774,0.4665,0.6638,0.4286,258
4,1,10,9,0,2,1,1,0.4361,0.4184,0.6642,0.1682,244
4,1,10,10,0,2,1,1,0.4549,0.4237,0.6631,0.0411,207
4,1,10,11,0,2,1,1,0.3168,0.3286,0.6394,0.1684,236
4,1,10,12,0,2,1,1,0.4536,0.4124,0.6774,0.4794,241
4,1,10,13,0,2,1,1,0.4413,0.4268,0.5776,0.1525,179
4,1,10,14,0,2,1,3,0.364,0.3803,0.7295,0.3588,119
4,1,10,15,0,2,1,2,0.4859,0.4829,0.9956,0.0879,215
4,1,10,16,0,2,1,2,0.4143,0.3927,0.5578,0.3767,217
4,1,10,17,0,2,1,2,0.465,0.3878,0.7079,0.1157,318
4,1,10,18,0,2,1,1,0.4831,0.4487,0.6719,0.1862,325
4,1,10,19,0,2,1,1,0.4719,0.5121,0.5342,0.0932,189
4,1,10,20,1,2,0,2,0.3551,0.3299,0.7637,0.4624,68
4,1,10,21,0,2,1,2,0.422,0.4008,0.6168,0.145,145
4,1,10,22,0,2,1,1,0.598,0.5732,0.5875,0.2771,110
4,1,10,23,0,2,1,3,0.5466,0.5321,0.8341,0.4542,55
4,1,10,0,0,3,1,2,0.503,0.4582,0.629,0.5195,29
4,1,10,1,0,3,1,1,0.4638,0.4634,0.8101,0.2895,21
4,1,10,2,0,3,1,3,0.3755,0.3689,0.7348,0.3908,8
4,1,10,3,0,3,1,1,0.4333,0.3599,0.6814,0.0518,12
4,1,10,4,0,3,1,3,0.4151,0.318,0.7464,0.3231,15
4,1,10,5,0,3,1,2,0.4387,0.4007,0.7643,0.3065,35
4,1,10,6,0,3,1,1,0.3434,0.2899,0.649,0.2896,119
4,1,10,7,0,3,1,1,0.5114,0.4951,0.6258,0.3654,310
4,1,10,8,0,3,1,2,0.2566,0.2325,0.7729,0.165,331
4,1,10,9,0,3,1,2,0.5046,0.4935,1.0,0.1566,176
4,1,10,10,0,3,1,2,0.506,0.4952,0.4754,0.1974,147
4,1,10,11,0,3,1,1,0.6075,0.547,0.5362,0.3707,212
4,1,10,12,0,3,1,2,0.4271,0.3949,0.5544,0.3968,207
4,1,10,13,0,3,1,2,0.4082,0.3712,0.6311,0.1766,192
4,1,10,14,0,3,1,1,0.453,0.4584,0.553,0.4564,196
4,1,10,15,0,3,1,1,0.4838,0.4543,0.7434,0.4919,193
4,1,10,16,0,3,1,2,0.4383,0.4539,0.4962,0.1868,270
4,1,10,17,0,3,1,2,0.3618,0.3829,0.6187,0.3714,292
4,1,10,18,0,3,1,1,0.4837,0.4555,0.6105,0.4082,312
4,1,10,19,0,3,1,2,0.4446,0.4046,0.7893,0.4379,220
4,1,10,20,0,3,1,3,0.374,0.3291,0.6641,0.2683,158
4,1,10,21,0,3,1,1,0.3309,0.3356,0.5093,0.5611,117
4,1,10,22,0,3,1,1,0.6174,0.5836,0.7056,0.1106,118
4,1,10,23,0,3,1,1,0.5029,0.4559,0.5588,0.3386,75
4,1,10,0,0,4,1,1,0.4795,0.4824,0.5269,0.3466,43
4,1,10,1,0,4,1,1,0.4323,0.4381,0.803,0.1916,16
4,1,10,2,0,4,1,2,0.4886,0.4357,0.6182,0.5142,11
4,1,10,3,0,4,1,1,0.3667,0.3592,0.7288,0.2511,10
4,1,10,4,0,4,1,2,0.4543,0.4492,0.6128,0.6694,14
4,1,10,5,0,4,1,3,0.4573,0.4855,0.6995,0.4287,39
4,1,10,6,0,4,1,1,0.3684,0.345,0.8378,0.6969,128
4,1,10,7,0,4,1,1,0.433,0.4114,0.6926,0.5931,312
4,1,10,8,0,4,1,1,0.4114,0.4107,0.6267,0.2429,349
4,1,10,9,0,4,1,2,0.3868,0.4056,0.5118,0.3566,164
4,1,10,10,0,4,1,2,0.4026,0.3945,0.7767,0.6218,108
4,1,10,11,0,4,1,2,0.3208,0.3116,0.7277,0.109,170
4,1,10,12,0,4,1,2,0.5147,0.4721,0.7089,0.1848,252
4,1,10,13,0,4,1,2,0.5497,0.5125,0.6604,0.2218,164
4,1,10,14,0,4,1,2,0.3755,0.3522,0.8048,0.2437,136
4,1,10,15,0,4,1,3,0.518,0.5132,0.6174,0.1852,128
4,1,10,16,0,4,1,3,0.4381,0.4296,0.7361,0.2113,189
4,1,10,17,0,4,1,2,0.4396,0.3969,0.888,0.3698,271
4,1,10,18,0,4,1,1,0.3496,0.3577,0.6796,0.2497,282
4,1,10,19,0,4,1,2,0.4013,0.3761,0.6295,0.4041,201
4,1,10,20,0,4,1,3,0.4776,0.4491,0.6033,0.5171,114
4,1,10,21,0,4,1,2,0.372,0.3765,0.6018,0.2112,110
4,1,10,22,0,4,1,2,0.3884,0.3958,0.6744,0.1404,108
4,1,10,23,0,4,1,1,0.4048,0.3949,0.8685,0.5264,83
4,1,10,0,0,5,0,2,0.1975,0.2438,0.7219,0.2704,23
4,1,10,1,0,5,0,2,0.459,0.3798,0.6944,0.0863,14
4,1,10,2,0,5,0,3,0.4806,0.4855,0.6874,0.0819,6
4,1,10,3,0,5,0,1,0.4615,0.4085,0.4838,0.5742,7
4,1,10,4,0,5,0,1,0.502,0.4764,0.6583,0.4415,13
4,1,10,5,0,5,0,1,0.4049,0.3854,0.5588,0.2766,43
4,1,10,6,0,5,0,1,0.5628,0.5332,0.8505,0.3944,109
4,1,10,7,0,5,0,2,0.3769,0.331,0.5652,0.3414,212
4,1,10,8,0,5,0,1,0.4203,0.3588,0.5097,0.1291,302
4,1,10,9,0,5,0,2,0.4134,0.3353,0.4633,0.3567,188
4,1,10,10,0,5,0,2,0.4491,0.4206,0.577,0.0625,114
4,1,10,11,1,5,0,2,0.4193,0.4026,0.3214,0.2893,76
4,1,10,12,0,5,0,2,0.4288,0.4255,0.6923,0.3412,124
4,1,10,13,0,5,0,2,0.3885,0.4042,0.6981,0.2455,124
4,1,10,14,0,5,0,1,0.4053,0.4105,0.5392,0.3333,119
4,1,10,15,1,5,0,1,0.2796,0.2955,0.7734,0.5923,94
4,1,10,16,0,5,0,2,0.4922,0.4378,0.6498,0.3173,164
4,1,10,17,0,5,0,1,0.3645,0.3796,0.6515,0.1726,240
4,1,10,18,0,5,0,1,0.4017,0.3931,0.774,0.3665,220
4,1,10,19,0,5,0,3,0.3618,0.305,0.8057,0.163,125
4,1,10,20,0,5,0,2,0.4759,0.4845,0.5478,0.1774,126
4,1,10,21,0,5,0,1,0.398,0.3519,0.4973,0.0815,131
4,1,10,22,0,5,0,2,0.265,0.2209,0.6243,0.2411,58
4,1,10,23,0,5,0,1,0.4557,0.4794,0.8559,0.0889,65
4,1,10,0,0,6,0,1,0.3794,0.3679,0.577,0.3402,24
4,1,10,1,0,6,0,1,0.4301,0.3776,0.7861,0.3371,15
4,1,10,2,0,6,0,1,0.49,0.4496,0.553,0.4654,8
4,1,10,3,0,6,0,1,0.3626,0.3765,0.6514,0.1432,8
4,1,10,4,0,6,0,2,0.4282,0.371,0.6009,0.1099,11
4,1,10,5,0,6,0,1,0.3777,0.3548,0.7193,0.2659,36
4,1,10,6,0,6,0,1,0.5008,0.4717,0.6876,0.3948,69
4,1,10,7,0,6,0,1,0.4373,0.4973,0.5625,0.29,201
4,1,10,8,0,6,0,1,0.4301,0.3651,0.6119,0.4,266
4,1,10,9,0,6,0,2,0.3449,0.2854,0.5419,0.3577,122
4,1,10,10,0,6,0,1,0.4842,0.4433,0.6975,0.0077,114
4,1,10,11,0,6,0,2,0.4931,0.4495,0.5478,0.5603,104
4,1,10,12,0,6,0,2,0.3781,0.3605,0.6813,0.051,121
4,1,10,13,0,6,0,1,0.4425,0.4065,0.7175,0.1918,142
4,1,10,14,0,6,0,2,0.4729,0.4749,0.749,0.6537,110
4,1,10,15,0,6,0,2,0.587,0.5605,0.7507,0.2296,135
4,1,10,16,0,6,0,2,0.4591,0.4074,0.7102,0.3908,182
4,1,10,17,0,6,0,1,0.4317,0.4032,0.5401,0.0956,280
4,1,10,18,0,6,0,1,0.4208,0.3919,0.5658,0.3898,244
4,1,10,19,0,6,0,2,0.425,0.4383,0.5653,0.3065,162
4,1,10,20,0,6,0,3,0.4854,0.4874,0.6621,0.3885,83
4,1,10,21,0,6,0,1,0.37,0.3732,0.8008,0.2115,126
4,1,10,22,0,6,0,2,0.497,0.4506,0.5862,0.4357,51
4,1,10,23,0,6,0,1,0.3238,0.3173,0.6328,0.2693,46
4,1,10,0,0,0,1,3,0.4741,0.4161,0.8138,0.159,29
4,1,10,1,0,0,1,1,0.4936,0.4888,0.5054,0.1492,19
4,1,10,2,0,0,1,1,0.4839,0.4965,0.8523,0.5564,10
4,1,10,3,0,0,1,2,0.4464,0.3617,0.7444,0.6322,8
4,1,10,4,0,0,1,2,0.4551,0.4301,0.5857,0.4535,17
4,1,10,5,0,0,1,2,0.3994,0.3772,0.6289,0.0433,60
4,1,10,6,0,0,1,2,0.3487,0.3589,0.8735,0.1215,103
4,1,10,7,0,0,1,2,0.4449,0.4054,0.6098,0.3247,225
4,1,10,8,0,0,1,1,0.4323,0.393,0.7558,0.192,535
4,1,10,9,0,0,1,1,0.4921,0.4729,0.9146,0.2522,253
4,1,10,10,0,0,1,3,0.4175,0.4155,0.6648,0.0818,116
4,1,10,11,0,0,1,1,0.4386,0.4234,0.6687,0.0223,246
4,1,10,12,0,0,1,1,0.4476,0.4522,0.935,0.5325,275
4,1,10,13,0,0,1,1,0.4675,0.4654,0.5392,0.4424,221
4,1,10,14,0,0,1,2,0.4938,0.4542,0.6676,0.3037,159
4,1,10,15,0,0,1,1,0.3607,0.344,0.7209,0.0365,211
4,1,10,16,0,0,1,2,0.4766,0.4698,0.4846,0.2512,272
4,1,10,17,0,0,1,2,0.4148,0.3709,0.5304,0.2116,351
4,1,10,18,0,0,1,1,0.4724,0.4291,0.6013,0.2012,318
4,1,10,19,0,0,1,1,0.5309,0.4613,0.7188,0.1762,230
4,1,10,20,0,0,1,3,0.2799,0.3019,0.6116,0.3113,129
4,1,10,21,0,0,1,2,0.5124,0.5525,0.6593,0.1083,127
4,1,10,22,0,0,1,3,0.4192,0.3786,0.7636,0.2006,85
4,1,10,23,0,0,1,1,0.3676,0.3671,0.742,0.1547,57
4,1,10,0,0,1,1,3,0.3925,0.4111,0.4237,0.2304,28
4,1,10,1,0,1,1,3,0.351,0.2991,0.6916,0.0741,15
4,1,10,2,0,1,1,1,0.4587,0.4469,0.7355,0.3883,9
4,1,10,3,0,1,1,2,0.3507,0.3738,0.6599,0.1465,12
4,1,10,4,0,1,1,1,0.5075,0.475,0.7328,0.3872,18
4,1,10,5,0,1,1,2,0.4716,0.4465,0.7621,0.1151,50
4,1,10,6,0,1,1,2,0.4391,0.4595,0.7087,0.042,157
4,1,10,7,0,1,1,2,0.2806,0.2548,0.6582,0.0692,281
4,1,10,8,0,1,1,1,0.3306,0.2978,0.6999,0.1794,343
4,1,10,9,0,1,1,1,0.4175,0.3921,0.3905,0.8201,228
4,1,10,10,0,1,1,2,0.4214,0.456,0.839,0.3531,178
4,1,10,11,0,1,1,2,0.4889,0.4895,0.8285,0.2356,206
4,1,10,12,0,1,1,2,0.2193,0.2256,0.82,0.5755,217
4,1,10,13,0,1,1,3,0.37,0.3685,0.6851,0.225,149
4,1,10,14,0,1,1,1,0.4818,0.4254,0.7383,0.5374,177
4,1,10,15,0,1,1,1,0.3995,0.3978,0.6865,0.0642,253
4,1,10,16,0,1,1,1,0.3904,0.3596,0.7084,0.3034,280
4,1,10,17,0,1,1,2,0.3103,0.2906,0.8339,0.0488,356
4,1,10,18,0,1,1,2,0.4973,0.4666,0.4573,0.1851,341
4,1,10,19,0,1,1,2,0.3892,0.3998,0.7224,0.1205,196
4,1,10,20,0,1,1,3,0.4997,0.5315,0.5697,0.4936,133
4,1,10,21,0,1,1,1,0.5258,0.474,0.5315,0.1148,173
4,1,10,22,0,1,1,1,0.5154,0.5237,0.6545,0.5685,120
4,1,10,23,0,1,1,2,0.4209,0.3974,0.5194,0.1626,75
4,1,10,0,0,2,1,1,0.385,0.3916,0.519,0.3066,39
4,1,10,1,0,2,1,2,0.3802,0.3733,0.4702,0.3655,17
4,1,10,2,0,2,1,1,0.5567,0.5135,0.6118,0.3968,11
4,1,10,3,0,2,1,1,0.404,0.3681,0.7334,0.1779,11
4,1,10,4,0,2,1,2,0.4926,0.4648,0.7687,0.0917,17
4,1,10,5,0,2,1,1,0.4526,0.444,0.907,0.0811,57
4,1,10,6,0,2,1,4,0.3901,0.3887,0.621,0.4821,77
4,1,10,7,0,2,1,1,0.4012,0.4735,0.7653,0.2379,257
4,1,10,8,0,2,1,3,0.5017,0.4963,0.6912,0.3366,236
4,1,10,9,0,2,1,1,0.4211,0.3645,0.6877,0.3308,227
4,1,10,10,0,2,1,3,0.3871,0.4089,0.7145,0.4155,145
4,1,10,11,0,2,1,2,0.3624,0.3656,0.7658,0.035,126
4,1,10,12,0,2,1,1,0.4413,0.4178,0.727,0.4801,222
4,1,10,13,0,2,1,1,0.3827,0.3338,0.6221,0.2462,169
4,1,10,14,0,2,1,1,0.4605,0.4326,0.7398,0.3573,205
4,1,10,15,0,2,1,2,0.597,0.6057,0.5941,0.626,159
4,1,10,16,0,2,1,1,0.4551,0.4509,0.7401,0.4498,239
4,1,10,17,0,2,1,1,0.5452,0.5621,0.6836,0.3811,395
4,1,10,18,0,2,1,2,0.3688,0.393,0.4454,0.1782,313
4,1,10,19,0,2,1,2,0.4668,0.4531,0.653,0.2806,204
4,1,10,20,0,2,1,1,0.5068,0.3905,0.7814,0.3558,214
4,1,10,21,0,2,1,1,0.5155,0.4661,0.6544,0.3758,171
4,1,10,22,0,2,1,2,0.5084,0.4402,0.6971,0.1914,113
4,1,10,23,0,2,1,1,0.42,0.445,0.6122,0.131,66
4,1,10,0,0,3,1,2,0.4769,0.472,0.6366,0.1657,31
4,1,10,1,0,3,1,1,0.3434,0.3232,0.7833,0.2293,19
4,1,10,2,0,3,1,3,0.5271,0.4886,0.6178,0.2377,7
4,1,10,3,0,3,1,2,0.348,0.3665,0.5314,0.7081,9
4,1,10,4,0,3,1,2,0.5024,0.4537,0.4079,0.6849,12
4,1,10,5,0,3,1,2,0.4877,0.428,0.5781,0.5662,51
4,1,10,6,0,3,1,4,0.4872,0.425,0.5376,0.1872,87
4,1,10,7,0,3,1,2,0.5592,0.5379,0.4912,0.6388,194
4,1,10,8,0,3,1,2,0.4883,0.4428,0.5407,0.1929,448
4,1,10,9,0,3,1,3,0.3218,0.3389,0.5506,0.3225,166
4,1,10,10,0,3,1,1,0.4559,0.436,0.5426,0.2108,191
4,1,10,11,0,3,1,2,0.2824,0.2293,0.8355,0.215,205
4,1,10,12,0,3,1,2,0.4082,0.3834,0.4715,0.2087,221
4,1,10,13,0,3,1,2,0.385,0.3392,0.7388,0.4284,162
4,1,10,14,0,3,1,3,0.4593,0.4351,0.7337,0.1849,119
4,1,10,15,0,3,1,2,0.357,0.3743,0.7433,0.1319,206
4,1,10,16,0,3,1,2,0.3591,0.3388,0.6638,0.2522,253
4,1,10,17,0,3,1,3,0.4497,0.4094,0.8214,0.2715,200
4,1,10,18,0,3,1,2,0.4968,0.4875,0.6696,0.5085,296
4,1,10,19,0,3,1,1,0.4148,0.3834,0.6442,0.2489,221
4,1,10,20,0,3,1,1,0.5772,0.5665,0.8094,0.2347,182
4,1,10,21,0,3,1,2,0.3906,0.3829,0.6487,0.1361,139
4,1,10,22,0,3,1,1,0.4622,0.4095,0.4786,0.0739,150
4,1,10,23,0,3,1,2,0.4385,0.3792,0.7296,0.0505,90
4,1,10,0,0,4,1,2,0.3864,0.3579,0.7996,0.4654,29
4,1,10,1,0,4,1,1,0.5022,0.4913,0.7045,0.1914,21
4,1,10,2,0,4,1,3,0.348,0.3844,0.6259,0.3092,9
4,1,10,3,0,4,1,2,0.2651,0.2197,0.7007,0.07,9
4,1,10,4,0,4,1,3,0.4015,0.353,0.7513,0.126,16
4,1,10,5,0,4,1,1,0.3924,0.4037,0.5455,0.4268,45
4,1,10,6,0,4,1,1,0.4848,0.4678,0.4245,0.3981,166
4,1,10,7,0,4,1,2,0.3229,0.3028,0.6529,0.1903,213
4,1,10,8,0,4,1,2,0.447,0.4462,0.7939,0.3241,315
4,1,10,9,0,4,1,3,0.4385,0.4552,0.533,0.611,166
4,1,10,10,0,4,1,3,0.433,0.4438,0.5157,0.2158,138
4,1,10,11,0,4,1,1,0.4834,0.4396,0.6937,0.46,196
4,1,10,12,0,4,1,1,0.4087,0.4028,0.6415,0.3297,270
4,1,10,13,0,4,1,2,0.414,0.4286,0.5863,0.124,189
4,1,10,14,0,4,1,1,0.4419,0.4125,0.809,0.3639,203
4,1,10,15,0,4,1,3,0.4032,0.3956,0.5888,0.2131,145
4,1,10,16,0,4,1,2,0.3156,0.2836,0.7124,0.4119,238
4,1,10,17,1,4,0,2,0.3816,0.3353,0.7701,0.3412,136
4,1,10,18,0,4,1,3,0.3922,0.3865,0.6444,0.0878,217
4,1,10,19,0,4,1,1,0.371,0.3816,0.7704,0.3935,260
4,1,10,20,0,4,1,1,0.3882,0.3932,0.7495,0.1149,193
4,1,10,21,0,4,1,2,0.4229,0.3632,0.6914,0.5904,101
4,1,10,22,0,4,1,2,0.3912,0.4125,0.6244,0.2504,95
4,1,10,23,0,4,1,2,0.4701,0.4656,0.8411,0.3906,65
4,1,10,0,0,5,0,1,0.467,0.4791,0.7781,0.1889,27
4,1,10,1,0,5,0,2,0.2396,0.2014,0.7579,0.3254,10
4,1,10,2,0,5,0,1,0.3058,0.3175,0.6761,0.1416,9
4,1,10,3,0,5,0,1,0.2378,0.2469,0.6045,0.0958,7
4,1,10,4,0,5,0,4,0.387,0.3315,0.4371,0.2524,7
4,1,10,5,0,5,0,1,0.3826,0.3785,0.7321,0.1556,35
4,1,10,6,0,5,0,1,0.4167,0.3668,0.6292,0.1531,79
4,1,10,7,0,5,0,1,0.4651,0.4442,0.6958,0.6448,207
4,1,10,8,0,5,0,3,0.4031,0.4544,0.9653,0.2184,191
4,1,10,9,0,5,0,1,0.3639,0.3563,0.8193,0.653,115
4,1,10,10,0,5,0,1,0.4058,0.3841,0.7229,0.2087,102
4,1,10,11,0,5,0,1,0.3715,0.3104,0.6571,0.3227,155
4,1,10,12,0,5,0,2,0.3027,0.2982,0.7629,0.5069,134
4,1,10,13,0,5,0,1,0.4732,0.4469,0.7779,0.1791,175
4,1,10,14,0,5,0,2,0.4358,0.3557,0.6227,0.1471,110
4,1,10,15,1,5,0,2,0.5075,0.4514,0.6378,0.1703,68
4,1,10,16,0,5,0,2,0.3195,0.3322,0.6974,0.2954,198
4,1,10,17,0,5,0,1,0.2931,0.3192,0.5784,0.2606,250
4,1,10,18,0,5,0,2,0.3406,0.3278,0.5868,0.2422,229
4,1,10,19,0,5,0,1,0.434,0.4447,0.5339,0.1245,173
4,1,10,20,0,5,0,1,0.4662,0.4459,0.8783,0.4476,125
4,1,10,21,0,5,0,2,0.4262,0.3842,0.5074,0.1575,100
4,1,10,22,0,5,0,1,0.4162,0.4634,0.5118,0.184,97
4,1,10,23,0,5,0,1,0.4659,0.4023,0.3953,0.3914,51
4,1,10,0,0,6,0,1,0.3697,0.366,0.7433,0.3623,29
4,1,10,1,0,6,0,1,0.4758,0.4345,0.5554,0.5121,13
4,1,10,2,0,6,0,1,0.5408,0.5096,0.76,0.5052,8
4,1,10,3,1,6,0,1,0.3275,0.3608,0.6632,0.2249,5
4,1,10,4,0,6,0,2,0.3841,0.3683,0.8218,0.7133,10
4,1,10,5,0,6,0,1,0.3046,0.2817,0.567,0.5121,35
4,1,10,6,0,6,0,1,0.3343,0.3032,0.6761,0.3206,120
4,1,10,7,0,6,0,3,0.4294,0.4268,0.8024,0.1027,151
4,1,10,8,0,6,0,2,0.2839,0.2433,0.8149,0.1072,224
4,1,10,9,0,6,0,2,0.3473,0.3348,0.7994,0.2677,167
4,1,10,10,0,6,0,2,0.4756,0.4498,0.7356,0.291,106
4,1,10,11,0,6,0,1,0.4175,0.3752,0.666,0.446,144
4,1,10,12,0,6,0,1,0.4556,0.3919,0.7392,0.1822,192
4,1,10,13,0,6,0,2,0.3113,0.2988,0.5119,0.0121,133
4,1,10,14,0,6,0,3,0.4066,0.3771,0.6238,0.2174,84
4,1,10,15,0,6,0,1,0.534,0.516,0.8383,0.1404,171
4,1,10,16,0,6,0,2,0.3556,0.2748,0.7798,0.4216,125
4,1,10,17,0,6,0,1,0.3677,0.3376,0.5227,0.169,249
4,1,10,18,0,6,0,1,0.4426,0.4481,0.7113,0.1093,229
4,1,10,19,0,6,0,1,0.3389,0.2745,0.5608,0.0847,183
4,1,10,20,0,6,0,4,0.4521,0.4877,0.6349,0.673,74
4,1,10,21,0,6,0,1,0.2761,0.2752,0.8469,0.1591,115
4,1,10,22,0,6,0,1,0.2321,0.2182,0.4507,0.2652,77
4,1,10,23,0,6,0,2,0.4239,0.4079,0.5158,0.0888,47
4,1,10,0,0,0,1,1,0.3291,0.289,0.687,0.2145,38
4,1,10,1,0,0,1,3,0.3581,0.3847,0.7253,0.5074,9
4,1,10,2,0,0,1,1,0.459,0.4434,0.6328,0.0996,12
4,1,10,3,0,0,1,3,0.4414,0.4232,0.8079,0.2081,7
4,1,10,4,0,0,1,1,0.3118,0.3282,0.6414,0.0543,19
4,1,10,5,0,0,1,1,0.4341,0.4259,0.7015,0.4058,62
4,1,10,6,0,0,1,2,0.3767,0.3394,0.6758,0.2089,118
4,1,10,7,0,0,1,3,0.4269,0.4065,0.6383,0.5654,190
4,1,10,8,0,0,1,1,0.3963,0.3954,0.7585,0.1387,387
4,1,10,9,0,0,1,1,0.2924,0.2815,0.572,0.5308,227
4,1,10,10,0,0,1,1,0.3478,0.2919,0.8241,0.0896,161
4,1,10,11,0,0,1,1,0.2288,0.2613,0.7847,0.2573,187
4,1,10,12,0,0,1,2,0.4106,0.3968,0.7866,0.0334,261
4,1,10,13,0,0,1,3,0.4255,0.3942,0.9427,0.4794,142
4,1,10,14,0,0,1,2,0.3484,0.3524,0.7195,0.1819,154
4,1,10,15,0,0,1,1,0.3896,0.3572,0.6838,0.1263,238
4,1,10,16,0,0,1,2,0.3295,0.269,0.7251,0.2301,247
4,1,10,17,0,0,1,2,0.4856,0.4631,0.6196,0.1254,338
4,1,10,18,0,0,1,1,0.3077,0.3142,0.6586,0.2136,311
4,1,10,19,1,0,0,1,0.3759,0.3508,0.5691,0.1829,112
4,1,10,20,0,0,1,2,0.3068,0.2863,0.832,0.571,126
4,1,10,21,0,0,1,2,0.4141,0.3896,0.5482,0.1598,129
4,1,10,22,0,0,1,1,0.4703,0.4455,0.5708,0.2761,101
4,1,10,23,0,0,1,2,0.2524,0.2459,0.6434,0.072,76
4,1,10,0,0,1,1,2,0.4393,0.443,0.5364,0.2551,23
4,1,10,1,0,1,1,3,0.5077,0.5062,0.5906,0.2817,12
4,1,10,2,0,1,1,3,0.4025,0.4451,0.6261,0.4804,7
4,1,10,3,0,1,1,1,0.3462,0.383,0.7642,0.5883,13
4,1,10,4,0,1,1,1,0.3908,0.3472,0.495,0.1883,21
4,1,10,5,0,1,1,2,0.3553,0.3324,0.6061,0.5338,43
4,1,10,6,0,1,1,2,0.531,0.5278,0.7047,0.038,135
4,1,10,7,0,1,1,1,0.4519,0.3773,0.7288,0.227,261
4,1,10,8,0,1,1,2,0.4565,0.4448,0.98,0.321,314
4,1,10,9,0,1,1,3,0.5443,0.4931,0.8443,0.1685,166
4,1,10,10,0,1,1,1,0.4876,0.4633,0.867,0.3303,181
4,1,10,11,0,1,1,1,0.385,0.3678,0.4845,0.2671,180
4,1,10,12,0,1,1,1,0.3952,0.3241,0.7089,0.4763,211
4,1,10,13,0,1,1,1,0.5587,0.605,0.7442,0.4045,248
4,1,10,14,0,1,1,2,0.3417,0.3101,0.522,0.4144,155
4,1,10,15,0,1,1,1,0.3815,0.4072,0.6404,0.5564,167
4,1,10,16,0,1,1,2,0.3226,0.2591,0.7661,0.1649,252
4,1,10,17,0,1,1,1,0.2662,0.2349,0.773,0.0582,326
4,1,10,18,0,1,1,2,0.3319,0.3404,0.8218,0.2768,361
4,1,10,19,0,1,1,1,0.3333,0.3105,0.6846,0.1533,287
4,1,10,20,0,1,1,2,0.3497,0.3574,0.6039,0.4664,174
4,1,10,21,0,1,1,1,0.4363,0.4347,0.7416,0.1405,141
4,1,10,22,0,1,1,2,0.3926,0.3493,0.6931,0.3521,94
4,1,10,23,0,1,1,1,0.4642,0.4789,0.7251,0.5087,80
4,1,10,0,0,2,1,2,0.3999,0.3982,0.4453,0.4227,30
4,1,10,1,0,2,1,1,0.4018,0.3394,0.6694,0.0507,19
4,1,10,2,0,2,1,1,0.3689,0.3546,0.7199,0.1803,10
4,1,10,3,0,2,1,2,0.5256,0.5199,0.6692,0.2941,9
4,1,10,4,0,2,1,1,0.3597,0.3397,0.6529,0.1762,20
4,1,10,5,1,2,0,3,0.4535,0.4333,0.6528,0.314,16
4,1,10,6,0,2,1,2,0.3065,0.3068,0.5635,0.1052,129
4,1,10,7,0,2,1,1,0.3722,0.3056,0.7721,0.2506,350
4,1,10,8,0,2,1,3,0.5298,0.4983,0.6333,0.0302,291
4,1,10,9,0,2,1,1,0.4372,0.4051,0.3672,0.2004,229
4,1,10,10,0,2,1,2,0.2913,0.3004,0.5952,0.0282,180
4,1,10,11,0,2,1,1,0.3171,0.2853,0.5768,0.0391,229
4,1,10,12,0,2,1,2,0.5014,0.5358,0.6295,0.2341,202
4,1,10,13,0,2,1,2,0.3955,0.3591,0.5908,0.3463,158
4,1,10,14,0,2,1,1,0.37,0.3187,0.6554,0.0989,212
4,1,10,15,0,2,1,2,0.3348,0.3558,0.6922,0.5043,195
4,1,10,16,0,2,1,1,0.3671,0.3675,0.5735,0.36,306
4,1,10,17,0,2,1,2,0.4883,0.4762,0.6747,0.1975,324
4,1,10,18,0,2,1,1,0.3403,0.3168,0.7482,0.4381,304
4,1,10,19,0,2,1,1,0.3471,0.3199,0.6257,0.2122,227
4,1,10,20,0,2,1,1,0.4313,0.4242,0.7477,0.5175,189
4,1,10,21,0,2,1,2,0.3165,0.2844,0.8273,0.5452,102
4,1,10,22,0,2,1,3,0.3238,0.3617,0.5554,0.2668,98
4,1,10,23,0,2,1,3,0.3897,0.3781,0.704,0.3352,62
4,1,10,0,0,3,1,2,0.3873,0.3605,0.9126,0.2845,38
4,1,10,1,1,3,0,2,0.3285,0.3003,0.6971,0.2522,6
4,1,10,2,0,3,1,3,0.4182,0.3615,0.5691,0.6004,8
4,1,10,3,0,3,1,2,0.4004,0.4023,0.7269,0.1945,12
4,1,10,4,0,3,1,1,0.247,0.2116,0.6481,0.2262,17
4,1,10,5,0,3,1,2,0.4398,0.4139,0.5163,0.1848,48
4,1,10,6,0,3,1,1,0.3453,0.4044,0.6479,0.5265,126
4,1,10,7,0,3,1,2,0.4415,0.3654,0.5308,0.2888,314
4,1,10,8,0,3,1,1,0.5307,0.5012,0.4711,0.3639,278
4,1,10,9,0,3,1,1,0.3804,0.3204,0.7724,0.1226,273
4,1,10,10,0,3,1,2,0.34,0.3069,0.3875,0.0742,179
4,1,10,11,0,3,1,1,0.4816,0.4533,0.8359,0.3798,240
4,1,10,12,0,3,1,3,0.3264,0.271,0.7365,0.1022,163
4,1,10,13,1,3,0,3,0.5176,0.504,0.8476,0.2852,57
4,1,10,14,0,3,1,2,0.3527,0.3791,0.8681,0.0581,128
4,1,10,15,0,3,1,2,0.3412,0.3342,0.8032,0.3698,191
4,1,10,16,0,3,1,1,0.5507,0.5484,0.6169,0.0913,317
4,1,10,17,0,3,1,1,0.4105,0.4387,0.5939,0.4225,258
4,1,10,18,0,3,1,3,0.4987,0.4919,0.6819,0.3084,251
4,1,10,19,0,3,1,1,0.3833,0.2935,0.7876,0.1146,264
4,1,10,20,0,3,1,1,0.3783,0.3648,0.8955,0.1863,213
4,1,10,21,0,3,1,1,0.1804,0.0963,0.5477,0.3939,159
4,1,10,22,0,3,1,2,0.4559,0.4115,0.7657,0.1234,97
4,1,10,23,0,3,1,2,0.4121,0.3465,0.6731,0.3883,63
4,1,10,0,0,4,1,1,0.3731,0.3627,0.6731,0.1005,39
4,1,10,1,1,4,0,1,0.4224,0.3744,0.7461,0.383,8
4,1,10,2,0,4,1,2,0.3837,0.3735,0.3591,0.0994,11
4,1,10,3,0,4,1,1,0.3149,0.3226,0.6715,0.0272,11
4,1,10,4,0,4,1,1,0.4064,0.3573,0.5197,0.5205,17
4,1,10,5,0,4,1,1,0.3676,0.3568,0.7562,0.5433,55
4,1,10,6,0,4,1,2,0.4328,0.3326,0.7056,0.0844,105
4,1,10,7,0,4,1,1,0.3614,0.2985,0.8713,0.0764,305
4,1,10,8,0,4,1,1,0.3482,0.3688,0.8475,0.3992,357
4,1,10,9,0,4,1,2,0.3429,0.2993,0.5957,0.2352,188
4,1,10,10,0,4,1,1,0.3191,0.2874,0.7012,0.3396,175
4,1,10,11,0,4,1,3,0.3444,0.3026,0.8616,0.5398,126
4,1,10,12,0,4,1,3,0.4112,0.3387,0.7257,0.2714,186
4,1,10,13,0,4,1,2,0.3285,0.2811,0.755,0.2377,162
4,1,10,14,0,4,1,1,0.2987,0.2836,0.8665,0.3726,182
4,1,10,15,0,4,1,1,0.4362,0.4029,0.8475,0.1862,207
4,1,10,16,0,4,1,2,0.3713,0.3849,0.6948,0.0638,276
4,1,10,17,0,4,1,1,0.4347,0.3944,0.8007,0.1639,416
4,1,10,18,0,4,1,2,0.3656,0.3469,0.7807,0.1485,235
4,1,10,19,0,4,1,1,0.341,0.3076,0.8758,0.2269,255
4,1,10,20,0,4,1,2,0.2589,0.274,0.6857,0.2564,155
4,1,10,21,0,4,1,1,0.3019,0.2438,0.8256,0.1427,164
4,1,10,22,0,4,1,2,0.3199,0.3182,0.626,0.2756,128
4,1,10,23,0,4,1,1,0.4006,0.3928,0.7313,0.2575,76
4,1,10,0,0,5,0,1,0.3692,0.3261,0.7829,0.6494,29
4,1,10,1,0,5,0,1,0.3051,0.2868,0.7588,0.2482,12
4,1,10,2,0,5,0,1,0.1822,0.1847,0.7137,0.0895,8
4,1,10,3,0,5,0,4,0.4092,0.368,0.6731,0.4428,4
4,1,10,4,0,5,0,1,0.4383,0.395,0.7623,0.0269,16
4,1,10,5,0,5,0,1,0.4444,0.3853,0.7386,0.2868,36
4,1,10,6,0,5,0,2,0.3093,0.3545,0.6897,0.1094,60
4,1,10,7,0,5,0,1,0.4487,0.4123,0.7576,0.5151,213
4,1,10,8,0,5,0,3,0.4165,0.3589,0.4966,0.248,207
4,1,10,9,0,5,0,1,0.4161,0.3423,0.727,0.0934,179
4,1,10,10,0,5,0,3,0.3342,0.2934,0.4711,0.1322,74
4,1,10,11,0,5,0,2,0.3676,0.3572,0.5696,0.279,100
4,1,10,12,0,5,0,1,0.5051,0.4721,0.715,0.1693,172
4,1,10,13,0,5,0,1,0.4943,0.4801,0.669,0.2073,141
4,1,10,14,0,5,0,2,0.3735,0.3763,0.4719,0.2331,84
4,1,10,15,0,5,0,2,0.3903,0.3662,0.4481,0.4513,111
4,1,10,16,0,5,0,1,0.2232,0.2082,0.6329,0.1711,216
4,1,10,17,0,5,0,2,0.4611,0.485,0.4553,0.4489,189
4,1,10,18,0,5,0,2,0.429,0.4297,0.5079,0.1835,202
4,1,10,19,0,5,0,2,0.401,0.3925,0.6007,0.6362,148
4,1,10,20,0,5,0,2,0.3347,0.3077,0.7757,0.6907,84
4,1,10,21,0,5,0,3,0.3815,0.3827,0.5298,0.5592,67
4,1,10,22,1,5,0,2,0.4795,0.466,0.4106,0.5762,37
4,1,10,23,0,5,0,1,0.4022,0.3915,0.83,0.4666,34
4,1,10,0,0,6,0,1,0.557,0.5506,0.7706,0.1909,30
4,1,10,1,0,6,0,1,0.4295,0.4179,0.7113,0.2691,15
4,1,10,2,0,6,0,1,0.3084,0.2474,0.6635,0.0726,8
4,1,10,3,1,6,0,1,0.344,0.3284,0.9187,0.324,5
4,1,10,4,0,6,0,2,0.3231,0.2735,0.7062,0.4346,10
4,1,10,5,0,6,0,1,0.4328,0.4301,0.6779,0.3003,39
4,1,10,6,0,6,0,2,0.4535,0.3838,0.6463,0.0448,83
4,1,10,7,0,6,0,1,0.4929,0.4673,0.7199,0.2495,209
4,1,10,8,0,6,0,1,0.3495,0.3337,0.5799,0.1828,286
4,1,10,9,0,6,0,1,0.4055,0.3508,0.8013,0.1851,192
4,1,10,10,0,6,0,1,0.4624,0.4368,0.824,0.3598,139
4,1,10,11,0,6,0,1,0.4812,0.4802,0.8205,0.2708,142
4,1,10,12,1,6,0,1,0.2866,0.2556,0.662,0.103,110
4,1,10,13,0,6,0,2,0.4162,0.404,0.7128,0.2334,128
4,1,10,14,0,6,0,1,0.2892,0.29,0.5086,0.529,112
4,1,10,15,0,6,0,1,0.3306,0.2821,0.5172,0.3543,130
4,1,10,16,0,6,0,1,0.2813,0.2684,0.7601,0.2829,208
4,1,10,17,1,6,0,1,0.3293,0.3065,0.7774,0.1502,162
4,1,10,18,0,6,0,1,0.2713,0.2573,0.4584,0.4223,208
4,1,10,19,0,6,0,1,0.29,0.2274,0.5135,0.3166,214
4,1,10,20,0,6,0,2,0.3094,0.2517,0.5558,0.0899,128
4,1,10,21,0,6,0,2,0.394,0.4109,0.7091,0.042,112
4,1,10,22,0,6,0,3,0.3751,0.3791,0.6159,0.3817,50
4,1,10,23,0,6,0,2,0.2577,0.2514,0.5279,0.2376,46
4,1,10,0,0,0,1,1,0.5606,0.5596,0.6296,0.2404,31
4,1,10,1,0,0,1,1,0.3345,0.278,0.6277,0.3847,17
4,1,10,2,0,0,1,3,0.2756,0.255,0.7763,0.5789,9
4,1,10,3,0,0,1,1,0.4094,0.3793,0.6354,0.4334,12
4,1,10,4,0,0,1,2,0.3683,0.3268,0.8427,0.3494,13
4,1,10,5,0,0,1,2,0.3118,0.2622,0.422,0.3482,44
4,1,10,6,1,0,0,2,0.396,0.4157,0.7221,0.2168,46
4,1,10,7,0,0,1,1,0.3216,0.2866,0.9192,0.4243,283
4,1,10,8,0,0,1,1,0.348,0.3441,0.651,0.2639,352
4,1,10,9,0,0,1,1,0.4713,0.4577,0.6338,0.2286,214
4,1,10,10,0,0,1,1,0.3773,0.3898,0.5877,0.1267,186
4,1,10,11,0,0,1,1,0.4117,0.4131,0.4926,0.1985,211
4,1,10,12,0,0,1,2,0.3321,0.3063,0.7943,0.1486,168
4,1,10,13,0,0,1,1,0.3794,0.3225,0.5725,0.3082,228
4,1,10,14,0,0,1,1,0.3147,0.3257,0.776,0.2096,169
4,1,10,15,1,0,0,1,0.3116,0.3327,0.7143,0.2955,96
4,1,10,16,0,0,1,3,0.3398,0.3967,0.7462,0.1164,213
4,1,10,17,0,0,1,1,0.32,0.3334,0.5539,0.4724,400
4,1,10,18,0,0,1,1,0.4413,0.4001,0.7084,0.3114,269
4,1,10,19,0,0,1,2,0.4092,0.3735,0.6678,0.2463,207
4,1,10,20,0,0,1,1,0.2082,0.1355,0.6902,0.2018,206
4,1,10,21,0,0,1,1,0.4894,0.4405,0.3657,0.0297,163
4,1,10,22,0,0,1,1,0.4135,0.3548,0.7303,0.4628,102
4,1,10,23,0,0,1,3,0.4488,0.444,0.9352,0.576,48
4,1,10,0,0,1,1,2,0.3526,0.3637,0.5139,0.3231,27
4,1,10,1,0,1,1,2,0.26,0.3148,0.7806,0.0766,19
4,1,10,2,1,1,0,3,0.2719,0.3509,0.6387,0.2377,3
4,1,10,3,0,1,1,2,0.4841,0.4674,0.5426,0.0338,11
4,1,10,4,0,1,1,1,0.2507,0.2207,0.5827,0.4054,19
4,1,10,5,0,1,1,2,0.2634,0.2385,0.842,0.027,57
4,1,10,6,0,1,1,2,0.3343,0.2968,0.7017,0.1491,142
4,1,10,7,0,1,1,1,0.2677,0.3246,0.6519,0.1025,288
4,1,10,8,0,1,1,2,0.4019,0.2987,0.4782,0.3105,376
4,1,10,9,0,1,1,1,0.4074,0.4356,0.733,0.2328,262
4,1,10,10,0,1,1,1,0.3936,0.3459,0.7966,0.5394,132
4,1,10,11,0,1,1,1,0.3216,0.2938,0.7032,0.1778,197
4,1,10,12,0,1,1,1,0.3848,0.2882,0.5299,0.3171,282
4,1,10,13,0,1,1,3,0.4895,0.4966,0.7302,0.0404,151
4,1,10,14,0,1,1,2,0.2642,0.2748,0.8902,0.0194,149
4,1,10,15,0,1,1,1,0.4428,0.3878,0.6479,0.1945,252
4,1,10,16,0,1,1,2,0.4212,0.4333,0.7913,0.1043,261
4,1,10,17,0,1,1,2,0.3572,0.3668,0.6403,0.3932,356
4,1,10,18,1,1,0,1,0.3763,0.3415,0.6455,0.1906,155
4,1,10,19,0,1,1,2,0.3896,0.3085,0.6916,0.1597,246
4,1,10,20,0,1,1,2,0.2963,0.2749,0.6237,0.5346,163
4,1,10,21,0,1,1,1,0.2503,0.2691,0.6122,0.2987,167
4,1,10,22,0,1,1,2,0.4281,0.3792,0.6693,0.3744,95
4,1,10,23,0,1,1,2,0.2775,0.296,0.7829,0.2142,75
4,1,10,0,0,2,1,2,0.2841,0.244,0.6767,0.0402,31
4,1,10,1,0,2,1,3,0.3245,0.3055,0.6624,0.4962,12
4,1,10,2,0,2,1,3,0.3805,0.3394,0.6904,0.0274,8
4,1,10,3,0,2,1,1,0.3256,0.314,0.857,0.0425,13
4,1,10,4,0,2,1,2,0.3099,0.319,0.5486,0.39,15
4,1,10,5,0,2,1,2,0.4273,0.4548,0.7473,0.4019,45
4,1,10,6,0,2,1,1,0.3373,0.3266,0.7678,0.5012,106
4,1,10,7,0,2,1,3,0.3047,0.2427,0.647,0.1168,223
4,1,10,8,0,2,1,3,0.3882,0.3878,0.8142,0.2402,298
4,1,10,9,0,2,1,2,0.3647,0.3375,0.7794,0.656,136
4,1,10,10,0,2,1,1,0.3626,0.3349,0.7671,0.1486,183
4,1,10,11,0,2,1,1,0.3916,0.3752,0.5141,0.0879,194
4,1,10,12,0,2,1,3,0.351,0.3502,0.6025,0.1981,168
4,1,10,13,0,2,1,3,0.4197,0.3863,0.5866,0.4056,149
4,1,10,14,0,2,1,1,0.2606,0.265,0.7536,0.4924,179
4,1,10,15,0,2,1,1,0.4475,0.4372,0.7749,0.0859,227
4,1,10,16,0,2,1,2,0.2967,0.2993,0.6364,0.237,247
4,1,10,17,0,2,1,1,0.246,0.2601,0.6368,0.3974,335
4,1,10,18,0,2,1,2,0.3054,0.2239,0.9333,0.2684,302
4,1,10,19,0,2,1,3,0.3361,0.3075,0.6908,0.3461,196
4,1,10,20,0,2,1,1,0.3091,0.2891,0.7218,0.2148,215
4,1,10,21,0,2,1,2,0.293,0.2709,0.6387,0.2146,134
4,1,10,22,0,2,1,2,0.4313,0.3838,0.8267,0.2236,90
4,1,10,23,0,2,1,1,0.2996,0.2651,0.7164,0.027,82
4,1,10,0,0,3,1,1,0.1985,0.2042,0.6883,0.3499,41
4,1,10,1,0,3,1,2,0.332,0.3293,0.6934,0.1746,16
4,1,10,2,0,3,1,2,0.4997,0.4757,0.617,0.2631,9
4,1,10,3,0,3,1,2,0.2821,0.2379,0.5533,0.2155,11
4,1,10,4,0,3,1,3,0.2936,0.3047,0.6674,0.0453,13
4,1,10,5,0,3,1,1,0.3283,0.3355,0.853,0.4419,71
4,1,10,6,0,3,1,3,0.4647,0.4748,0.632,0.3177,89
4,1,10,7,0,3,1,2,0.3314,0.2914,0.7931,0.3529,254
4,1,10,8,0,3,1,1,0.2849,0.3795,0.6196,0.4834,360
4,1,10,9,0,3,1,1,0.382,0.3695,0.4414,0.4398,168
4,1,10,10,0,3,1,1,0.3768,0.3352,0.6038,0.2007,185
4,1,10,11,0,3,1,1,0.3906,0.4425,0.4717,0.3164,209
4,1,10,12,0,3,1,3,0.2822,0.2905,0.7563,0.203,154
4,1,10,13,0,3,1,2,0.3171,0.3073,0.4465,0.3564,171
4,1,10,14,0,3,1,1,0.4354,0.4233,0.6764,0.3467,175
4,1,10,15,0,3,1,1,0.3852,0.4044,0.5764,0.185,196
4,1,10,16,0,3,1,2,0.4132,0.4001,0.5918,0.4092,255
4,1,10,17,0,3,1,3,0.3528,0.2834,0.7706,0.3364,253
4,1,10,18,0,3,1,2,0.4305,0.4085,0.6523,0.0416,338
4,1,10,19,0,3,1,1,0.3771,0.3852,0.6629,0.29,261
4,1,10,20,0,3,1,1,0.3199,0.3025,0.6553,0.4255,179
4,1,10,21,0,3,1,1,0.4088,0.3588,0.6191,0.1973,117
4,1,10,22,0,3,1,2,0.2953,0.2795,0.5709,0.1283,97
4,1,10,23,0,3,1,1,0.4646,0.4673,0.4665,0.2194,75
4,1,10,0,0,4,1,1,0.4232,0.4403,0.7121,0.0721,50
4,1,10,1,0,4,1,2,0.3321,0.2822,0.7023,0.2433,14
4,1,10,2,0,4,1,1,0.3396,0.2873,0.8035,0.1781,13
4,1,10,3,0,4,1,4,0.3619,0.342,0.7145,0.2168,7
4,1,10,4,0,4,1,2,0.3405,0.3027,0.6122,0.0386,15
4,1,10,5,0,4,1,1,0.4449,0.4053,0.647,0.4004,57
4,1,10,6,0,4,1,1,0.3149,0.2911,0.7349,0.7364,122
4,1,10,7,0,4,1,2,0.2474,0.258,0.7983,0.3766,256
4,1,10,8,0,4,1,2,0.3345,0.2924,0.6181,0.3253,358
4,1,10,9,0,4,1,1,0.4053,0.35,0.7991,0.182,249
4,1,10,10,0,4,1,3,0.4236,0.3803,0.6573,0.3149,133
4,1,10,11,0,4,1,2,0.3606,0.2971,0.5868,0.1888,229
4,1,10,12,0,4,1,2,0.3082,0.2944,0.5896,0.1654,245
4,1,10,13,0,4,1,1,0.3495,0.3353,0.632,0.325,163
4,1,10,14,0,4,1,1,0.3067,0.3217,0.6648,0.0919,159
4,1,10,15,0,4,1,2,0.1912,0.1499,0.8042,0.3085,188
4,1,10,16,0,4,1,1,0.2929,0.282,0.8928,0.3162,302
4,1,10,17,1,4,0,2,0.3883,0.379,0.6406,0.5406,121
4,1,10,18,0,4,1,1,0.3336,0.2705,0.5004,0.3005,298
4,1,10,19,0,4,1,1,0.331,0.321,0.5953,0.0871,290
4,1,10,20,0,4,1,2,0.4301,0.4163,0.6302,0.2495,188
4,1,10,21,0,4,1,2,0.2851,0.267,0.6997,0.4951,122
4,1,10,22,0,4,1,1,0.292,0.2389,0.4508,0.3988,125
4,1,10,23,0,4,1,2,0.3758,0.3547,0.7931,0.2854,92
4,1,10,0,0,5,0,2,0.2988,0.2252,0.558,0.0679,21
4,1,10,1,0,5,0,1,0.2985,0.2933,0.7028,0.2078,13
4,1,10,2,0,5,0,1,0.4571,0.4565,0.6512,0.1693,6
4,1,10,3,0,5,0,2,0.2736,0.2534,0.5858,0.1356,5
4,1,10,4,0,5,0,2,0.2974,0.3209,0.8269,0.4167,11
4,1,10,5,0,5,0,1,0.3794,0.3395,0.612,0.196,49
4,1,10,6,0,5,0,1,0.3452,0.3061,0.5514,0.2744,96
4,1,10,7,0,5,0,2,0.2525,0.2315,0.7299,0.2867,208
4,1,10,8,1,5,0,1,0.4735,0.5178,0.7715,0.174,230
4,1,10,9,0,5,0,3,0.293,0.2699,0.6422,0.1155,116
4,1,10,10,0,5,0,1,0.3315,0.3792,0.688,0.4183,102
4,1,10,11,0,5,0,2,0.3792,0.3591,0.7814,0.1694,149
4,1,10,12,0,5,0,4,0.5,0.4508,0.6407,0.4584,101
4,1,10,13,0,5,0,1,0.32,0.3626,0.6364,0.4026,171
4,1,10,14,0,5,0,2,0.2843,0.2756,0.7604,0.2937,100
4,1,10,15,0,5,0,1,0.3835,0.3555,0.6481,0.2224,153
4,1,10,16,0,5,0,2,0.4948,0.4959,0.5732,0.4771,126
4,1,10,17,0,5,0,3,0.3582,0.3777,0.6655,0.3867,158
4,1,10,18,0,5,0,3,0.3287,0.2948,0.5505,0.145,170
4,1,10,19,0,5,0,1,0.376,0.3843,0.6579,0.4844,164
4,1,10,20,0,5,0,2,0.2034,0.1864,0.7821,0.1423,110
4,1,10,21,0,5,0,2,0.3056,0.2609,0.5197,0.128,82
4,1,10,22,0,5,0,1,0.2209,0.1886,0.6606,0.1734,74
4,1,10,23,1,5,0,2,0.3234,0.2721,0.7375,0.2098,24
4,1,10,0,0,6,0,1,0.3088,0.296,0.6585,0.1333,29
4,1,10,1,0,6,0,3,0.1601,0.1548,0.8327,0.1158,9
4,1,10,2,0,6,0,3,0.3573,0.3737,0.6724,0.1102,6
4,1,10,3,0,6,0,2,0.388,0.3946,0.7124,0.3031,6
4,1,10,4,0,6,0,1,0.3312,0.3025,0.8318,0.3975,13
4,1,10,5,0,6,0,3,0.2377,0.2201,0.7276,0.5555,30
4,1,10,6,0,6,0,1,0.4333,0.3922,0.6636,0.3839,93
4,1,10,7,0,6,0,2,0.4775,0.4569,0.614,0.0512,163
4,1,10,8,0,6,0,2,0.3727,0.3475,0.6474,0.4263,200
4,1,10,9,0,6,0,1,0.3199,0.3054,0.7069,0.328,183
4,1,10,10,1,6,0,1,0.3208,0.3487,0.5731,0.1399,70
4,1,10,11,0,6,0,1,0.3751,0.4017,0.8237,0.3288,153
4,1,10,12,0,6,0,3,0.351,0.3147,0.9419,0.2552,115
4,1,10,13,0,6,0,2,0.3752,0.3798,0.6669,0.4352,86
4,1,10,14,0,6,0,2,0.3762,0.377,0.4603,0.3468,90
4,1,10,15,0,6,0,2,0.2931,0.2619,0.7589,0.3568,107
4,1,10,16,0,6,0,2,0.2871,0.3151,0.6786,0.3658,215
4,1,10,17,0,6,0,2,0.3251,0.2645,0.7459,0.1251,204
4,1,10,18,0,6,0,2,0.3775,0.3908,0.6618,0.0942,241
4,1,10,19,0,6,0,3,0.2356,0.2203,0.7798,0.5317,130
4,1,10,20,0,6,0,1,0.3287,0.2801,0.5797,0.5211,128
4,1,10,21,0,6,0,3,0.3422,0.3196,0.716,0.5753,67
4,1,10,22,0,6,0,3,0.3107,0.3515,0.7042,0.368,57
4,1,10,23,0,6,0,1,0.4429,0.4961,0.7143,0.1906,44
4,1,11,0,0,0,1,3,0.4271,0.3824,0.7596,0.0686,30
4,1,11,1,0,0,1,3,0.3699,0.3503,0.7761,0.3649,14
4,1,11,2,0,0,1,1,0.4648,0.4359,0.5295,0.1642,15
4,1,11,3,0,0,1,1,0.4023,0.3816,0.7612,0.214,13
4,1,11,4,0,0,1,2,0.3502,0.3815,0.6876,0.3617,14
4,1,11,5,0,0,1,2,0.3075,0.2804,0.6422,0.2989,46
4,1,11,6,0,0,1,1,0.3132,0.2741,0.6995,0.1767,142
4,1,11,7,0,0,1,2,0.3675,0.3358,0.6941,0.2584,234
4,1,11,8,0,0,1,2,0.3148,0.2935,0.6771,0.4728,267
4,1,11,9,0,0,1,1,0.2347,0.246,0.454,0.1267,188
4,1,11,10,0,0,1,1,0.3142,0.3023,0.682,0.1013,196
4,1,11,11,0,0,1,1,0.4128,0.4121,0.6413,0.2774,203
4,1,11,12,0,0,1,2,0.1607,0.1844,0.7067,0.0468,200
4,1,11,13,0,0,1,1,0.4391,0.4087,0.6588,0.1034,204
4,1,11,14,0,0,1,2,0.381,0.3599,0.9204,0.1526,183
4,1,11,15,0,0,1,2,0.3244,0.3229,0.6413,0.1702,185
4,1,11,16,0,0,1,3,0.361,0.3244,0.482,0.2408,206
4,1,11,17,0,0,1,3,0.4081,0.389,0.6533,0.1511,342
4,1,11,18,0,0,1,3,0.3432,0.3578,0.6117,0.4493,213
4,1,11,19,0,0,1,2,0.4072,0.3905,0.69,0.5445,225
4,1,11,20,0,0,1,1,0.4004,0.4186,0.6111,0.1121,213
4,1,11,21,0,0,1,1,0.3531,0.3081,0.7411,0.2684,148
4,1,11,22,0,0,1,2,0.2631,0.2601,0.6634,0.415,94
4,1,11,23,0,0,1,1,0.334,0.3346,0.7075,0.0424,83
4,1,11,0,0,1,1,1,0.1941,0.1939,0.8414,0.325,31
4,1,11,1,0,1,1,1,0.3682,0.3411,0.6727,0.3602,19
4,1,11,2,0,1,1,1,0.3076,0.2485,0.5046,0.3899,13
4,1,11,3,0,1,1,2,0.2939,0.3128,0.607,0.4547,9
4,1,11,4,0,1,1,3,0.3829,0.3214,0.4993,0.0704,14
4,1,11,5,0,1,1,1,0.2481,0.1956,0.5939,0.1992,62
4,1,11,6,0,1,1,1,0.3448,0.345,0.2429,0.2496,135
4,1,11,7,0,1,1,2,0.3132,0.2865,0.7653,0.3238,220
4,1,11,8,0,1,1,1,0.3244,0.3124,0.4865,0.2852,326
4,1,11,9,0,1,1,3,0.3569,0.3005,0.7512,0.1711,189
4,1,11,10,0,1,1,1,0.4646,0.4501,0.5876,0.264,189
4,1,11,11,0,1,1,1,0.3649,0.3717,0.6321,0.1454,230
4,1,11,12,0,1,1,2,0.4321,0.3636,0.8598,0.2131,233
4,1,11,13,0,1,1,2,0.4347,0.4205,0.6271,0.4068,161
4,1,11,14,0,1,1,2,0.3909,0.3984,0.5479,0.7288,156
4,1,11,15,0,1,1,1,0.2079,0.1575,0.6045,0.0981,167
4,1,11,16,0,1,1,1,0.3202,0.3085,0.5153,0.253,303
4,1,11,17,0,1,1,1,0.2606,0.2491,0.7666,0.2749,321
4,1,11,18,0,1,1,2,0.5374,0.5213,0.7307,0.296,294
4,1,11,19,0,1,1,1,0.2667,0.2452,0.6285,0.1797,208
4,1,11,20,0,1,1,1,0.2322,0.1769,0.7567,0.2611,218
4,1,11,21,0,1,1,2,0.1431,0.124,0.7364,0.1527,121
4,1,11,22,0,1,1,2,0.2644,0.2346,0.6314,0.1402,95
4,1,11,23,0,1,1,1,0.3456,0.3263,0.6938,0.1552,84
4,1,11,0,0,2,1,3,0.4093,0.425,0.6356,0.4469,33
4,1,11,1,0,2,1,2,0.2582,0.2007,0.585,0.1468,15
4,1,11,2,0,2,1,3,0.4152,0.4232,0.3577,0.1505,7
4,1,11,3,0,2,1,1,0.3287,0.3653,0.6296,0.2542,11
4,1,11,4,0,2,1,2,0.2992,0.3354,0.6623,0.4652,18
4,1,11,5,0,2,1,1,0.3453,0.3817,0.4957,0.0984,55
4,1,11,6,0,2,1,1,0.4324,0.4165,0.7638,0.1315,121
4,1,11,7,0,2,1,1,0.3367,0.3221,0.6356,0.3765,208
4,1,11,8,1,2,0,1,0.2556,0.1886,0.7129,0.1629,153
4,1,11,9,0,2,1,3,0.3629,0.3382,0.6952,0.1807,153
4,1,11,10,0,2,1,2,0.3617,0.3776,0.6489,0.2948,153
4,1,11,11,0,2,1,1,0.3198,0.2612,0.593,0.2273,210
4,1,11,12,0,2,1,1,0.4047,0.3586,0.5762,0.6198,208
4,1,11,13,0,2,1,1,0.1729,0.1676,0.458,0.2111,176
4,1,11,14,0,2,1,2,0.3582,0.2906,0.8371,0.2991,146
4,1,11,15,0,2,1,1,0.3881,0.4234,0.7005,0.2908,197
4,1,11,16,0,2,1,2,0.2317,0.2377,0.5449,0.3689,245
4,1,11,17,0,2,1,1,0.2293,0.2282,0.729,0.4558,323
4,1,11,18,0,2,1,2,0.403,0.4072,0.522,0.2091,280
4,1,11,19,0,2,1,3,0.4154,0.3844,0.7334,0.0679,182
4,1,11,20,0,2,1,1,0.4283,0.4153,0.713,0.1453,177
4,1,11,21,0,2,1,3,0.2847,0.2411,0.5832,0.2956,104
4,1,11,22,0,2,1,3,0.3472,0.2604,0.4711,0.1381,90
4,1,11,23,0,2,1,2,0.3565,0.3377,0.601,0.2819,65
4,1,11,0,0,3,1,1,0.2099,0.2468,0.6728,0.1371,39
4,1,11,1,0,3,1,2,0.3404,0.3736,0.4725,0.1809,19
4,1,11,2,0,3,1,1,0.3391,0.3165,0.5771,0.0153,10
4,1,11,3,0,3,1,3,0.3815,0.3542,0.817,0.3541,9
4,1,11,4,0,3,1,2,0.2894,0.2282,0.6517,0.2135,20
4,1,11,5,0,3,1,2,0.4169,0.4279,0.9778,0.0603,55
4,1,11,6,0,3,1,2,0.335,0.3309,0.7129,0.0775,100
4,1,11,7,0,3,1,1,0.4491,0.4209,0.6374,0.2178,376
4,1,11,8,0,3,1,2,0.3816,0.3034,0.5526,0.0382,318
4,1,11,9,0,3,1,3,0.3488,0.2773,0.5232,0.4808,164
4,1,11,10,0,3,1,1,0.2466,0.2382,0.6787,0.4714,145
4,1,11,11,0,3,1,1,0.237,0.1788,0.6028,0.6464,194
4,1,11,12,0,3,1,3,0.4414,0.4355,0.622,0.4582,183
4,1,11,13,0,3,1,1,0.3908,0.3889,0.683,0.1388,198
4,1,11,14,0,3,1,3,0.3094,0.2545,0.5788,0.2061,115
4,1,11,15,0,3,1,1,0.3002,0.2866,0.7642,0.3643,198
4,1,11,16,0,3,1,2,0.3449,0.2995,0.6942,0.4671,234
4,1,11,17,0,3,1,2,0.2352,0.2517,0.5902,0.1411,272
4,1,11,18,0,3,1,1,0.2966,0.3805,0.689,0.0431,310
4,1,11,19,0,3,1,1,0.3723,0.3501,0.3867,0.0849,183
4,1,11,20,0,3,1,1,0.3816,0.4069,0.7081,0.482,175
4,1,11,21,0,3,1,2,0.3036,0.3193,0.7061,0.0932,137
4,1,11,22,0,3,1,1,0.4414,0.417,0.4151,0.184,100
4,1,11,23,0,3,1,1,0.4025,0.3984,0.4393,0.036,82
4,1,11,0,0,4,1,2,0.2718,0.2202,0.6243,0.2989,39
4,1,11,1,0,4,1,3,0.2363,0.2286,0.5857,0.2443,12
4,1,11,2,0,4,1,1,0.3672,0.3399,0.6553,0.4232,8
4,1,11,3,0,4,1,2,0.2941,0.3202,0.6686,0.0888,9
4,1,11,4,0,4,1,3,0.2808,0.248,0.8459,0.3388,13
4,1,11,5,0,4,1,2,0.3412,0.2925,0.6192,0.5091,42
4,1,11,6,0,4,1,3,0.376,0.3267,0.7352,0.4957,88
4,1,11,7,0,4,1,2,0.3811,0.3877,0.6057,0.2988,208
4,1,11,8,0,4,1,2,0.3295,0.3075,0.7089,0.4365,323
4,1,11,9,0,4,1,2,0.165,0.1063,0.6124,0.1097,176
4,1,11,10,0,4,1,1,0.3924,0.4032,0.5042,0.3136,166
4,1,11,11,0,4,1,2,0.2692,0.2104,0.5885,0.2691,159
4,1,11,12,0,4,1,2,0.3472,0.3134,0.7077,0.1023,185
4,1,11,13,0,4,1,1,0.3171,0.2949,0.523,0.0652,232
4,1,11,14,0,4,1,1,0.4827,0.4257,0.6716,0.2357,177
4,1,11,15,0,4,1,2,0.4697,0.3953,0.7006,0.3283,136
4,1,11,16,0,4,1,1,0.2935,0.3032,0.7025,0.2747,229
4,1,11,17,0,4,1,1,0.2315,0.2395,0.7509,0.4142,306
4,1,11,18,0,4,1,1,0.237,0.2267,0.9061,0.0874,396
4,1,11,19,0,4,1,1,0.3446,0.3384,0.5092,0.2955,268
4,1,11,20,0,4,1,2,0.2878,0.2224,0.6164,0.2993,164
4,1,11,21,0,4,1,1,0.2478,0.2511,0.6551,0.4247,151
4,1,11,22,0,4,1,1,0.289,0.2869,0.6015,0.2079,109
4,1,11,23,0,4,1,1,0.3572,0.3526,0.8023,0.2724,85
4,1,11,0,0,5,0,3,0.3164,0.3138,0.811,0.4234,19
4,1,11,1,0,5,0,3,0.2881,0.3036,0.9303,0.1743,9
4,1,11,2,0,5,0,1,0.2969,0.2786,0.6447,0.242,8
4,1,11,3,0,5,0,1,0.3106,0.2969,0.5238,0.2851,7
4,1,11,4,0,5,0,1,0.3375,0.2806,0.6342,0.2508,12
4,1,11,5,0,5,0,1,0.3416,0.3451,0.5458,0.1426,32
4,1,11,6,0,5,0,2,0.2065,0.1761,0.7615,0.3706,67
4,1,11,7,1,5,0,2,0.3336,0.299,0.7524,0.067,86
4,1,11,8,0,5,0,2,0.2966,0.2695,0.7545,0.2622,218
4,1,11,9,0,5,0,3,0.2509,0.2062,0.9128,0.2577,115
4,1,11,10,0,5,0,2,0.2958,0.2778,0.6639,0.2496,84
4,1,11,11,0,5,0,1,0.4028,0.4074,0.585,0.3032,135
4,1,11,12,0,5,0,2,0.3785,0.3262,0.6568,0.2662,143
4,1,11,13,0,5,0,1,0.3287,0.3118,0.5457,0.1652,165
4,1,11,14,0,5,0,2,0.2591,0.2661,0.5794,0.2245,84
4,1,11,15,0,5,0,1,0.2267,0.141,0.6639,0.223,169
4,1,11,16,0,5,0,1,0.256,0.2988,0.7215,0.278,240
4,1,11,17,0,5,0,1,0.3228,0.2928,0.5623,0.1549,254
4,1,11,18,0,5,0,1,0.3242,0.28,0.5047,0.0998,263
4,1,11,19,0,5,0,1,0.2763,0.2649,0.7479,0.2524,166
4,1,11,20,0,5,0,2,0.3834,0.3439,0.5571,0.0501,124
4,1,11,21,0,5,0,1,0.3488,0.3293,0.6802,0.4698,110
4,1,11,22,0,5,0,3,0.1363,0.107,0.7995,0.0174,73
4,1,11,23,0,5,0,1,0.3295,0.3469,0.7595,0.3273,59
4,1,11,0,0,6,0,3,0.3711,0.4331,0.733,0.5498,16
4,1,11,1,0,6,0,1,0.3324,0.3375,0.7925,0.6608,15
4,1,11,2,0,6,0,1,0.3589,0.347,0.6905,0.0858,9
4,1,11,3,0,6,0,1,0.2998,0.2682,0.5291,0.5128,7
4,1,11,4,0,6,0,1,0.3137,0.3298,0.9572,0.224,13
4,1,11,5,0,6,0,1,0.3151,0.2763,0.7152,0.3011,41
4,1,11,6,0,6,0,2,0.3311,0.3241,0.719,0.2936,74
4,1,11,7,0,6,0,1,0.2777,0.2482,0.683,0.3298,214
4,1,11,8,0,6,0,1,0.3947,0.3373,0.4578,0.3209,250
4,1,11,9,0,6,0,1,0.4178,0.3905,0.5574,0.3502,170
4,1,11,10,1,6,0,2,0.2811,0.2374,0.8587,0.2955,55
4,1,11,11,0,6,0,1,0.2364,0.2689,0.431,0.3438,152
4,1,11,12,0,6,0,1,0.2241,0.1902,0.6479,0.078,225
4,1,11,13,0,6,0,1,0.3466,0.3253,0.6944,0.2035,174
4,1,11,14,0,6,0,2,0.3594,0.3219,0.62,0.1096,102
4,1,11,15,0,6,0,2,0.3469,0.2925,0.9049,0.264,126
4,1,11,16,0,6,0,1,0.3529,0.3558,0.4776,0.0394,147
4,1,11,17,0,6,0,2,0.2784,0.2617,0.5748,0.1073,226
4,1,11,18,0,6,0,1,0.1789,0.2403,0.7008,0.1079,233
4,1,11,19,0,6,0,2,0.2834,0.3007,0.7098,0.4785,149
4,1,11,20,0,6,0,2,0.434,0.4144,0.6742,0.3972,118
4,1,11,21,0,6,0,2,0.3368,0.3309,0.6946,0.1158,80
4,1,11,22,0,6,0,1,0.3479,0.3278,0.5856,0.479,81
4,1,11,23,0,6,0,2,0.3816,0.3317,0.6214,0.1706,45
4,1,11,0,0,0,1,2,0.2558,0.1999,0.5357,0.3735,27
4,1,11,1,0,0,1,2,0.3302,0.2821,0.7096,0.315,16
4,1,11,2,1,0,0,2,0.3504,0.373,0.4574,0.1047,4
4,1,11,3,0,0,1,2,0.2493,0.2446,0.4978,0.3604,10
4,1,11,4,0,0,1,1,0.3401,0.3392,0.7671,0.3584,19
4,1,11,5,0,0,1,1,0.4053,0.4086,0.5908,0.2377,59
4,1,11,6,0,0,1,1,0.2865,0.2662,0.9512,0.0938,155
4,1,11,7,0,0,1,1,0.194,0.1662,0.6061,0.1849,231
4,1,11,8,0,0,1,1,0.3267,0.3709,0.6068,0.3647,336
4,1,11,9,0,0,1,2,0.2686,0.2711,0.8199,0.2835,139
4,1,11,10,0,0,1,2,0.3273,0.261,0.7793,0.4018,136
4,1,11,11,0,0,1,2,0.2556,0.1902,0.6384,0.5738,151
4,1,11,12,0,0,1,2,0.3189,0.3254,0.6509,0.1623,178
4,1,11,13,0,0,1,1,0.4005,0.354,0.7825,0.1644,202
4,1,11,14,0,0,1,1,0.3126,0.2931,0.6862,0.2023,207
4,1,11,15,0,0,1,1,0.1992,0.1236,0.6218,0.1763,234
4,1,11,16,0,0,1,2,0.3409,0.31,0.6399,0.5175,258
4,1,11,17,0,0,1,1,0.316,0.3276,0.8987,0.2658,395
4,1,11,18,0,0,1,1,0.3295,0.297,0.6246,0.1763,288
4,1,11,19,0,0,1,1,0.3827,0.3285,0.6242,0.3743,193
4,1,11,20,0,0,1,2,0.2778,0.2566,0.6571,0.2842,134
4,1,11,21,0,0,1,3,0.2944,0.2808,0.6693,0.5024,99
4,1,11,22,0,0,1,3,0.2425,0.2198,0.5731,0.4296,77
4,1,11,23,0,0,1,1,0.3281,0.2644,0.8536,0.0443,78
4,1,11,0,0,1,1,2,0.3227,0.3184,0.6177,0.2178,33
4,1,11,1,0,1,1,1,0.2928,0.261,0.7219,0.4887,19
4,1,11,2,0,1,1,2,0.3633,0.3504,0.859,0.2247,11
4,1,11,3,0,1,1,1,0.2384,0.1972,0.622,0.3315,11
4,1,11,4,0,1,1,1,0.3199,0.3413,0.7104,0.2516,18
4,1,11,5,0,1,1,2,0.3531,0.3568,0.5153,0.5171,50
4,1,11,6,0,1,1,1,0.2731,0.2486,0.5696,0.2962,126
4,1,11,7,0,1,1,3,0.2148,0.2132,0.6799,0.1145,193
4,1,11,8,0,1,1,1,0.1923,0.2318,0.6154,0.3389,329
4,1,11,9,0,1,1,3,0.3219,0.341,0.7539,0.1294,175
4,1,11,10,0,1,1,1,0.4296,0.4534,0.602,0.0209,199
4,1,11,11,0,1,1,1,0.2683,0.2731,0.6324,0.3439,214
4,1,11,12,0,1,1,2,0.3426,0.3092,0.5889,0.3915,158
4,1,11,13,0,1,1,2,0.1412,0.1518,0.7972,0.1225,204
4,1,11,14,0,1,1,3,0.3371,0.3712,0.6402,0.4397,98
4,1,11,15,0,1,1,2,0.2348,0.2412,0.5863,0.1548,148
4,1,11,16,0,1,1,2,0.2835,0.2445,0.5594,0.374,279
4,1,11,17,0,1,1,1,0.3165,0.3027,0.5332,0.0993,377
4,1,11,18,0,1,1,3,0.1947,0.2078,0.7464,0.2665,243
4,1,11,19,0,1,1,2,0.5312,0.5098,0.6538,0.2441,248
4,1,11,20,0,1,1,2,0.2686,0.2781,1.0,0.4583,136
4,1,11,21,0,1,1,2,0.3535,0.3172,0.598,0.0374,150
4,1,11,22,0,1,1,1,0.4155,0.3883,0.4771,0.4013,128
4,1,11,23,0,1,1,3,0.3315,0.3252,0.6377,0.0498,63
4,1,11,0,0,2,1,2,0.2215,0.2221,0.9342,0.1073,33
4,1,11,1,0,2,1,2,0.3146,0.2799,0.7047,0.4345,16
4,1,11,2,0,2,1,2,0.1788,0.0964,0.6528,0.37,10
4,1,11,3,0,2,1,1,0.2843,0.1836,0.5986,0.0581,15
4,1,11,4,0,2,1,2,0.4248,0.4022,0.6232,0.0634,17
4,1,11,5,0,2,1,2,0.2087,0.2037,0.8058,0.2549,50
4,1,11,6,0,2,1,1,0.2497,0.231,0.5614,0.1927,108
4,1,11,7,0,2,1,2,0.4372,0.4164,0.6652,0.2048,277
4,1,11,8,0,2,1,2,0.2952,0.3285,0.6792,0.1786,358
4,1,11,9,0,2,1,2,0.2449,0.2177,0.6628,0.428,153
4,1,11,10,0,2,1,2,0.3347,0.3289,0.6244,0.1138,176
4,1,11,11,0,2,1,1,0.2746,0.3114,0.4874,0.3949,250
4,1,11,12,0,2,1,1,0.1173,0.0804,0.6874,0.3557,263
4,1,11,13,0,2,1,1,0.2122,0.2547,0.6285,0.214,219
4,1,11,14,0,2,1,2,0.4514,0.458,0.8092,0.146,156
4,1,11,15,0,2,1,3,0.3304,0.3046,0.6409,0.2279,137
4,1,11,16,0,2,1,2,0.4099,0.3134,0.655,0.2568,252
4,1,11,17,0,2,1,2,0.2354,0.2653,0.6801,0.1335,357
4,1,11,18,0,2,1,2,0.3036,0.3415,0.7182,0.3783,273
4,1,11,19,0,2,1,2,0.2956,0.26,0.4453,0.4653,188
4,1,11,20,0,2,1,3,0.2691,0.3107,0.6986,0.0333,147
4,1,11,21,0,2,1,1,0.3222,0.2553,0.4577,0.2024,165
4,1,11,22,0,2,1,1,0.2294,0.2267,0.6169,0.1289,95
4,1,11,23,0,2,1,1,0.3921,0.3672,0.7381,0.3854,83
4,1,11,0,0,3,1,1,0.3366,0.2797,0.9089,0.1578,35
4,1,11,1,0,3,1,2,0.2917,0.2697,0.5415,0.1907,15
4,1,11,2,0,3,1,1,0.3133,0.2967,0.5609,0.3427,12
4,1,11,3,0,3,1,1,0.2828,0.2329,0.4585,0.464,10
4,1,11,4,0,3,1,1,0.1833,0.1944,0.5738,0.0413,16
4,1,11,5,0,3,1,1,0.2346,0.2024,0.9356,0.51,44
4,1,11,6,0,3,1,1,0.2913,0.266,0.4699,0.4175,129
4,1,11,7,0,3,1,3,0.2792,0.3087,0.2874,0.1672,171
4,1,11,8,0,3,1,2,0.3493,0.3122,0.7664,0.2584,336
4,1,11,9,1,3,0,2,0.3432,0.2581,0.7637,0.339,86
4,1,11,10,0,3,1,2,0.2647,0.244,0.6665,0.2621,145
4,1,11,11,0,3,1,1,0.2369,0.2284,0.676,0.0563,205
4,1,11,12,0,3,1,2,0.3568,0.3317,0.755,0.4236,194
4,1,11,13,1,3,0,1,0.3172,0.3271,0.7574,0.3156,79
4,1,11,14,0,3,1,1,0.2604,0.2594,0.538,0.0633,203
4,1,11,15,0,3,1,2,0.224,0.1948,0.5106,0.4226,182
4,1,11,16,0,3,1,2,0.2566,0.2647,0.5399,0.1193,259
4,1,11,17,0,3,1,3,0.3314,0.3287,0.5681,0.1339,241
4,1,11,18,0,3,1,1,0.422,0.4139,0.7475,0.2604,349
4,1,11,19,0,3,1,2,0.2891,0.2698,0.7872,0.5026,196
4,1,11,20,0,3,1,2,0.2456,0.2419,0.6195,0.2475,183
4,1,11,21,0,3,1,2,0.4549,0.4355,0.6945,0.4425,135
4,1,11,22,0,3,1,3,0.2779,0.255,0.6494,0.327,76
4,1,11,23,0,3,1,2,0.2483,0.2503,0.5604,0.5497,54
4,1,11,0,0,4,1,1,0.2719,0.275,0.5544,0.7126,37
4,1,11,1,0,4,1,2,0.2685,0.2717,0.6679,0.1555,16
4,1,11,2,0,4,1,2,0.3894,0.3884,0.7509,0.0802,11
4,1,11,3,0,4,1,3,0.1833,0.1066,0.7091,0.4705,7
4,1,11,4,0,4,1,2,0.3421,0.3521,0.636,0.2749,16
4,1,11,5,0,4,1,3,0.2997,0.2558,0.8273,0.2445,42
4,1,11,6,0,4,1,1,0.2615,0.282,0.8476,0.4418,134
4,1,11,7,0,4,1,2,0.2769,0.2223,0.4789,0.4517,258
4,1,11,8,0,4,1,1,0.2829,0.3162,0.5177,0.2102,335
4,1,11,9,0,4,1,2,0.3066,0.2258,0.4861,0.2052,161
4,1,11,10,0,4,1,3,0.2689,0.2651,0.7683,0.4442,124
4,1,11,11,0,4,1,2,0.2959,0.2701,0.6263,0.3086,184
4,1,11,12,0,4,1,2,0.246,0.2476,0.6671,0.4301,213
4,1,11,13,0,4,1,1,0.4532,0.4823,0.7324,0.2925,236
4,1,11,14,0,4,1,1,0.3711,0.3596,0.6587,0.1769,184
4,1,11,15,0,4,1,2,0.3347,0.3461,0.5829,0.3719,166
4,1,11,16,0,4,1,1,0.2694,0.302,0.5283,0.2331,281
4,1,11,17,0,4,1,1,0.358,0.3215,0.6318,0.1489,310
4,1,11,18,0,4,1,2,0.3214,0.3162,0.7561,0.123,281
4,1,11,19,1,4,0,2,0.3088,0.3344,0.4573,0.2625,100
4,1,11,20,0,4,1,1,0.2631,0.2606,0.6015,0.3089,171
4,1,11,21,0,4,1,1,0.3197,0.2861,0.428,0.4752,158
4,1,11,22,0,4,1,1,0.4183,0.4128,0.7706,0.5514,94
4,1,11,23,0,4,1,2,0.3061,0.2942,0.4602,0.3701,71
4,1,11,0,0,5,0,3,0.2786,0.2799,0.4667,0.1615,18
4,1,11,1,0,5,0,1,0.304,0.2729,0.7596,0.3446,12
4,1,11,2,0,5,0,1,0.3001,0.2924,0.5821,0.2614,8
4,1,11,3,0,5,0,2,0.2587,0.2416,0.4415,0.2528,5
4,1,11,4,0,5,0,1,0.2451,0.218,0.723,0.1096,14
4,1,11,5,0,5,0,2,0.3526,0.3742,0.673,0.1463,39
4,1,11,6,0,5,0,1,0.3814,0.3469,0.8922,0.3385,98
4,1,11,7,0,5,0,3,0.4556,0.4102,0.5125,0.0425,154
4,1,11,8,0,5,0,2,0.3291,0.2771,0.5405,0.1015,225
4,1,11,9,0,5,0,1,0.3052,0.288,0.5701,0.4984,150
4,1,11,10,0,5,0,1,0.3602,0.3376,0.7771,0.4878,100
4,1,11,11,0,5,0,1,0.2335,0.2435,0.4218,0.1481,160
4,1,11,12,0,5,0,1,0.342,0.288,0.6152,0.2447,165
4,1,11,13,0,5,0,1,0.3697,0.3007,0.6881,0.1129,131
4,1,11,14,0,5,0,2,0.3687,0.2946,0.7991,0.3508,114
4,1,11,15,0,5,0,2,0.4137,0.4067,0.5526,0.1912,123
4,1,11,16,0,5,0,1,0.2551,0.2734,0.6903,0.1041,216
4,1,11,17,0,5,0,1,0.2626,0.278,0.5799,0.0498,238
4,1,11,18,0,5,0,3,0.282,0.2528,0.5075,0.2104,172
4,1,11,19,0,5,0,1,0.2189,0.2119,0.6417,0.0488,155
4,1,11,20,0,5,0,2,0.3347,0.2506,0.6215,0.7389,96
4,1,11,21,0,5,0,2,0.3443,0.3756,0.7156,0.3755,94
4,1,11,22,0,5,0,2,0.3363,0.3542,0.8917,0.4974,56
4,1,11,23,0,5,0,2,0.3075,0.3192,0.7077,0.2292,38
4,1,11,0,0,6,0,3,0.3641,0.3189,0.654,0.4045,16
4,1,11,1,0,6,0,1,0.3339,0.3063,0.7202,0.2676,14
4,1,11,2,0,6,0,1,0.2515,0.2332,0.5653,0.4141,8
4,1,11,3,0,6,0,1,0.0872,0.1338,0.7486,0.4415,7
4,1,11,4,0,6,0,1,0.2705,0.287,0.5746,0.5538,12
4,1,11,5,0,6,0,1,0.2964,0.276,0.6925,0.408,40
4,1,11,6,0,6,0,1,0.297,0.2997,0.6267,0.1965,87
4,1,11,7,0,6,0,2,0.2811,0.2397,0.6212,0.4694,202
4,1,11,8,0,6,0,1,0.2561,0.2017,0.8444,0.1371,226
4,1,11,9,0,6,0,2,0.2344,0.2206,0.5458,0.4366,148
4,1,11,10,0,6,0,1,0.2213,0.1762,0.7111,0.2547,109
4,1,11,11,0,6,0,2,0.3241,0.2571,0.6014,0.2034,138
4,1,11,12,0,6,0,1,0.3698,0.3523,0.761,0.0821,159
4,1,11,13,0,6,0,1,0.2061,0.1878,0.4948,0.3415,136
4,1,11,14,0,6,0,2,0.2894,0.2446,0.6129,0.4028,92
4,1,11,15,0,6,0,1,0.3489,0.3194,0.5425,0.1419,156
4,1,11,16,0,6,0,2,0.2804,0.2778,0.842,0.3178,180
4,1,11,17,0,6,0,2,0.3438,0.3198,0.8079,0.5564,208
4,1,11,18,0,6,0,2,0.3691,0.3549,0.5682,0.1467,239
4,1,11,19,0,6,0,2,0.3213,0.3001,0.5151,0.1309,159
4,1,11,20,0,6,0,3,0.2589,0.2979,0.5998,0.6322,77
4,1,11,21,0,6,0,1,0.3857,0.4063,0.7502,0.0348,126
4,1,11,22,0,6,0,3,0.2749,0.2647,0.6886,0.5731,56
4,1,11,23,0,6,0,1,0.2749,0.2366,0.608,0.2066,43
4,1,11,0,0,0,1,2,0.3264,0.2932,0.7908,0.112,34
4,1,11,1,0,0,1,3,0.2692,0.217,0.6967,0.6669,12
4,1,11,2,0,0,1,1,0.2746,0.237,0.5529,0.2107,11
4,1,11,3,0,0,1,2,0.2642,0.271,0.4066,0.2147,10
4,1,11,4,0,0,1,2,0.2777,0.246,0.9032,0.2515,15
4,1,11,5,0,0,1,3,0.3041,0.2836,0.6219,0.1558,27
4,1,11,6,0,0,1,1,0.1522,0.1801,0.3712,0.2142,129
4,1,11,7,0,0,1,2,0.2835,0.2859,0.6931,0.6351,223
4,1,11,8,0,0,1,1,0.1668,0.1605,0.4563,0.6067,327
4,1,11,9,0,0,1,1,0.2619,0.2453,0.811,0.1793,260
4,1,11,10,0,0,1,2,0.314,0.2923,0.8037,0.4088,137
4,1,11,11,0,0,1,2,0.2674,0.282,0.6296,0.1173,130
4,1,11,12,0,0,1,2,0.3395,0.3315,0.5247,0.1802,160
4,1,11,13,0,0,1,2,0.3146,0.2912,0.7161,0.6843,133
4,1,11,14,0,0,1,2,0.1394,0.0942,0.8032,0.3561,174
4,1,11,15,0,0,1,1,0.3742,0.3699,0.6457,0.4786,171
4,1,11,16,0,0,1,1,0.3078,0.3027,0.6127,0.5567,291
4,1,11,17,0,0,1,2,0.2505,0.1905,0.5682,0.2913,273
4,1,11,18,0,0,1,2,0.2574,0.2399,0.6163,0.2604,303
4,1,11,19,0,0,1,1,0.1444,0.1472,0.6392,0.6024,279
4,1,11,20,0,0,1,1,0.3056,0.2824,0.5987,0.3905,180
4,1,11,21,0,0,1,1,0.3359,0.3735,0.5418,0.0966,178
4,1,11,22,0,0,1,2,0.2427,0.2764,0.8565,0.3261,118
4,1,11,23,0,0,1,1,0.227,0.1778,0.6291,0.0777,74
4,1,11,0,0,1,1,2,0.2969,0.2746,0.594,0.0789,32
4,1,11,1,0,1,1,2,0.3707,0.3812,0.6812,0.1915,17
4,1,11,2,0,1,1,4,0.3634,0.3427,0.6865,0.2304,6
4,1,11,3,0,1,1,1,0.345,0.3499,0.6502,0.3076,12
4,1,11,4,0,1,1,3,0.4284,0.3876,0.5211,0.2998,14
4,1,11,5,0,1,1,2,0.3517,0.287,0.6568,0.2514,39
4,1,11,6,0,1,1,1,0.368,0.3704,0.6753,0.1264,129
4,1,11,7,0,1,1,1,0.2931,0.2685,0.6965,0.3333,255
4,1,11,8,0,1,1,1,0.2628,0.327,0.6896,0.1836,263
4,1,11,9,0,1,1,1,0.3665,0.3763,0.6802,0.5714,209
4,1,11,10,0,1,1,1,0.2184,0.1756,0.5292,0.1783,152
4,1,11,11,0,1,1,1,0.3167,0.3211,0.9628,0.6158,204
4,1,11,12,0,1,1,2,0.2445,0.2301,0.7123,0.491,244
4,1,11,13,0,1,1,1,0.3108,0.311,0.749,0.6473,190
4,1,11,14,0,1,1,1,0.3058,0.2688,0.7312,0.1862,204
4,1,11,15,0,1,1,2,0.2984,0.2929,0.6435,0.0691,190
4,1,11,16,0,1,1,3,0.2858,0.3033,0.5379,0.2783,207
4,1,11,17,0,1,1,3,0.3243,0.3328,0.6316,0.385,278
4,1,11,18,0,1,1,3,0.3355,0.3516,0.5429,0.3297,222
4,1,11,19,0,1,1,3,0.1891,0.2731,0.4752,0.1372,163
4,1,11,20,0,1,1,1,0.2838,0.2557,0.9083,0.2397,163
4,1,11,21,0,1,1,2,0.2578,0.299,0.7554,0.2554,117
4,1,11,22,0,1,1,1,0.3006,0.2945,0.6698,0.018,113
4,1,11,23,1,1,0,3,0.2579,0.2334,0.6658,0.1952,22
4,1,11,0,0,2,1,1,0.373,0.3542,0.7302,0.4905,34
4,1,11,1,0,2,1,2,0.279,0.2921,0.6418,0.1016,16
4,1,11,2,0,2,1,1,0.3528,0.3242,0.5825,0.4136,11
4,1,11,3,0,2,1,3,0.2171,0.1475,0.8197,0.2417,8
4,1,11,4,0,2,1,1,0.2641,0.2761,0.5461,0.1315,20
4,1,11,5,0,2,1,3,0.2408,0.2355,0.7982,0.2396,49
4,1,11,6,1,2,0,3,0.3113,0.2802,0.6589,0.3491,38
4,1,11,7,0,2,1,1,0.2008,0.153,0.6861,0.4341,326
4,1,11,8,0,2,1,2,0.1642,0.1682,0.6134,0.1927,299
4,1,11,9,0,2,1,1,0.24,0.2667,0.5175,0.1365,277
4,1,11,10,0,2,1,1,0.3231,0.28,0.5669,0.3701,180
4,1,11,11,0,2,1,1,0.2271,0.2242,0.6915,0.1355,204
4,1,11,12,0,2,1,2,0.3024,0.3537,0.5507,0.1368,189
4,1,11,13,0,2,1,1,0.2385,0.255,0.5523,0.2875,187
4,1,11,14,0,2,1,2,0.1611,0.1532,0.7416,0.4014,159
4,1,11,15,0,2,1,2,0.3434,0.3234,0.7038,0.1507,159
4,1,11,16,0,2,1,1,0.3292,0.2987,0.4989,0.4731,264
4,1,11,17,0,2,1,1,0.281,0.2694,0.7967,0.0572,409
4,1,11,18,0,2,1,1,0.2868,0.2603,0.8073,0.0637,311
4,1,11,19,0,2,1,1,0.2693,0.2481,0.6241,0.3282,239
4,1,11,20,0,2,1,3,0.2115,0.1978,0.4497,0.0398,151
4,1,11,21,0,2,1,1,0.3752,0.3086,0.4867,0.4217,167
4,1,11,22,0,2,1,2,0.2767,0.2591,0.5874,0.0858,108
4,1,11,23,0,2,1,3,0.3091,0.3756,0.7983,0.1787,58
4,1,11,0,0,3,1,1,0.2457,0.1929,0.673,0.2825,38
4,1,11,1,0,3,1,2,0.3116,0.3433,0.5084,0.4529,14
4,1,11,2,0,3,1,3,0.3608,0.3757,0.8305,0.2503,8
4,1,11,3,0,3,1,2,0.2923,0.2986,0.6495,0.1754,8
4,1,11,4,0,3,1,1,0.3058,0.2763,0.7519,0.1903,14
4,1,11,5,0,3,1,2,0.3421,0.3544,0.6174,0.4122,49
4,1,11,6,0,3,1,3,0.3301,0.3708,0.4249,0.2575,94
4,1,11,7,0,3,1,2,0.3537,0.3709,0.4442,0.1423,297
4,1,11,8,0,3,1,2,0.3031,0.298,0.5549,0.5755,334
4,1,11,9,0,3,1,2,0.303,0.2911,0.6923,0.3783,142
4,1,11,10,0,3,1,2,0.2974,0.266,0.7074,0.3651,158
4,1,11,11,0,3,1,1,0.3411,0.3301,0.8792,0.3275,238
4,1,11,12,0,3,1,3,0.2504,0.2571,0.6534,0.2796,173
4,1,11,13,0,3,1,1,0.3177,0.3061,0.6442,0.3671,206
4,1,11,14,0,3,1,2,0.4414,0.42,0.5393,0.284,133
4,1,11,15,0,3,1,1,0.3057,0.2915,0.7659,0.1741,254
4,1,11,16,0,3,1,2,0.1968,0.245,0.8301,0.3692,234
4,1,11,17,0,3,1,2,0.2603,0.2556,0.5808,0.4033,270
4,1,11,18,0,3,1,2,0.3241,0.3173,0.6418,0.6207,222
4,1,11,19,0,3,1,1,0.2337,0.1531,0.6981,0.0914,241
4,1,11,20,0,3,1,2,0.2121,0.2336,0.5592,0.2498,190
4,1,11,21,0,3,1,1,0.184,0.1956,0.443,0.5423,139
4,1,11,22,0,3,1,1,0.266,0.272,0.6732,0.6656,104
4,1,11,23,0,3,1,2,0.3934,0.3951,0.7251,0.5396,54
4,1,11,0,0,4,1,3,0.2403,0.2029,0.5437,0.0322,32
4,1,11,1,0,4,1,3,0.3388,0.3162,0.6537,0.1726,12
4,1,11,2,0,4,1,2,0.2579,0.301,0.9033,0.0539,9
4,1,11,3,0,4,1,2,0.2503,0.1989,0.7881,0.0564,9
4,1,11,4,0,4,1,1,0.3136,0.2609,0.7162,0.5944,14
4,1,11,5,0,4,1,1,0.1701,0.1206,0.5913,0.373,60
4,1,11,6,0,4,1,2,0.3943,0.3722,0.7314,0.1935,119
4,1,11,7,0,4,1,2,0.3151,0.3503,0.4591,0.2837,295
4,1,11,8,0,4,1,2,0.3511,0.3449,0.6436,0.2962,303
4,1,11,9,0,4,1,1,0.2594,0.2821,0.5928,0.3096,260
4,1,11,10,0,4,1,1,0.3122,0.2397,0.7457,0.3548,142
4,1,11,11,0,4,1,1,0.3428,0.3035,0.3941,0.5813,184
4,1,11,12,0,4,1,2,0.2711,0.2402,0.9569,0.2055,246
4,1,11,13,0,4,1,1,0.2163,0.2566,0.6027,0.2078,232
4,1,11,14,0,4,1,1,0.2114,0.2083,0.8494,0.1687,206
4,1,11,15,0,4,1,2,0.2479,0.2371,0.7429,0.0741,173
4,1,11,16,0,4,1,1,0.2933,0.2876,0.6946,0.4203,304
4,1,11,17,0,4,1,1,0.2661,0.2487,0.6844,0.2433,303
4,1,11,18,0,4,1,2,0.2432,0.2938,0.665,0.1256,320
4,1,11,19,0,4,1,1,0.3249,0.3703,0.5978,0.3646,248
4,1,11,20,0,4,1,2,0.2452,0.2696,0.7066,0.0941,165
4,1,11,21,0,4,1,3,0.2356,0.2572,0.6317,0.2114,114
4,1,11,22,0,4,1,1,0.3432,0.3138,0.7217,0.5447,108
4,1,11,23,0,4,1,1,0.316,0.3174,0.7054,0.2803,80
4,1,11,0,0,5,0,2,0.1886,0.1222,0.6074,0.2144,21
4,1,11,1,0,5,0,2,0.1812,0.1624,0.595,0.1787,16
4,1,11,2,0,5,0,3,0.1968,0.1435,0.6875,0.2837,5
4,1,11,3,0,5,0,1,0.2722,0.2767,0.706,0.5629,8
4,1,11,4,0,5,0,3,0.3569,0.3391,0.5962,0.1994,8
4,1,11,5,0,5,0,2,0.3757,0.383,0.5345,0.3631,36
4,1,11,6,0,5,0,1,0.3269,0.3333,0.686,0.4566,78
4,1,11,7,0,5,0,2,0.4083,0.4247,0.698,0.2735,183
4,1,11,8,0,5,0,1,0.2885,0.2542,0.6695,0.2478,294
4,1,11,9,0,5,0,1,0.352,0.2836,0.6442,0.3595,156
4,1,11,10,0,5,0,1,0.2344,0.284,0.7509,0.4491,111
4,1,11,11,0,5,0,1,0.1654,0.144,0.5388,0.2284,145
4,1,11,12,0,5,0,2,0.2528,0.2419,0.555,0.3924,146
4,1,11,13,1,5,0,1,0.2656,0.2876,0.5868,0.3688,90
4,1,11,14,0,5,0,1,0.4553,0.4269,0.6416,0.034,111
4,1,11,15,0,5,0,1,0.2743,0.2294,0.5794,0.1635,175
4,1,11,16,0,5,0,2,0.2031,0.2596,0.5819,0.1513,164
4,1,11,17,0,5,0,3,0.3419,0.3115,0.7644,0.0816,226
4,1,11,18,0,5,0,1,0.2212,0.2687,0.6457,0.0509,266
4,1,11,19,0,5,0,3,0.2844,0.2845,0.7518,0.4481,112
4,1,11,20,0,5,0,2,0.3358,0.3525,0.6561,0.1072,100
4,1,11,21,0,5,0,3,0.2092,0.2316,0.5701,0.1396,80
4,1,11,22,0,5,0,2,0.3806,0.3525,0.7884,0.1449,74
4,1,11,23,0,5,0,1,0.3532,0.357,0.6071,0.502,34
4,1,11,0,0,6,0,2,0.2961,0.3439,0.6956,0.1232,21
4,1,11,1,0,6,0,2,0.3939,0.4173,0.7432,0.4707,10
4,1,11,2,0,6,0,3,0.2446,0.2705,0.6323,0.2217,3
4,1,11,3,0,6,0,3,0.3269,0.3347,0.6246,0.511,5
4,1,11,4,0,6,0,2,0.2908,0.2768,0.5609,0.2559,11
4,1,11,5,0,6,0,2,0.2267,0.1932,0.6674,0.4626,27
4,1,11,6,0,6,0,1,0.2288,0.2687,0.5629,0.6371,87
4,1,11,7,0,6,0,2,0.4135,0.3793,0.6216,0.1691,137
4,1,11,8,0,6,0,2,0.3455,0.3171,0.6117,0.4809,231
4,1,11,9,0,6,0,2,0.3336,0.321,0.5865,0.448,141
4,1,11,10,0,6,0,1,0.2276,0.1758,0.6863,0.0908,90
4,1,11,11,0,6,0,3,0.3209,0.2972,0.7915,0.2894,103
4,1,11,12,0,6,0,1,0.2456,0.2142,0.7479,0.1482,154
4,1,11,13,0,6,0,1,0.3902,0.3311,0.4213,0.3787,147
4,1,11,14,0,6,0,1,0.3562,0.3043,0.6593,0.056,125
4,1,11,15,0,6,0,1,0.3357,0.3214,0.9207,0.1661,169
4,1,11,16,0,6,0,1,0.3286,0.3462,0.6655,0.2051,179
4,1,11,17,0,6,0,1,0.2652,0.2525,0.6148,0.3198,190
4,1,11,18,0,6,0,1,0.3054,0.2606,0.8079,0.0729,223
4,1,11,19,0,6,0,1,0.3792,0.3438,0.6515,0.241,204
4,1,11,20,0,6,0,1,0.304,0.3023,0.795,0.2246,145
4,1,11,21,0,6,0,4,0.2125,0.2395,0.6344,0.1104,52
4,1,11,22,0,6,0,2,0.3592,0.3732,0.7045,0.2312,57
4,1,11,23,0,6,0,1,0.2238,0.2231,0.5783,0.4456,56
4,1,11,0,0,0,1,2,0.2663,0.3017,0.7736,0.7558,31
4,1,11,1,0,0,1,2,0.2352,0.2108,0.648,0.5256,16
4,1,11,2,0,0,1,2,0.0857,0.0494,0.6696,0.1783,9
4,1,11,3,0,0,1,1,0.2806,0.2613,0.7662,0.304,10
4,1,11,4,0,0,1,2,0.4204,0.4405,0.7093,0.1148,16
4,1,11,5,0,0,1,1,0.2907,0.3005,0.6336,0.1724,51
4,1,11,6,0,0,1,1,0.4758,0.488,0.4874,0.6238,130
4,1,11,7,0,0,1,4,0.2576,0.2454,0.6409,0.2961,188
4,1,11,8,0,0,1,1,0.2838,0.2774,0.6112,0.6179,350
4,1,11,9,0,0,1,1,0.2611,0.245,0.6562,0.1749,241
4,1,11,10,0,0,1,1,0.2726,0.2365,0.6289,0.2584,180
4,1,11,11,0,0,1,2,0.2942,0.2841,0.8045,0.1103,198
4,1,11,12,0,0,1,1,0.3741,0.3522,0.7184,0.1551,241
4,1,11,13,0,0,1,1,0.2096,0.1882,0.6124,0.3732,206
4,1,11,14,0,0,1,1,0.269,0.2772,0.7374,0.0251,215
4,1,11,15,0,0,1,1,0.3115,0.3033,0.8269,0.0268,176
4,1,11,16,0,0,1,2,0.358,0.3842,0.5778,0.2451,242
4,1,11,17,0,0,1,1,0.1173,0.089,0.6268,0.5089,370
4,1,11,18,0,0,1,1,0.1705,0.1533,0.5729,0.6844,245
4,1,11,19,0,0,1,1,0.2712,0.2081,0.6982,0.4142,219
4,1,11,20,0,0,1,3,0.3467,0.3032,0.9044,0.1187,166
4,1,11,21,0,0,1,2,0.2347,0.2454,0.7962,0.3139,133
4,1,11,22,0,0,1,1,0.3152,0.3274,0.6162,0.3225,111
4,1,11,23,0,0,1,1,0.4068,0.4108,0.7311,0.0184,84
4,1,11,0,0,1,1,2,0.2661,0.2953,0.8017,0.115,29
4,1,11,1,0,1,1,2,0.2494,0.2569,0.4585,0.4778,17
4,1,11,2,0,1,1,1,0.2984,0.2891,0.5339,0.3861,12
4,1,11,3,0,1,1,1,0.278,0.2879,0.7655,0.4419,11
4,1,11,4,0,1,1,2,0.2833,0.2501,0.477,0.2973,15
4,1,11,5,0,1,1,1,0.2528,0.1946,0.6623,0.5596,58
4,1,11,6,0,1,1,1,0.2474,0.2271,0.7408,0.307,135
4,1,11,7,0,1,1,1,0.1951,0.1809,0.6923,0.1875,364
4,1,11,8,0,1,1,2,0.3083,0.3001,0.6424,0.1209,316
4,1,11,9,0,1,1,1,0.1926,0.1629,0.8188,0.2909,246
4,1,11,10,0,1,1,1,0.2082,0.1836,0.7539,0.3725,150
4,1,11,11,0,1,1,1,0.1816,0.2,0.9184,0.139,195
4,1,11,12,0,1,1,2,0.2426,0.1978,0.5194,0.7088,183
4,1,11,13,0,1,1,2,0.2672,0.2549,0.5905,0.5192,209
4,1,11,14,0,1,1,2,0.1884,0.1644,0.6459,0.338,119
4,1,11,15,0,1,1,2,0.2468,0.1878,0.8099,0.2854,152
4,1,11,16,0,1,1,2,0.2767,0.2547,0.7428,0.1473,253
4,1,11,17,0,1,1,2,0.1556,0.1249,0.6051,0.4557,361
4,1,11,18,0,1,1,3,0.2123,0.1931,0.5363,0.2142,233
4,1,11,19,0,1,1,3,0.3917,0.3786,0.5231,0.2238,165
4,1,11,20,0,1,1,1,0.2158,0.1438,0.863,0.0649,187
4,1,11,21,0,1,1,2,0.315,0.3343,0.6509,0.1718,141
4,1,11,22,0,1,1,1,0.2299,0.3127,0.6776,0.1735,99
4,1,11,23,0,1,1,1,0.2794,0.2412,0.5344,0.2249,96
4,1,11,0,0,2,1,1,0.2067,0.1828,0.6568,0.244,29
4,1,11,1,0,2,1,2,0.1294,0.1024,0.5503,0.2576,14
4,1,11,2,0,2,1,3,0.2317,0.1917,0.6689,0.5035,9
4,1,11,3,0,2,1,2,0.2935,0.3426,0.6132,0.27,10
4,1,11,4,0,2,1,2,0.31,0.2892,0.5673,0.4702,15
4,1,11,5,0,2,1,1,0.2726,0.2838,0.7968,0.1482,58
4,1,11,6,0,2,1,3,0.2081,0.2371,0.8066,0.3374,101
4,1,11,7,0,2,1,1,0.327,0.346,0.7126,0.159,316
4,1,11,8,0,2,1,3,0.212,0.2391,0.4377,0.158,271
4,1,11,9,0,2,1,1,0.2163,0.17,0.5263,0.3601,188
4,1,11,10,0,2,1,1,0.1939,0.2157,0.5313,0.1601,153
4,1,11,11,0,2,1,2,0.2329,0.2137,0.8787,0.5811,181
4,1,11,12,0,2,1,1,0.2419,0.2831,0.7802,0.3636,265
4,1,11,13,0,2,1,1,0.2831,0.2465,0.8162,0.0818,205
4,1,11,14,0,2,1,2,0.1678,0.1277,0.5633,0.2386,143
4,1,11,15,0,2,1,2,0.2303,0.2213,0.469,0.3882,190
4,1,11,16,0,2,1,1,0.2065,0.2179,0.7751,0.362,240
4,1,11,17,0,2,1,2,0.2925,0.2265,0.381,0.1695,365
4,1,11,18,0,2,1,2,0.2837,0.2596,0.6628,0.316,341
4,1,11,19,0,2,1,1,0.1905,0.1503,0.7256,0.4536,221
4,1,11,20,0,2,1,1,0.297,0.3121,0.5187,0.2408,235
4,1,11,21,0,2,1,2,0.2589,0.2312,0.8342,0.2997,139
4,1,11,22,0,2,1,3,0.3181,0.3382,0.6189,0.1319,81
4,1,11,23,0,2,1,1,0.2173,0.1872,0.6923,0.3818,85
4,1,11,0,0,3,1,2,0.3011,0.2974,0.7164,0.1185,24
4,1,11,1,0,3,1,2,0.3203,0.2651,0.6752,0.4969,13
4,1,11,2,0,3,1,2,0.2645,0.2503,0.585,0.4181,8
4,1,11,3,0,3,1,2,0.4066,0.3556,0.5551,0.2015,10
4,1,11,4,0,3,1,2,0.2941,0.3275,0.6982,0.3147,17
4,1,11,5,0,3,1,1,0.3831,0.3984,0.7277,0.5998,52
4,1,11,6,0,3,1,3,0.4363,0.4232,0.7698,0.2497,88
4,1,11,7,0,3,1,2,0.1426,0.1684,0.6346,0.0819,270
4,1,11,8,0,3,1,2,0.3403,0.3106,0.662,0.3303,313
4,1,11,9,0,3,1,2,0.2959,0.3017,0.5465,0.1767,185
4,1,11,10,0,3,1,1,0.2768,0.2628,0.7751,0.6139,156
4,1,11,11,0,3,1,2,0.2135,0.2205,0.5508,0.4851,188
4,1,11,12,0,3,1,2,0.1973,0.1934,0.7232,0.165,247
4,1,11,13,0,3,1,1,0.186,0.1773,0.7741,0.3912,221
4,1,11,14,0,3,1,1,0.4154,0.3425,0.7721,0.5373,131
4,1,11,15,0,3,1,2,0.2938,0.262,0.489,0.0858,221
4,1,11,16,0,3,1,1,0.1646,0.213,0.4671,0.2854,216
4,1,11,17,0,3,1,2,0.186,0.1755,0.5422,0.3486,291
4,1,11,18,0,3,1,1,0.118,0.0929,0.5255,0.2679,292
4,1,11,19,0,3,1,2,0.3431,0.3297,0.9058,0.0558,257
4,1,11,20,0,3,1,1,0.2629,0.2064,0.6968,0.3516,186
4,1,11,21,0,3,1,2,0.2954,0.2687,0.5006,0.1552,133
4,1,11,22,0,3,1,2,0.2599,0.2549,0.533,0.1137,96
4,1,11,23,1,3,0,1,0.3261,0.3269,0.8402,0.471,27
4,1,11,0,0,4,1,3,0.2292,0.2305,0.8071,0.4472,20
4,1,11,1,0,4,1,1,0.2776,0.3115,0.4929,0.2977,19
4,1,11,2,0,4,1,1,0.2761,0.2445,0.7448,0.4032,11
4,1,11,3,0,4,1,2,0.1757,0.1242,0.614,0.5776,9
4,1,11,4,0,4,1,2,0.2063,0.1876,0.6273,0.2299,16
4,1,11,5,0,4,1,2,0.2358,0.2094,0.4892,0.4844,48
4,1,11,6,0,4,1,3,0.2794,0.2734,0.6045,0.2295,86
4,1,11,7,0,4,1,2,0.3542,0.3301,0.5275,0.4063,237
4,1,11,8,0,4,1,1,0.2651,0.2584,0.8036,0.4681,445
4,1,11,9,0,4,1,1,0.2508,0.2437,0.5355,0.3489,246
4,1,11,10,0,4,1,3,0.2787,0.2936,0.7908,0.1621,122
4,1,11,11,0,4,1,1,0.246,0.2356,0.6052,0.1137,187
4,1,11,12,0,4,1,2,0.2554,0.251,0.4212,0.3384,216
4,1,11,13,0,4,1,3,0.3631,0.4006,0.5724,0.5997,120
4,1,11,14,0,4,1,2,0.2413,0.1824,0.4991,0.1858,122
4,1,11,15,0,4,1,1,0.2753,0.2693,0.7037,0.2053,241
4,1,11,16,0,4,1,2,0.2118,0.2,0.5047,0.0764,306
4,1,11,17,0,4,1,1,0.3452,0.3317,0.5905,0.208,302
4,1,11,18,0,4,1,3,0.1932,0.2032,0.6828,0.1961,218
4,1,11,19,0,4,1,2,0.2519,0.2166,0.4996,0.343,210
4,1,11,20,0,4,1,2,0.3257,0.2946,0.8102,0.4162,148
4,1,11,21,0,4,1,1,0.1963,0.2108,0.6677,0.6447,144
4,1,11,22,1,4,0,1,0.3177,0.2994,0.6537,0.332,51
4,1,11,23,0,4,1,1,0.1135,0.0813,0.4623,0.2779,78
4,1,11,0,0,5,0,2,0.1778,0.1948,0.5799,0.4815,19
4,1,11,1,0,5,0,2,0.2477,0.2565,0.609,0.2997,11
4,1,11,2,0,5,0,3,0.4229,0.4087,0.4944,0.0924,6
4,1,11,3,0,5,0,1,0.2644,0.2657,0.7452,0.3797,7
4,1,11,4,0,5,0,1,0.2659,0.2717,0.6451,0.2517,12
4,1,11,5,0,5,0,2,0.3346,0.3172,0.537,0.5861,31
4,1,11,6,0,5,0,2,0.1782,0.1806,0.5992,0.2383,60
4,1,11,7,0,5,0,2,0.0419,0.0061,0.6446,0.3836,149
4,1,11,8,0,5,0,1,0.3756,0.3526,0.8791,0.0175,360
4,1,11,9,0,5,0,1,0.2966,0.3127,0.6877,0.4952,146
4,1,11,10,0,5,0,2,0.2231,0.2799,0.5425,0.6089,73
4,1,11,11,0,5,0,3,0.2583,0.2511,0.5597,0.5575,121
4,1,11,12,0,5,0,2,0.3279,0.2864,0.5907,0.3512,146
4,1,11,13,0,5,0,2,0.2452,0.2243,0.7084,0.1258,106
4,1,11,14,0,5,0,2,0.2644,0.2096,0.6864,0.1509,110
4,1,11,15,0,5,0,2,0.3967,0.399,0.6958,0.5733,121
4,1,11,16,0,5,0,2,0.1672,0.1622,0.6271,0.2016,159
4,1,11,17,0,5,0,1,0.2905,0.2493,0.452,0.4276,213
4,1,11,18,0,5,0,1,0.1687,0.1565,0.7037,0.0777,204
4,1,11,19,0,5,0,3,0.3637,0.3687,0.5457,0.2005,132
4,1,11,20,0,5,0,3,0.2748,0.2646,0.7033,0.7319,84
4,1,11,21,0,5,0,2,0.2062,0.1772,0.4906,0.3452,93
4,1,11,22,0,5,0,1,0.1492,0.1744,0.6369,0.1244,95
4,1,11,23,0,5,0,2,0.2297,0.2306,0.7273,0.2135,43
4,1,11,0,1,6,0,1,0.2646,0.2304,0.8765,0.0808,20
4,1,11,1,0,6,0,1,0.3327,0.3188,0.574,0.1579,13
4,1,11,2,0,6,0,2,0.1751,0.1049,0.8131,0.1491,7
4,1,11,3,0,6,0,2,0.1939,0.194,0.7629,0.252,6
4,1,11,4,0,6,0,1,0.2168,0.2918,0.5962,0.3356,14
4,1,11,5,0,6,0,2,0.1973,0.2222,0.6409,0.1088,44
4,1,11,6,0,6,0,2,0.2156,0.2017,0.5742,0.202,98
4,1,11,7,0,6,0,1,0.1854,0.1855,0.5526,0.6228,220
4,1,11,8,0,6,0,1,0.2808,0.285,0.4657,0.6497,262
4,1,11,9,0,6,0,2,0.2178,0.2271,0.5214,0.2018,118
4,1,11,10,0,6,0,3,0.2524,0.2381,0.3361,0.0936,79
4,1,11,11,0,6,0,3,0.2729,0.1957,0.6573,0.4015,85
4,1,11,12,0,6,0,1,0.155,0.1386,0.823,0.3697,141
4,1,11,13,0,6,0,2,0.2932,0.2624,0.6718,0.299,125
4,1,11,14,0,6,0,2,0.2663,0.2518,0.6488,0.1297,97
4,1,11,15,0,6,0,1,0.2663,0.2323,0.57,0.4072,159
4,1,11,16,1,6,0,2,0.2423,0.2502,0.8718,0.5757,96
4,1,11,17,0,6,0,1,0.2327,0.2837,0.7688,0.0771,260
4,1,11,18,0,6,0,2,0.2554,0.2736,0.4917,0.2582,212
4,1,11,19,0,6,0,1,0.2583,0.2451,0.8954,0.509,154
4,1,11,20,0,6,0,1,0.169,0.2077,0.8285,0.4225,112
4,1,11,21,1,6,0,1,0.3619,0.3738,0.5192,0.2392,70
4,1,11,22,1,6,0,1,0.2029,0.2164,0.7397,0.1036,60
4,1,11,23,0,6,0,1,0.2563,0.228,0.6235,0.3584,42
4,1,11,0,1,0,0,1,0.3306,0.3114,0.4089,0.2308,15
4,1,11,1,0,0,1,2,0.2251,0.2331,0.5357,0.0764,18
4,1,11,2,0,0,1,1,0.2656,0.3188,0.7367,0.0171,12
4,1,11,3,0,0,1,1,0.0956,0.1357,0.7216,0.1598,9
4,1,11,4,0,0,1,1,0.1103,0.1243,0.9767,0.2993,17
4,1,11,5,0,0,1,3,0.2472,0.2414,0.6673,0.2514,43
4,1,11,6,0,0,1,1,0.2623,0.2738,0.4282,0.2675,142
4,1,11,7,0,0,1,2,0.3264,0.3279,0.5274,0.4787,237
4,1,11,8,0,0,1,1,0.3051,0.3375,0.5912,0.0675,416
4,1,11,9,0,0,1,1,0.1376,0.0996,0.609,0.1767,152
4,1,11,10,0,0,1,3,0.3378,0.3237,0.6045,0.3068,119
4,1,11,11,0,0,1,2,0.1657,0.1819,0.6824,0.0927,189
4,1,11,12,0,0,1,2,0.3094,0.3385,0.823,0.2663,177
4,1,11,13,0,0,1,1,0.2174,0.2669,0.6907,0.4709,216
4,1,11,14,0,0,1,1,0.4391,0.3752,0.4118,0.551,160
4,1,11,15,0,0,1,1,0.2077,0.1776,0.6868,0.1022,200
4,1,11,16,0,0,1,1,0.2438,0.2314,0.4262,0.2255,280
4,1,11,17,0,0,1,3,0.2601,0.2117,0.5635,0.3985,159
4,1,11,18,0,0,1,1,0.232,0.2722,0.8514,0.4302,336
4,1,11,19,0,0,1,1,0.1792,0.1758,0.3972,0.2345,281
4,1,11,20,0,0,1,1,0.4033,0.4202,0.8762,0.0504,223
4,1,11,21,0,0,1,1,0.2063,0.1925,0.7039,0.1831,140
4,1,11,22,0,0,1,1,0.2038,0.2077,0.6801,0.4146,113
4,1,11,23,0,0,1,1,0.2414,0.1902,0.478,0.2582,88
4,1,11,0,0,1,1,3,0.26,0.2171,0.6488,0.2367,24
4,1,11,1,0,1,1,2,0.1985,0.1593,0.579,0.0389,17
4,1,11,2,0,1,1,1,0.3132,0.248,0.5345,0.242,11
4,1,11,3,0,1,1,1,0.2572,0.277,0.6232,0.4895,11
4,1,11,4,0,1,1,2,0.2479,0.2369,0.9211,0.2005,20
4,1,11,5,0,1,1,1,0.2856,0.3048,0.7328,0.2098,56
4,1,11,6,0,1,1,3,0.1871,0.1761,0.612,0.0775,98
4,1,11,7,0,1,1,2,0.2055,0.2309,0.6832,0.3078,270
4,1,11,8,0,1,1,2,0.2449,0.2631,0.5869,0.2559,446
4,1,11,9,0,1,1,2,0.3116,0.2942,0.7232,0.3388,172
4,1,11,10,0,1,1,1,0.2294,0.2257,0.491,0.311,150
4,1,11,11,0,1,1,1,0.2243,0.2255,0.7412,0.1299,208
4,1,11,12,0,1,1,2,0.0989,0.1293,0.4551,0.2877,188
4,1,11,13,0,1,1,1,0.1979,0.1889,0.6042,0.3408,221
4,1,11,14,0,1,1,1,0.131,0.1369,0.7717,0.2718,174
4,1,11,15,0,1,1,3,0.1484,0.0985,0.8566,0.4152,119
4,1,11,16,0,1,1,2,0.2721,0.2339,0.3687,0.115,244
4,1,11,17,0,1,1,1,0.4788,0.4347,0.4964,0.1996,385
4,1,11,18,0,1,1,3,0.2601,0.2644,0.641,0.2942,275
4,1,11,19,0,1,1,1,0.2698,0.237,0.7262,0.5291,234
4,1,11,20,0,1,1,2,0.1933,0.1888,0.5666,0.0651,158
4,1,11,21,0,1,1,1,0.1731,0.1613,0.6368,0.3233,154
4,1,11,22,0,1,1,2,0.3904,0.3728,0.6445,0.5283,88
4,1,11,23,0,1,1,2,0.1901,0.2084,0.6322,0.0866,72
4,1,12,0,0,2,1,1,0.104,0.1055,0.638,0.6674,35
4,1,12,1,0,2,1,3,0.2612,0.2424,0.6462,0.1322,12
4,1,12,2,0,2,1,1,0.2139,0.2171,0.8408,0.1511,14
4,1,12,3,0,2,1,3,0.2857,0.3217,0.6206,0.4132,8
4,1,12,4,0,2,1,1,0.3538,0.3394,0.7979,0.0868,18
4,1,12,5,0,2,1,1,0.2698,0.2196,0.6406,0.1124,54
4,1,12,6,0,2,1,1,0.2599,0.2074,0.5619,0.1638,154
4,1,12,7,0,2,1,1,0.2902,0.2673,0.6146,0.4891,246
4,1,12,8,0,2,1,2,0.4333,0.3775,0.4401,0.5692,310
4,1,12,9,0,2,1,2,0.4035,0.3116,0.516,0.1075,199
4,1,12,10,0,2,1,2,0.2219,0.202,0.559,0.1634,165
4,1,12,11,0,2,1,2,0.3105,0.3064,0.6631,0.4365,174
4,1,12,12,0,2,1,2,0.369,0.3921,0.8445,0.2519,212
4,1,12,13,0,2,1,1,0.2926,0.2774,0.6046,0.2917,201
4,1,12,14,0,2,1,2,0.2394,0.2367,0.5227,0.3513,139
4,1,12,15,0,2,1,3,0.2092,0.2142,0.7489,0.2655,159
4,1,12,16,0,2,1,1,0.2509,0.2409,0.6703,0.3315,261
4,1,12,17,0,2,1,1,0.1642,0.136,0.7875,0.5551,347
4,1,12,18,0,2,1,1,0.3067,0.3565,0.7649,0.5194,349
4,1,12,19,0,2,1,1,0.3414,0.2947,0.7159,0.2641,214
4,1,12,20,0,2,1,2,0.2162,0.2179,0.691,0.6322,157
4,1,12,21,0,2,1,1,0.2125,0.1785,0.7652,0.2766,158
4,1,12,22,0,2,1,2,0.1701,0.165,0.7566,0.0782,107
4,1,12,23,0,2,1,1,0.2767,0.2752,0.7619,0.6569,66
4,1,12,0,0,3,1,1,0.2408,0.2227,0.7587,0.6488,43
4,1,12,1,0,3,1,1,0.1406,0.0971,0.6393,0.2775,18
4,1,12,2,0,3,1,1,0.4457,0.413,0.5505,0.0984,15
4,1,12,3,0,3,1,2,0.1171,0.145,0.6509,0.2412,10
4,1,12,4,0,3,1,3,0.1408,0.0887,0.5992,0.5914,15
4,1,12,5,0,3,1,1,0.3074,0.3409,0.5365,0.2096,73
4,1,12,6,0,3,1,1,0.2876,0.2761,0.8393,0.1679,141
4,1,12,7,0,3,1,2,0.1916,0.2035,0.6463,0.3395,293
4,1,12,8,0,3,1,2,0.1871,0.1461,0.5215,0.2966,387
4,1,12,9,0,3,1,2,0.2737,0.2555,0.8083,0.2904,228
4,1,12,10,0,3,1,1,0.2681,0.2347,0.6614,0.1658,150
4,1,12,11,0,3,1,2,0.1923,0.1916,0.767,0.0601,173
4,1,12,12,0,3,1,1,0.3112,0.2629,0.6034,0.2553,246
4,1,12,13,0,3,1,1,0.2816,0.2489,0.719,0.2825,231
4,1,12,14,0,3,1,3,0.3352,0.3804,0.7243,0.2164,110
4,1,12,15,0,3,1,1,0.2381,0.2456,0.6602,0.1667,189
4,1,12,16,0,3,1,1,0.2983,0.2948,0.5723,0.1527,302
4,1,12,17,0,3,1,1,0.2256,0.2253,0.6957,0.1089,357
4,1,12,18,0,3,1,1,0.2795,0.3093,0.7196,0.2043,283
4,1,12,19,0,3,1,3,0.2667,0.2495,0.5034,0.4363,165
4,1,12,20,0,3,1,1,0.301,0.314,0.9382,0.1788,195
4,1,12,21,0,3,1,2,0.278,0.1933,0.8431,0.4052,140
4,1,12,22,0,3,1,2,0.1094,0.1003,0.6652,0.3783,88
4,1,12,23,0,3,1,1,0.1978,0.1786,0.75,0.0411,68
4,1,12,0,0,4,1,1,0.2451,0.2171,0.6448,0.0792,45
4,1,12,1,0,4,1,1,0.2719,0.2805,0.571,0.1706,19
4,1,12,2,0,4,1,1,0.297,0.2781,0.761,0.4106,12
4,1,12,3,0,4,1,1,0.2777,0.259,0.549,0.2157,10
4,1,12,4,0,4,1,2,0.1899,0.1569,0.6914,0.2103,16
4,1,12,5,0,4,1,1,0.3035,0.2765,0.5678,0.3202,55
4,1,12,6,0,4,1,2,0.1826,0.1133,0.5463,0.451,101
4,1,12,7,0,4,1,3,0.3277,0.3018,0.6645,0.0778,213
4,1,12,8,0,4,1,1,0.3324,0.2733,0.772,0.0751,314
4,1,12,9,0,4,1,1,0.2386,0.273,0.6783,0.6149,218
4,1,12,10,0,4,1,1,0.1939,0.2062,0.6546,0.2514,148
4,1,12,11,0,4,1,1,0.1905,0.2084,0.4315,0.1626,170
4,1,12,12,0,4,1,1,0.1627,0.1149,0.6229,0.2644,254
4,1,12,13,0,4,1,2,0.1747,0.1911,0.4776,0.1901,170
4,1,12,14,0,4,1,1,0.2266,0.1953,0.6538,0.4371,174
4,1,12,15,0,4,1,1,0.2001,0.1984,0.6463,0.5018,240
4,1,12,16,0,4,1,1,0.1266,0.1146,0.6399,0.3642,286
4,1,12,17,0,4,1,2,0.2054,0.1538,0.6432,0.1585,259
4,1,12,18,0,4,1,1,0.2458,0.2024,0.7072,0.6392,300
4,1,12,19,0,4,1,2,0.2155,0.2245,0.7149,0.228,148
4,1,12,20,0,4,1,2,0.1766,0.1866,0.6875,0.2092,169
4,1,12,21,0,4,1,1,0.0719,0.0271,0.7632,0.249,185
4,1,12,22,0,4,1,2,0.3194,0.3376,0.3571,0.5127,91
4,1,12,23,0,4,1,1,0.2365,0.2132,0.5266,0.4159,85
4,1,12,0,0,5,0,2,0.2594,0.208,0.699,0.631,21
4,1,12,1,0,5,0,1,0.2496,0.2207,0.6469,0.2728,12
4,1,12,2,0,5,0,2,0.2718,0.2175,0.5428,0.2942,7
4,1,12,3,0,5,0,2,0.2538,0.2194,0.6985,0.2298,7
4,1,12,4,0,5,0,2,0.2439,0.2173,0.7344,0.137,15
4,1,12,5,0,5,0,2,0.2904,0.2914,0.5553,0.3462,34
4,1,12,6,0,5,0,1,0.3054,0.3145,0.5688,0.2546,112
4,1,12,7,0,5,0,2,0.3338,0.349,0.4498,0.4172,179
4,1,12,8,0,5,0,1,0.1787,0.1934,0.6342,0.4155,252
4,1,12,9,0,5,0,1,0.2544,0.1846,0.6407,0.2846,125
4,1,12,10,0,5,0,1,0.1246,0.075,0.519,0.6312,128
4,1,12,11,0,5,0,2,0.2033,0.2261,0.5836,0.099,109
4,1,12,12,0,5,0,2,0.2232,0.198,0.64,0.1633,148
4,1,12,13,0,5,0,2,0.2888,0.2702,0.7565,0.3353,120
4,1,12,14,0,5,0,2,0.2287,0.2363,0.6001,0.1895,108
4,1,12,15,0,5,0,2,0.2841,0.3086,0.5377,0.5528,120
4,1,12,16,0,5,0,3,0.2128,0.2163,0.8239,0.2474,154
4,1,12,17,0,5,0,1,0.1965,0.1609,0.7294,0.2015,244
4,1,12,18,0,5,0,2,0.1808,0.1352,0.4902,0.1555,212
4,1,12,19,0,5,0,1,0.2853,0.239,0.7318,0.0391,187
4,1,12,20,0,5,0,1,0.2105,0.2367,0.5832,0.0675,129
4,1,12,21,0,5,0,3,0.0671,0.0896,0.7692,0.373,77
4,1,12,22,0,5,0,1,0.2815,0.2688,0.5963,0.1738,99
4,1,12,23,0,5,0,3,0.1719,0.1206,0.4306,0.341,42
4,1,12,0,0,6,0,2,0.2483,0.2626,0.577,0.0438,26
4,1,12,1,0,6,0,3,0.1557,0.1536,0.5399,0.5217,9
4,1,12,2,0,6,0,2,0.2358,0.201,0.5656,0.3922,4
4,1,12,3,0,6,0,2,0.0338,0.0305,0.37,0.5153,6
4,1,12,4,0,6,0,1,0.2324,0.236,0.6312,0.2859,13
4,1,12,5,0,6,0,1,0.1735,0.1515,0.4011,0.2662,37
4,1,12,6,1,6,0,3,0.146,0.1076,0.6302,0.2482,35
4,1,12,7,0,6,0,1,0.2883,0.2795,0.3559,0.0465,244
4,1,12,8,0,6,0,2,0.2265,0.2227,0.5138,0.2244,197
4,1,12,9,0,6,0,4,0.2177,0.15,0.7112,0.2267,85
4,1,12,10,0,6,0,1,0.1841,0.1727,0.7292,0.0516,141
4,1,12,11,1,6,0,2,0.2974,0.2572,0.55,0.2242,100
4,1,12,12,0,6,0,1,0.2043,0.2084,0.7109,0.4184,173
4,1,12,13,0,6,0,1,0.3389,0.2709,0.4262,0.3598,107
4,1,12,14,0,6,0,2,0.3208,0.2666,0.7625,0.3473,107
4,1,12,15,0,6,0,2,0.3345,0.2475,0.7867,0.4697,139
4,1,12,16,0,6,0,2,0.3025,0.2998,0.6201,0.505,165
4,1,12,17,0,6,0,1,0.1923,0.1377,0.5925,0.2754,297
4,1,12,18,0,6,0,1,0.2384,0.1867,0.3637,0.4499,225
4,1,12,19,0,6,0,3,0.2205,0.2068,0.6381,0.3163,127
4,1,12,20,0,6,0,2,0.2934,0.274,0.7245,0.4676,119
4,1,12,21,0,6,0,2,0.234,0.2414,0.6889,0.0518,90
4,1,12,22,0,6,0,1,0.2177,0.229,0.6634,0.3296,78
4,1,12,23,0,6,0,3,0.3508,0.3672,0.4734,0.2581,38
4,1,12,0,0,0,1,3,0.2097,0.2476,0.6602,0.129,26
4,1,12,1,0,0,1,2,0.1889,0.2107,0.5412,0.4302,14
4,1,12,2,0,0,1,1,0.2045,0.2042,0.815,0.1761,13
4,1,12,3,0,0,1,3,0.3076,0.2987,0.7169,0.4286,8
4,1,12,4,0,0,1,3,0.2457,0.252,0.6766,0.1455,14
4,1,12,5,0,0,1,2,0.2647,0.1908,0.6495,0.4616,45
4,1,12,6,0,0,1,2,0.2491,0.232,0.5307,0.2092,131
4,1,12,7,0,0,1,1,0.0791,0.0203,0.5467,0.2747,318
4,1,12,8,0,0,1,1,0.1578,0.1278,0.8742,0.4692,409
4,1,12,9,0,0,1,2,0.2131,0.1582,0.5373,0.5829,187
4,1,12,10,0,0,1,2,0.2546,0.2536,0.6467,0.3235,130
4,1,12,11,0,0,1,2,0.1637,0.1735,0.6566,0.1497,184
4,1,12,12,0,0,1,2,0.1615,0.1899,0.6449,0.3172,189
4,1,12,13,0,0,1,1,0.2107,0.1712,0.6661,0.2287,230
4,1,12,14,0,0,1,3,0.3254,0.2894,0.8689,0.1298,117
4,1,12,15,0,0,1,1,0.0819,0.1103,0.6618,0.2746,210
4,1,12,16,0,0,1,3,0.047,0.0293,0.7042,0.3928,180
4,1,12,17,0,0,1,1,0.3541,0.3148,0.6081,0.2007,343
4,1,12,18,0,0,1,1,0.1255,0.1406,0.6213,0.2364,316
4,1,12,19,0,0,1,2,0.2042,0.2096,0.7008,0.2058,230
4,1,12,20,0,0,1,1,0.1275,0.1499,0.8131,0.145,153
4,1,12,21,0,0,1,1,0.2114,0.2153,0.7993,0.1402,138
4,1,12,22,0,0,1,2,0.2231,0.2001,0.2654,0.4067,88
4,1,12,23,0,0,1,1,0.3453,0.3693,0.4433,0.2283,69
4,1,12,0,1,1,0,2,0.281,0.2934,0.893,0.1808,13
4,1,12,1,0,1,1,1,0.1407,0.1331,0.58,0.0305,21
4,1,12,2,0,1,1,1,0.097,0.1187,0.5978,0.2816,12
4,1,12,3,1,1,0,1,0.2655,0.2518,0.5741,0.181,5
4,1,12,4,0,1,1,2,0.1941,0.1566,0.4872,0.0366,16
4,1,12,5,0,1,1,1,0.1799,0.1742,0.5511,0.2734,47
4,1,12,6,0,1,1,1,0.3134,0.3556,0.5788,0.533,147
4,1,12,7,0,1,1,1,0.1076,0.1334,0.5837,0.405,299
4,1,12,8,0,1,1,1,0.2049,0.2071,0.5264,0.3763,310
4,1,12,9,0,1,1,2,0.2747,0.234,0.754,0.5106,192
4,1,12,10,0,1,1,2,0.1479,0.105,0.6329,0.2569,147
4,1,12,11,0,1,1,1,0.3214,0.298,0.6617,0.313,194
4,1,12,12,0,1,1,1,0.1597,0.1335,0.6548,0.5055,227
4,1,12,13,0,1,1,3,0.2256,0.2148,0.5811,0.2477,151
4,1,12,14,0,1,1,1,0.182,0.1774,0.5591,0.2391,159
4,1,12,15,0,1,1,3,0.0387,0.0,0.4661,0.1259,131
4,1,12,16,0,1,1,1,0.2011,0.1659,0.7307,0.1177,307
4,1,12,17,0,1,1,3,0.286,0.261,0.6262,0.3747,256
4,1,12,18,0,1,1,1,0.1581,0.1633,0.7911,0.2947,263
4,1,12,19,0,1,1,2,0.1865,0.1914,0.6892,0.155,180
4,1,12,20,0,1,1,1,0.1944,0.1536,0.8336,0.6022,129
4,1,12,21,0,1,1,3,0.268,0.2179,0.598,0.3795,84
4,1,12,22,0,1,1,1,0.2053,0.1667,0.5272,0.2029,111
4,1,12,23,0,1,1,2,0.2321,0.2444,0.8672,0.0808,59
4,1,12,0,0,2,1,1,0.231,0.2053,0.7816,0.2641,39
4,1,12,1,0,2,1,2,0.1918,0.1854,0.4198,0.544,14
4,1,12,2,0,2,1,2,0.3468,0.3419,0.6982,0.4531,8
4,1,12,3,0,2,1,2,0.1567,0.1857,0.728,0.0833,8
4,1,12,4,0,2,1,2,0.2777,0.2272,0.6164,0.3004,17
4,1,12,5,0,2,1,2,0.3178,0.3383,0.489,0.0845,55
4,1,12,6,0,2,1,2,0.2188,0.2252,0.6209,0.191,81
4,1,12,7,0,2,1,1,0.2327,0.2711,0.6664,0.4805,275
4,1,12,8,0,2,1,1,0.2656,0.2945,0.5589,0.2347,425
4,1,12,9,0,2,1,2,0.2025,0.1957,0.7296,0.3221,184
4,1,12,10,1,2,0,1,0.0958,0.0685,0.4503,0.1275,70
4,1,12,11,0,2,1,2,0.211,0.2203,0.6643,0.3492,224
4,1,12,12,0,2,1,1,0.3437,0.2929,0.876,0.1207,243
4,1,12,13,0,2,1,3,0.2683,0.2614,0.715,0.1862,185
4,1,12,14,0,2,1,2,0.2339,0.1999,0.8167,0.1531,137
4,1,12,15,0,2,1,1,0.2814,0.2601,0.6269,0.291,219
4,1,12,16,0,2,1,2,0.2184,0.142,0.6681,0.4435,220
4,1,12,17,0,2,1,2,0.2305,0.2165,0.5912,0.0189,402
4,1,12,18,0,2,1,1,0.1983,0.192,0.5953,0.3727,286
4,1,12,19,0,2,1,1,0.2619,0.2328,0.7041,0.4942,233
4,1,12,20,0,2,1,1,0.191,0.1789,0.5306,0.1729,176
4,1,12,21,0,2,1,1,0.2064,0.1636,0.7432,0.2318,175
4,1,12,22,0,2,1,1,0.29,0.2989,0.7017,0.5268,111
4,1,12,23,0,2,1,1,0.2149,0.2049,0.4974,0.4315,66
4,1,12,0,0,3,1,1,0.2661,0.3199,0.7587,0.5329,35
4,1,12,1,0,3,1,1,0.2719,0.2671,0.8952,0.0655,19
4,1,12,2,0,3,1,1,0.2212,0.2216,0.7491,0.1974,12
4,1,12,3,0,3,1,1,0.2021,0.1779,0.4098,0.3344,10
4,1,12,4,0,3,1,2,0.1341,0.1632,0.9275,0.1241,11
4,1,12,5,0,3,1,1,0.1498,0.1294,0.3767,0.413,59
4,1,12,6,0,3,1,1,0.2692,0.3076,0.4364,0.2058,156
4,1,12,7,0,3,1,2,0.2679,0.3055,0.4316,0.1137,274
4,1,12,8,0,3,1,2,0.1572,0.134,0.6092,0.3506,312
4,1,12,9,0,3,1,3,0.2543,0.2332,0.4091,0.2298,134
4,1,12,10,0,3,1,3,0.2417,0.2078,0.3727,0.1475,116
4,1,12,11,0,3,1,2,0.292,0.2373,0.5586,0.264,170
4,1,12,12,0,3,1,2,0.3781,0.368,0.5543,0.0998,226
4,1,12,13,0,3,1,1,0.2668,0.2536,0.6051,0.1602,191
4,1,12,14,0,3,1,2,0.1782,0.1891,0.698,0.3021,164
4,1,12,15,0,3,1,2,0.2786,0.2631,0.817,0.1108,188
4,1,12,16,0,3,1,2,0.1536,0.1721,0.637,0.3095,263
4,1,12,17,0,3,1,1,0.382,0.3615,0.6943,0.3407,370
4,1,12,18,0,3,1,3,0.1407,0.1278,0.6054,0.1065,197
4,1,12,19,0,3,1,1,0.2572,0.247,0.7802,0.2488,247
4,1,12,20,0,3,1,2,0.2267,0.2381,0.8228,0.2957,160
4,1,12,21,0,3,1,4,0.1976,0.1766,0.5696,0.1945,92
4,1,12,22,0,3,1,3,0.1932,0.2107,0.4792,0.4267,68
4,1,12,23,0,3,1,1,0.3218,0.2836,0.5698,0.3013,93
4,1,12,0,0,4,1,1,0.2643,0.2416,0.5836,0.2199,37
4,1,12,1,0,4,1,2,0.214,0.1473,0.6131,0.1873,15
4,1,12,2,0,4,1,2,0.3459,0.3183,0.6404,0.3352,8
4,1,12,3,0,4,1,1,0.2163,0.1718,0.6134,0.2441,11
4,1,12,4,0,4,1,2,0.2761,0.2789,0.4878,0.1469,15
4,1,12,5,1,4,0,3,0.1308,0.1395,0.6097,0.1827,17
4,1,12,6,0,4,1,1,0.1345,0.1643,0.6733,0.3514,143
4,1,12,7,0,4,1,1,0.2743,0.3104,0.821,0.3125,282
4,1,12,8,0,4,1,2,0.2462,0.229,0.5704,0.0426,339
4,1,12,9,0,4,1,2,0.3749,0.334,0.6363,0.1422,200
4,1,12,10,0,4,1,3,0.1753,0.1806,0.6236,0.6623,98
4,1,12,11,0,4,1,2,0.2719,0.2467,0.5766,0.2646,121
4,1,12,12,0,4,1,1,0.2074,0.1789,0.5797,0.2025,230
4,1,12,13,0,4,1,2,0.284,0.2693,0.4151,0.0796,172
4,1,12,14,0,4,1,3,0.2784,0.2469,0.6922,0.4746,91
4,1,12,15,0,4,1,1,0.2227,0.2733,0.7187,0.0531,152
4,1,12,16,0,4,1,1,0.1728,0.1562,0.5888,0.0873,306
4,1,12,17,0,4,1,2,0.2009,0.1899,0.6983,0.1275,295
4,1,12,18,0,4,1,1,0.1467,0.1637,0.4296,0.3717,276
4,1,12,19,0,4,1,3,0.2502,0.3034,0.8157,0.0462,150
4,1,12,20,0,4,1,1,0.028,0.0198,0.5459,0.4139,173
4,1,12,21,0,4,1,1,0.1839,0.1186,0.6067,0.3565,159
4,1,12,22,1,4,0,3,0.2879,0.2712,0.7493,0.1957,33
4,1,12,23,0,4,1,1,0.2862,0.2207,0.4644,0.5689,65
4,1,12,0,0,5,0,1,0.1099,0.089,0.58,0.0909,28
4,1,12,1,0,5,0,1,0.2636,0.2953,0.5506,0.135,15
4,1,12,2,0,5,0,3,0.1429,0.1117,0.703,0.5878,4
4,1,12,3,0,5,0,3,0.1963,0.1551,0.5245,0.2503,6
4,1,12,4,0,5,0,1,0.2764,0.2883,0.7286,0.0186,12
4,1,12,5,0,5,0,2,0.1545,0.1403,0.6684,0.3153,34
4,1,12,6,0,5,0,2,0.3227,0.3428,0.4506,0.1533,71
4,1,12,7,0,5,0,1,0.2408,0.2204,0.739,0.2974,188
4,1,12,8,0,5,0,1,0.2552,0.2618,0.862,0.3391,245
4,1,12,9,0,5,0,3,0.2982,0.237,0.529,0.3552,115
4,1,12,10,0,5,0,1,0.2851,0.2428,0.5764,0.3155,122
4,1,12,11,0,5,0,2,0.279,0.2595,0.4824,0.2629,139
4,1,12,12,0,5,0,1,0.1768,0.1558,0.6312,0.3488,149
4,1,12,13,0,5,0,2,0.145,0.2127,0.7692,0.3878,115
4,1,12,14,0,5,0,1,0.203,0.2234,0.5567,0.0965,119
4,1,12,15,0,5,0,1,0.256,0.2729,0.5275,0.4924,147
4,1,12,16,0,5,0,1,0.1328,0.121,0.7909,0.2045,167
4,1,12,17,0,5,0,4,0.2636,0.2086,0.5467,0.2519,135
4,1,12,18,0,5,0,1,0.249,0.2868,0.5528,0.2112,189
4,1,12,19,0,5,0,1,0.2101,0.1509,0.6099,0.1787,184
4,1,12,20,0,5,0,1,0.2271,0.1992,0.4297,0.3833,109
4,1,12,21,0,5,0,1,0.2274,0.2332,0.5372,0.1126,86
4,1,12,22,0,5,0,2,0.2537,0.3193,0.8622,0.3734,59
4,1,12,23,0,5,0,1,0.275,0.3135,0.7246,0.1105,61
4,1,12,0,0,6,0,2,0.422,0.4196,0.7115,0.1622,22
4,1,12,1,0,6,0,2,0.2329,0.2857,0.7132,0.1393,14
4,1,12,2,0,6,0,3,0.1759,0.1523,0.7135,0.3642,5
4,1,12,3,0,6,0,2,0.0876,0.0967,0.5893,0.4803,7
4,1,12,4,0,6,0,1,0.1225,0.1601,0.6301,0.4977,15
4,1,12,5,0,6,0,2,0.168,0.1175,0.6825,0.1587,33
4,1,12,6,0,6,0,2,0.2693,0.2671,0.5819,0.3828,80
4,1,12,7,0,6,0,3,0.1934,0.197,0.7972,0.6096,116
4,1,12,8,0,6,0,3,0.2495,0.2494,0.4363,0.5127,170
4,1,12,9,0,6,0,2,0.1698,0.13,0.6016,0.0648,130
4,1,12,10,0,6,0,1,0.2529,0.2534,0.7728,0.4768,126
4,1,12,11,0,6,0,1,0.2821,0.2768,0.7594,0.1352,168
4,1,12,12,0,6,0,3,0.1929,0.1667,0.5798,0.2119,138
4,1,12,13,0,6,0,3,0.2515,0.2623,0.6775,0.1925,85
4,1,12,14,0,6,0,1,0.1902,0.2212,0.6764,0.0732,124
4,1,12,15,0,6,0,2,0.1348,0.107,0.9009,0.5916,112
4,1,12,16,0,6,0,1,0.2598,0.2617,0.5441,0.0761,188
4,1,12,17,0,6,0,1,0.2499,0.2789,0.6651,0.2882,250
4,1,12,18,0,6,0,1,0.2626,0.2914,0.5902,0.2153,216
4,1,12,19,0,6,0,1,0.2879,0.2689,0.823,0.2724,164
4,1,12,20,0,6,0,2,0.2036,0.2256,0.6234,0.4398,113
4,1,12,21,0,6,0,1,0.2088,0.191,0.5655,0.3612,96
4,1,12,22,0,6,0,2,0.2011,0.2156,0.7286,0.2795,61
4,1,12,23,0,6,0,2,0.2452,0.2108,0.5443,0.4788,33
4,1,12,0,1,0,0,2,0.2096,0.1535,0.6617,0.1274,14
4,1,12,1,0,0,1,1,0.2282,0.2327,0.7197,0.2947,20
4,1,12,2,0,0,1,1,0.1689,0.1868,0.4314,0.4812,10
4,1,12,3,0,0,1,2,0.1474,0.1612,0.5416,0.1871,9
4,1,12,4,0,0,1,2,0.1557,0.1234,0.8687,0.3506,16
4,1,12,5,0,0,1,1,0.2485,0.1619,0.6657,0.1969,52
4,1,12,6,0,0,1,1,0.2163,0.2317,0.5026,0.3122,129
4,1,12,7,0,0,1,3,0.1848,0.2193,0.6565,0.2761,192
4,1,12,8,0,0,1,1,0.2658,0.1956,0.4145,0.2955,403
4,1,12,9,0,0,1,1,0.3214,0.2962,0.6592,0.1355,213
4,1,12,10,0,0,1,3,0.1847,0.1474,0.6866,0.015,157
4,1,12,11,0,0,1,2,0.1435,0.1437,0.6287,0.5136,161
4,1,12,12,0,0,1,1,0.2855,0.3113,0.5498,0.2529,202
4,1,12,13,0,0,1,3,0.2204,0.2024,0.8537,0.116,139
4,1,12,14,0,0,1,1,0.2065,0.181,0.5995,0.2935,191
4,1,12,15,0,0,1,2,0.2906,0.2878,0.4121,0.4475,195
4,1,12,16,0,0,1,2,0.201,0.1272,0.6196,0.2301,243
4,1,12,17,0,0,1,2,0.2471,0.2599,0.7797,0.2231,253
4,1,12,18,0,0,1,3,0.2306,0.2508,0.8335,0.1317,198
4,1,12,19,0,0,1,2,0.4465,0.4243,0.3158,0.1149,251
4,1,12,20,0,0,1,1,0.2099,0.1862,0.539,0.1759,184
4,1,12,21,0,0,1,2,0.2849,0.2622,0.5943,0.3503,135
4,1,12,22,0,0,1,2,0.2018,0.1834,0.6592,0.1194,103
4,1,12,23,0,0,1,2,0.2508,0.2366,0.4758,0.1339,58
4,1,12,0,0,1,1,1,0.204,0.147,0.7051,0.0844,37
4,1,12,1,0,1,1,1,0.2734,0.2721,0.7498,0.3061,18
4,1,12,2,0,1,1,3,0.211,0.1894,0.5324,0.2525,7
4,1,12,3,1,1,0,1,0.253,0.2409,0.6328,0.2142,5
4,1,12,4,0,1,1,2,0.1648,0.1392,0.7362,0.1985,16
4,1,12,5,0,1,1,2,0.1619,0.1653,0.8507,0.1682,49
4,1,12,6,0,1,1,1,0.086,0.1216,0.7651,0.3161,116
4,1,12,7,0,1,1,1,0.2433,0.2374,0.5759,0.1873,288
4,1,12,8,0,1,1,1,0.1723,0.1146,0.6929,0.1311,446
4,1,12,9,0,1,1,1,0.3714,0.353,0.6103,0.1995,227
4,1,12,10,0,1,1,3,0.1847,0.1817,0.5486,0.5362,111
4,1,12,11,0,1,1,1,0.305,0.2881,0.698,0.3285,187
4,1,12,12,0,1,1,1,0.2978,0.2599,0.6967,0.4279,229
4,1,12,13,0,1,1,2,0.2005,0.1891,0.6376,0.2539,164
4,1,12,14,0,1,1,3,0.1661,0.1831,0.7587,0.1978,102
4,1,12,15,0,1,1,1,0.2083,0.189,0.6045,0.5033,221
4,1,12,16,0,1,1,1,0.2972,0.3237,0.6275,0.3408,286
4,1,12,17,0,1,1,2,0.3777,0.3393,0.6622,0.1813,402
4,1,12,18,0,1,1,2,0.1313,0.0938,0.6771,0.2903,331
4,1,12,19,0,1,1,2,0.2187,0.2008,0.5276,0.2218,204
4,1,12,20,0,1,1,1,0.1754,0.1056,0.865,0.4545,175
4,1,12,21,0,1,1,3,0.1924,0.1825,0.7192,0.2289,93
4,1,12,22,0,1,1,2,0.3372,0.3104,0.6387,0.4151,75
4,1,12,23,1,1,0,2,0.1638,0.1763,0.6413,0.3477,27
4,1,12,0,0,2,1,3,0.1036,0.0472,0.6286,0.3864,25
4,1,12,1,0,2,1,2,0.2303,0.2417,0.8131,0.246,17
4,1,12,2,0,2,1,1,0.2427,0.2352,0.7527,0.1193,10
4,1,12,3,0,2,1,2,0.1867,0.2249,0.7139,0.3236,13
4,1,12,4,0,2,1,2,0.1685,0.1549,0.9351,0.1676,19
4,1,12,5,0,2,1,1,0.2274,0.2262,0.7087,0.6429,45
4,1,12,6,0,2,1,1,0.1217,0.1346,0.5297,0.3872,108
4,1,12,7,0,2,1,1,0.2457,0.1724,0.7265,0.3607,279
4,1,12,8,0,2,1,3,0.1918,0.2156,0.7017,0.4074,249
4,1,12,9,1,2,0,2,0.3132,0.2937,0.8042,0.0462,102
4,1,12,10,0,2,1,2,0.2384,0.1884,0.7271,0.2511,147
4,1,12,11,0,2,1,2,0.2054,0.1929,0.6542,0.1443,175
4,1,12,12,0,2,1,2,0.2001,0.2252,0.7534,0.0228,180
4,1,12,13,0,2,1,3,0.0808,0.0665,0.4361,0.5386,125
4,1,12,14,0,2,1,1,0.2075,0.2002,0.6952,0.3094,182
4,1,12,15,0,2,1,1,0.2019,0.1318,0.7062,0.4368,185
4,1,12,16,0,2,1,2,0.2198,0.1831,0.4777,0.1943,205
4,1,12,17,0,2,1,2,0.2028,0.2139,0.6525,0.1367,305
4,1,12,18,0,2,1,2,0.3161,0.3321,0.5582,0.2197,294
4,1,12,19,0,2,1,3,0.1973,0.1938,0.5852,0.3743,174
4,1,12,20,0,2,1,2,0.1571,0.1667,0.7486,0.3752,177
4,1,12,21,0,2,1,1,0.0996,0.0826,0.5138,0.1577,152
4,1,12,22,0,2,1,1,0.1849,0.1763,0.6105,0.1606,132
4,1,12,23,0,2,1,1,0.1429,0.1039,0.5265,0.1381,69
4,1,12,0,0,3,1,2,0.1238,0.1029,0.6639,0.3158,30
4,1,12,1,0,3,1,2,0.1928,0.1824,0.677,0.1266,17
4,1,12,2,0,3,1,1,0.2944,0.2327,0.4823,0.4604,9
4,1,12,3,0,3,1,2,0.2801,0.3379,0.5959,0.2937,10
4,1,12,4,0,3,1,2,0.1249,0.0975,0.6143,0.3752,14
4,1,12,5,0,3,1,1,0.2172,0.2127,0.6509,0.1794,60
4,1,12,6,0,3,1,2,0.2443,0.1946,0.7507,0.2842,117
4,1,12,7,0,3,1,1,0.2556,0.1521,0.522,0.1119,234
4,1,12,8,0,3,1,2,0.3269,0.362,0.5879,0.4934,363
4,1,12,9,1,3,0,2,0.1328,0.1278,0.7941,0.3278,72
4,1,12,10,0,3,1,1,0.1527,0.0798,0.7308,0.4807,158
4,1,12,11,0,3,1,2,0.1683,0.1291,0.5214,0.0728,153
4,1,12,12,0,3,1,2,0.2403,0.2904,0.6232,0.0572,202
4,1,12,13,0,3,1,1,0.0241,0.0374,0.6867,0.2674,221
4,1,12,14,0,3,1,3,0.1987,0.1113,0.7433,0.2325,102
4,1,12,15,0,3,1,2,0.0899,0.07,0.6752,0.1731,184
4,1,12,16,0,3,1,2,0.2145,0.1983,0.686,0.4554,228
4,1,12,17,0,3,1,1,0.3596,0.3574,0.6889,0.1818,394
4,1,12,18,0,3,1,1,0.2777,0.2636,0.6422,0.183,246
4,1,12,19,0,3,1,1,0.1288,0.0704,0.4469,0.5299,267
4,1,12,20,0,3,1,1,0.1854,0.1571,0.5765,0.2754,209
4,1,12,21,0,3,1,2,0.1524,0.1176,0.7853,0.0382,134
4,1,12,22,0,3,1,3,0.3053,0.3125,0.7403,0.183,94
4,1,12,23,0,3,1,1,0.0605,0.0412,0.6351,0.4548,79
4,1,12,0,0,4,1,2,0.1825,0.1567,0.6069,0.1922,36
4,1,12,1,0,4,1,2,0.1645,0.1484,0.5471,0.1755,18
4,1,12,2,0,4,1,2,0.1311,0.0987,0.5323,0.2137,8
4,1,12,3,0,4,1,2,0.3294,0.3581,0.7498,0.613,9
4,1,12,4,1,4,0,1,0.1036,0.1321,0.5981,0.4669,7
4,1,12,5,0,4,1,2,0.1297,0.1582,0.6715,0.1086,45
4,1,12,6,0,4,1,1,0.3249,0.2717,0.9248,0.0315,146
4,1,12,7,0,4,1,1,0.2063,0.2065,0.6483,0.7264,273
4,1,12,8,1,4,0,2,0.201,0.2146,0.5456,0.7869,122
4,1,12,9,0,4,1,1,0.1695,0.1302,0.7412,0.4754,180
4,1,12,10,0,4,1,1,0.2131,0.1672,0.7652,0.3518,137
4,1,12,11,0,4,1,1,0.1832,0.1443,0.4029,0.204,214
4,1,12,12,0,4,1,1,0.1618,0.1099,0.7858,0.2238,236
4,1,12,13,0,4,1,1,0.1152,0.1408,0.5278,0.3802,178
4,1,12,14,0,4,1,1,0.2161,0.2339,0.8297,0.6904,147
4,1,12,15,0,4,1,1,0.1715,0.1532,0.7891,0.3704,199
4,1,12,16,0,4,1,2,0.1804,0.1695,0.6516,0.3494,240
4,1,12,17,0,4,1,2,0.2594,0.226,0.5346,0.1652,321
4,1,12,18,0,4,1,3,0.1779,0.2384,0.7679,0.0723,217
4,1,12,19,0,4,1,3,0.2056,0.1822,0.6864,0.1163,165
4,1,12,20,0,4,1,3,0.3304,0.298,0.5432,0.0617,119
4,1,12,21,0,4,1,2,0.2401,0.2243,0.6989,0.4955,110
4,1,12,22,0,4,1,1,0.1755,0.1273,0.5006,0.2131,107
4,1,12,23,0,4,1,1,0.1365,0.1377,0.6683,0.1822,65
4,1,12,0,0,5,0,3,0.2026,0.2353,0.6697,0.1007,15
4,1,12,1,0,5,0,3,0.267,0.2485,0.6926,0.0802,8
4,1,12,2,0,5,0,2,0.1706,0.1861,0.7805,0.1746,7
4,1,12,3,0,5,0,2,0.2089,0.1396,0.5758,0.1781,7
4,1,12,4,0,5,0,1,0.1688,0.1318,0.5585,0.1675,14
4,1,12,5,0,5,0,1,0.1834,0.1771,0.6385,0.3465,37
4,1,12,6,0,5,0,2,0.1225,0.0609,0.7331,0.4801,66
4,1,12,7,0,5,0,1,0.2266,0.2251,0.6101,0.1316,256
4,1,12,8,0,5,0,2,0.2178,0.1976,0.4424,0.4392,237
4,1,12,9,0,5,0,2,0.3109,0.3042,0.6036,0.3379,151
4,1,12,10,0,5,0,2,0.2149,0.1972,0.6543,0.331,76
4,1,12,11,0,5,0,3,0.1574,0.1446,0.5419,0.3418,117
4,1,12,12,0,5,0,1,0.309,0.2154,0.3531,0.0741,182
4,1,12,13,0,5,0,1,0.2328,0.1884,0.6726,0.1542,141
4,1,12,14,0,5,0,2,0.2206,0.2247,0.4783,0.1734,108
4,1,12,15,0,5,0,2,0.2063,0.1535,0.7514,0.2711,137
4,1,12,16,0,5,0,4,0.2179,0.1775,0.9117,0.3763,114
4,1,12,17,0,5,0,1,0.1467,0.1262,0.528,0.6327,247
4,1,12,18,0,5,0,1,0.2012,0.1808,0.6775,0.4757,206
4,1,12,19,1,5,0,1,0.1916,0.2035,0.6711,0.0987,92
4,1,12,20,0,5,0,2,0.2319,0.2272,0.4511,0.4472,104
4,1,12,21,0,5,0,1,0.2851,0.251,0.3444,0.1465,130
4,1,12,22,0,5,0,1,0.2745,0.2094,0.4726,0.231,72
4,1,12,23,0,5,0,1,0.2427,0.3223,0.5988,0.2904,56
4,1,12,0,0,6,0,1,0.085,0.0819,0.9271,0.2744,21
4,1,12,1,0,6,0,2,0.1752,0.1939,0.7032,0.2145,11
4,1,12,2,0,6,0,1,0.0781,0.0027,0.5283,0.2984,9
4,1,12,3,0,6,0,3,0.2814,0.2562,0.5272,0.2661,5
4,1,12,4,0,6,0,2,0.1972,0.1751,0.5523,0.2422,10
4,1,12,5,0,6,0,1,0.1953,0.1716,0.4089,0.63,38
4,1,12,6,0,6,0,1,0.1576,0.1731,0.5282,0.22,90
4,1,12,7,0,6,0,1,0.2941,0.2715,0.6897,0.508,206
4,1,12,8,0,6,0,1,0.2128,0.1892,0.6073,0.0507,301
4,1,12,9,0,6,0,2,0.1977,0.1874,0.5855,0.1377,114
4,1,12,10,0,6,0,3,0.2144,0.2045,0.7345,0.335,70
4,1,12,11,0,6,0,1,0.2198,0.1725,0.4992,0.2637,165
4,1,12,12,0,6,0,1,0.1962,0.2161,0.6858,0.3369,151
4,1,12,13,0,6,0,3,0.294,0.262,0.4976,0.1683,114
4,1,12,14,0,6,0,2,0.2933,0.2756,0.7341,0.1147,103
4,1,12,15,0,6,0,1,0.2122,0.2465,0.6421,0.668,165
4,1,12,16,0,6,0,2,0.1512,0.2308,0.6541,0.4446,156
4,1,12,17,0,6,0,1,0.2286,0.2312,0.6183,0.6071,266
4,1,12,18,0,6,0,1,0.164,0.1036,0.6997,0.243,209
4,1,12,19,0,6,0,3,0.3056,0.2817,0.532,0.329,117
4,1,12,20,0,6,0,2,0.3156,0.3513,0.7557,0.1139,119
4,1,12,21,0,6,0,1,0.2561,0.2364,0.6037,0.0704,123
4,1,12,22,0,6,0,3,0.1245,0.1432,0.6937,0.3652,55
4,1,12,23,0,6,0,1,0.1731,0.189,0.7136,0.312,65
4,1,12,0,0,0,1,1,0.1905,0.1598,0.5418,0.1186,45
4,1,12,1,0,0,1,3,0.1457,0.1952,0.6929,0.1074,15
4,1,12,2,0,0,1,2,0.1833,0.187,0.5443,0.6374,10
4,1,12,3,0,0,1,2,0.2208,0.209,0.4428,0.361,9
4,1,12,4,0,0,1,1,0.2415,0.2245,0.6568,0.1904,18
4,1,12,5,0,0,1,1,0.2947,0.2448,0.8933,0.3087,60
4,1,12,6,0,0,1,3,0.2031,0.1692,0.555,0.1661,109
4,1,12,7,0,0,1,1,0.1836,0.1437,0.695,0.1784,300
4,1,12,8,0,0,1,3,0.1144,0.1769,0.7319,0.1641,278
4,1,12,9,0,0,1,2,0.2289,0.2486,0.4944,0.2344,186
4,1,12,10,0,0,1,1,0.1729,0.134,0.5594,0.2007,164
4,1,12,11,0,0,1,3,0.19,0.2358,0.7835,0.156,146
4,1,12,12,0,0,1,3,0.165,0.1977,0.7122,0.2505,192
4,1,12,13,0,0,1,3,0.167,0.1394,0.642,0.3311,123
4,1,12,14,0,0,1,1,0.2549,0.2581,0.4444,0.5296,180
4,1,12,15,0,0,1,2,0.2007,0.1702,0.5643,0.6057,171
4,1,12,16,0,0,1,1,0.314,0.3291,0.6961,0.6447,267
4,1,12,17,0,0,1,1,0.1264,0.1349,0.2564,0.5742,376
4,1,12,18,0,0,1,3,0.2922,0.2649,0.731,0.4731,237
4,1,12,19,0,0,1,3,0.1702,0.1245,0.7694,0.309,188
4,1,12,20,0,0,1,1,0.2008,0.1888,0.8496,0.2013,207
4,1,12,21,0,0,1,2,0.2393,0.2421,0.7865,0.1357,130
4,1,12,22,0,0,1,3,0.2766,0.3017,0.6817,0.1068,93
4,1,12,23,0,0,1,2,0.2793,0.2842,0.727,0.245,64
4,1,12,0,0,1,1,1,0.2768,0.2908,0.59,0.1249,37
4,1,12,1,0,1,1,1,0.189,0.157,0.5665,0.2916,18
4,1,12,2,0,1,1,2,0.3305,0.2546,0.6853,0.7643,6
4,1,12,3,0,1,1,3,0.2467,0.1836,0.534,0.2594,8
4,1,12,4,0,1,1,1,0.0,0.0,0.5815,0.1889,18
4,1,12,5,0,1,1,1,0.2078,0.1742,0.8957,0.3684,53
4,1,12,6,0,1,1,2,0.1788,0.1661,0.544,0.5031,115
4,1,12,7,0,1,1,2,0.1835,0.1964,0.6612,0.3952,273
4,1,12,8,0,1,1,3,0.25,0.2564,0.4379,0.2805,198
4,1,12,9,0,1,1,2,0.227,0.1453,0.5341,0.5638,139
4,1,12,10,0,1,1,2,0.1581,0.2276,0.5351,0.2144,147
4,1,12,11,0,1,1,3,0.3107,0.3069,0.6178,0.2307,116
4,1,12,12,0,1,1,2,0.1155,0.1184,0.5272,0.4444,198
4,1,12,13,0,1,1,2,0.1108,0.1008,0.5983,0.1133,182
4,1,12,14,0,1,1,1,0.1295,0.1146,0.5714,0.4817,159
4,1,12,15,0,1,1,1,0.2366,0.2578,0.6085,0.2407,190
4,1,12,16,0,1,1,1,0.2312,0.1904,0.4322,0.1281,343
4,1,12,17,0,1,1,3,0.1486,0.1504,0.4445,0.1635,174
4,1,12,18,0,1,1,1,0.1638,0.2011,0.7252,0.4007,362
4,1,12,19,0,1,1,1,0.2052,0.2006,0.5627,0.4036,240
4,1,12,20,0,1,1,4,0.1307,0.1396,0.6553,0.0834,81
4,1,12,21,0,1,1,2,0.2614,0.2062,0.6784,0.1328,108
4,1,12,22,0,1,1,2,0.3151,0.3242,0.6403,0.4609,93
4,1,12,23,0,1,1,2,0.1931,0.1945,0.4699,0.6654,68
4,1,12,0,0,2,1,1,0.2287,0.2143,0.3843,0.5727,36
4,1,12,1,0,2,1,1,0.212,0.2231,0.5803,0.1729,19
4,1,12,2,0,2,1,2,0.3002,0.2508,0.6345,0.3643,10
4,1,12,3,0,2,1,3,0.3403,0.3773,0.7979,0.2804,7
4,1,12,4,0,2,1,1,0.1794,0.2572,0.8664,0.2498,18
4,1,12,5,0,2,1,1,0.2067,0.1783,0.6718,0.6013,50
4,1,12,6,0,2,1,1,0.2645,0.2866,0.6197,0.1727,136
4,1,12,7,0,2,1,2,0.2286,0.2128,0.6198,0.2793,278
4,1,12,8,0,2,1,1,0.1406,0.0967,0.6235,0.4232,336
4,1,12,9,0,2,1,1,0.0778,0.1128,0.5469,0.373,216
4,1,12,10,0,2,1,1,0.1626,0.146,0.7919,0.0454,181
4,1,12,11,0,2,1,2,0.2274,0.2344,0.5795,0.4492,134
4,1,12,12,0,2,1,2,0.1769,0.2253,0.6703,0.5088,224
4,1,12,13,0,2,1,1,0.1306,0.1399,0.6685,0.285,222
4,1,12,14,0,2,1,1,0.1638,0.1619,0.3488,0.4573,150
4,1,12,15,0,2,1,1,0.3326,0.2872,0.506,0.541,216
4,1,12,16,0,2,1,2,0.1255,0.0905,0.671,0.2833,243
4,1,12,17,0,2,1,1,0.1824,0.1692,0.7786,0.3082,351
4,1,12,18,0,2,1,3,0.1683,0.1485,0.6532,0.4452,220
4,1,12,19,0,2,1,1,0.3414,0.3447,0.7116,0.0555,309
4,1,12,20,0,2,1,2,0.1014,0.0636,0.4985,0.2718,161
4,1,12,21,0,2,1,1,0.1495,0.1188,0.6352,0.0945,189
4,1,12,22,0,2,1,2,0.209,0.194,0.4908,0.2685,96
4,1,12,23,0,2,1,2,0.2163,0.2084,0.7249,0.3375,56
4,1,12,0,0,3,1,1,0.2821,0.2697,0.6362,0.6908,32
4,1,12,1,0,3,1,1,0.2748,0.2552,0.8393,0.1733,21
4,1,12,2,0,3,1,1,0.1543,0.123,0.6285,0.3709,12
4,1,12,3,0,3,1,2,0.2255,0.2316,0.4416,0.4657,10
4,1,12,4,0,3,1,3,0.1914,0.2174,0.6704,0.1195,12
4,1,12,5,0,3,1,2,0.1715,0.1723,0.576,0.3327,52
4,1,12,6,0,3,1,2,0.2747,0.2436,0.7453,0.2961,148
4,1,12,7,0,3,1,1,0.2214,0.1528,0.5437,0.193,271
4,1,12,8,0,3,1,1,0.3152,0.3492,0.7812,0.1925,440
4,1,12,9,0,3,1,2,0.2369,0.2198,0.4644,0.2927,180
4,1,12,10,0,3,1,1,0.2685,0.2947,0.8005,0.2815,157
4,1,12,11,0,3,1,1,0.0136,0.0622,0.4664,0.3433,237
4,1,12,12,0,3,1,1,0.2099,0.2235,0.5366,0.0999,299
4,1,12,13,0,3,1,1,0.234,0.2509,0.7126,0.2375,235
4,1,12,14,0,3,1,3,0.2404,0.2546,0.8881,0.0233,138
4,1,12,15,0,3,1,1,0.312,0.2897,0.6412,0.2753,186
4,1,12,16,0,3,1,1,0.2471,0.2003,0.4626,0.0749,320
4,1,12,17,0,3,1,1,0.119,0.137,0.3506,0.2174,318
4,1,12,18,0,3,1,1,0.2416,0.1836,0.7454,0.5372,282
4,1,12,19,0,3,1,1,0.2625,0.2376,0.8288,0.0922,258
4,1,12,20,0,3,1,1,0.1612,0.134,0.7622,0.4166,184
4,1,12,21,0,3,1,1,0.1752,0.1836,0.6513,0.3392,138
4,1,12,22,0,3,1,1,0.2591,0.2531,0.5394,0.1649,107
4,1,12,23,0,3,1,2,0.2043,0.1748,0.6926,0.0559,63
4,1,12,0,0,4,1,2,0.2798,0.2532,0.6722,0.1948,31
4,1,12,1,0,4,1,2,0.2163,0.2642,0.8675,0.0223,16
4,1,12,2,0,4,1,1,0.0506,0.0245,0.6922,0.1768,15
4,1,12,3,0,4,1,1,0.2074,0.1916,0.7365,0.1013,9
4,1,12,4,0,4,1,3,0.1756,0.1842,0.6158,0.2079,12
4,1,12,5,0,4,1,1,0.2466,0.2363,0.5117,0.8242,45
4,1,12,6,0,4,1,1,0.2331,0.2397,0.6253,0.1262,142
4,1,12,7,1,4,0,1,0.1375,0.1636,0.3397,0.3661,154
4,1,12,8,0,4,1,1,0.2174,0.2497,0.6277,0.0319,395
4,1,12,9,0,4,1,2,0.241,0.2303,0.6675,0.3179,191
4,1,12,10,0,4,1,2,0.2346,0.235,0.5628,0.0692,146
4,1,12,11,0,4,1,1,0.2719,0.2646,0.6726,0.2822,216
4,1,12,12,0,4,1,2,0.132,0.0985,0.759,0.5329,171
4,1,12,13,0,4,1,1,0.1926,0.1888,0.6454,0.2265,196
4,1,12,14,0,4,1,1,0.0476,0.0,0.6184,0.1883,161
4,1,12,15,0,4,1,2,0.2861,0.2831,0.5828,0.1913,196
4,1,12,16,0,4,1,2,0.2121,0.1375,0.5991,0.105,232
4,1,12,17,0,4,1,1,0.1975,0.1579,0.8671,0.3609,358
4,1,12,18,0,4,1,1,0.1964,0.2122,0.5346,0.1211,327
4,1,12,19,0,4,1,2,0.2389,0.2409,0.5539,0.5531,179
4,1,12,20,0,4,1,1,0.2782,0.2637,0.7436,0.2574,207
4,1,12,21,0,4,1,3,0.1849,0.1622,0.5375,0.2553,91
4,1,12,22,0,4,1,2,0.234,0.1963,0.7356,0.0667,114
4,1,12,23,0,4,1,1,0.2332,0.2044,0.5178,0.0774,88
4,1,12,0,0,5,0,2,0.0506,0.0686,0.6281,0.0089,28
4,1,12,1,0,5,0,1,0.1549,0.1395,0.7408,0.6508,11
4,1,12,2,0,5,0,1,0.235,0.1607,0.4821,0.1349,9
4,1,12,3,0,5,0,3,0.2908,0.2394,0.7173,0.2835,5
4,1,12,4,0,5,0,2,0.2996,0.2603,0.7375,0.3053,12
4,1,12,5,0,5,0,2,0.1187,0.1049,0.5975,0.3212,33
4,1,12,6,0,5,0,2,0.2744,0.2519,0.7831,0.494,71
4,1,12,7,0,5,0,1,0.2768,0.2313,0.6086,0.2339,194
4,1,12,8,0,5,0,2,0.2334,0.2401,0.617,0.4792,251
4,1,12,9,0,5,0,3,0.0631,0.0005,0.7153,0.23,108
4,1,12,10,1,5,0,2,0.1669,0.1361,0.7775,0.366,65
4,1,12,11,0,5,0,1,0.2121,0.225,0.2902,0.1713,158
4,1,12,12,0,5,0,1,0.188,0.1948,0.3795,0.3698,138
4,1,12,13,0,5,0,3,0.0527,0.0419,0.4749,0.3037,94
4,1,12,14,1,5,0,1,0.1862,0.205,0.7043,0.1154,69
4,1,12,15,0,5,0,3,0.1393,0.1402,0.6558,0.2847,114
4,1,12,16,0,5,0,1,0.2458,0.2357,0.4034,0.1413,196
4,1,12,17,0,5,0,1,0.2381,0.2442,0.8622,0.6336,277
4,1,12,18,0,5,0,1,0.2411,0.2412,0.6977,0.3268,235
4,1,12,19,0,5,0,2,0.1786,0.2096,0.5984,0.5163,135
4,1,12,20,0,5,0,1,0.2059,0.1873,0.6898,0.1149,122
4,1,12,21,0,5,0,1,0.1986,0.1814,0.592,0.5829,117
4,1,12,22,0,5,0,3,0.2684,0.2609,0.7605,0.0407,59
4,1,12,23,0,5,0,1,0.1671,0.1594,0.7913,0.4999,48
4,1,12,0,0,6,0,2,0.1507,0.1989,0.8166,0.1489,28
4,1,12,1,0,6,0,1,0.271,0.2732,0.687,0.1675,16
4,1,12,2,0,6,0,2,0.2612,0.2264,0.6419,0.2394,7
4,1,12,3,1,6,0,2,0.2363,0.1798,0.7527,0.513,3
4,1,12,4,0,6,0,3,0.3142,0.3457,0.8326,0.3242,8
4,1,12,5,0,6,0,1,0.3499,0.3211,0.5973,0.0723,41
4,1,12,6,0,6,0,2,0.2898,0.2853,0.8034,0.2187,77
4,1,12,7,0,6,0,1,0.1514,0.1433,0.5627,0.3917,207
4,1,12,8,0,6,0,2,0.2619,0.273,0.5344,0.1453,169
4,1,12,9,0,6,0,1,0.2114,0.1843,0.6733,0.115,145
4,1,12,10,0,6,0,2,0.1643,0.1597,0.5403,0.2332,91
4,1,12,11,0,6,0,1,0.1518,0.1279,0.401,0.4785,145
4,1,12,12,0,6,0,2,0.2225,0.2949,0.6058,0.5449,143
4,1,12,13,0,6,0,1,0.2609,0.2252,0.9191,0.2596,157
4,1,12,14,1,6,0,2,0.3002,0.302,0.4059,0.1298,53
4,1,12,15,0,6,0,1,0.2509,0.3237,0.733,0.6722,137
4,1,12,16,0,6,0,2,0.2439,0.2646,0.5985,0.4928,177
4,1,12,17,0,6,0,3,0.1893,0.1792,0.5446,0.0478,178
4,1,12,18,0,6,0,1,0.2189,0.2129,0.5277,0.122,231
4,1,12,19,1,6,0,1,0.0991,0.0697,0.6406,0.2618,97
4,1,12,20,0,6,0,2,0.2433,0.2815,0.5951,0.1346,121
4,1,12,21,0,6,0,1,0.2339,0.2154,0.7015,0.0997,108
4,1,12,22,0,6,0,1,0.3377,0.3186,0.8942,0.1147,89
4,1,12,23,0,6,0,1,0.2009,0.1645,0.6567,0.2018,53
4,1,12,0,0,0,1,1,0.2864,0.2627,0.5548,0.2334,38
4,1,12,1,0,0,1,3,0.1698,0.1633,0.6748,0.3654,12
4,1,12,2,0,0,1,1,0.3218,0.3384,0.5509,0.068,15
4,1,12,3,0,0,1,2,0.3045,0.2972,0.5727,0.1083,9
4,1,12,4,0,0,1,1,0.2822,0.301,0.5461,0.3493,19
4,1,12,5,0,0,1,1,0.2072,0.1283,0.7422,0.2038,43
4,1,12,6,0,0,1,2,0.1874,0.2201,0.7327,0.2059,110
4,1,12,7,0,0,1,2,0.177,0.1279,0.607,0.2703,240
4,1,12,8,0,0,1,3,0.1349,0.1512,0.4526,0.2306,247
4,1,12,9,0,0,1,1,0.2357,0.1307,0.5211,0.1749,207
4,1,12,10,0,0,1,1,0.1856,0.1783,0.6227,0.3147,142
4,1,12,11,0,0,1,1,0.2298,0.2467,0.7687,0.3844,187
4,1,12,12,0,0,1,2,0.2149,0.1789,0.2648,0.3965,191
4,1,12,13,0,0,1,2,0.1278,0.1225,0.6573,0.1299,249
4,1,12,14,0,0,1,2,0.2773,0.2912,0.7091,0.1268,149
4,1,12,15,0,0,1,3,0.2097,0.2213,0.712,0.2038,174
4,1,12,16,1,0,0,1,0.2633,0.2034,0.7139,0.7632,95
4,1,12,17,0,0,1,3,0.1214,0.1453,0.7552,0.3409,262
4,1,12,18,0,0,1,3,0.1495,0.1933,0.601,0.2635,262
4,1,12,19,0,0,1,1,0.1755,0.2032,0.7181,0.0879,252
4,1,12,20,0,0,1,1,0.22,0.1721,0.4061,0.3098,219
4,1,12,21,0,0,1,2,0.1957,0.1534,0.5744,0.1451,109
4,1,12,22,0,0,1,2,0.2985,0.2859,0.6694,0.1784,117
4,1,12,23,0,0,1,1,0.2754,0.2792,0.5688,0.2532,80
4,1,12,0,0,1,1,1,0.1512,0.1698,0.5054,0.2558,37
4,1,12,1,0,1,1,2,0.4086,0.3644,0.5498,0.2263,19
4,1,12,2,0,1,1,3,0.1964,0.1844,0.7066,0.2082,7
4,1,12,3,0,1,1,2,0.2928,0.2536,0.6138,0.5192,10
4,1,12,4,0,1,1,3,0.1824,0.1431,0.6224,0.3066,13
4,1,12,5,0,1,1,1,0.2461,0.246,0.6735,0.573,56
4,1,12,6,1,1,0,2,0.2689,0.2532,0.6595,0.371,50
4,1,12,7,0,1,1,1,0.0971,0.1059,0.8032,0.081,250
4,1,12,8,0,1,1,2,0.3247,0.2913,0.7686,0.3053,338
4,1,12,9,0,1,1,3,0.1477,0.1604,0.6784,0.2421,194
4,1,12,10,0,1,1,2,0.1779,0.1352,0.594,0.3371,133
4,1,12,11,0,1,1,2,0.16,0.1383,0.7901,0.1259,209
4,1,12,12,0,1,1,1,0.1627,0.1213,0.8301,0.5249,267
4,1,12,13,0,1,1,1,0.166,0.1662,0.4437,0.1643,197
4,1,12,14,0,1,1,2,0.1188,0.1672,0.6186,0.4076,110
4,1,12,15,0,1,1,1,0.2557,0.2539,0.6062,0.5738,205
4,1,12,16,1,1,0,1,0.2104,0.1969,0.5133,0.1467,120
4,1,12,17,0,1,1,2,0.1927,0.1771,0.5691,0.3368,320
4,1,12,18,0,1,1,1,0.2735,0.2424,0.5835,0.2408,295
4,1,12,19,0,1,1,1,0.326,0.3429,0.7569,0.0955,260
4,1,12,20,0,1,1,1,0.0932,0.1009,0.4619,0.7329,154
4,1,12,21,1,1,0,1,0.316,0.25,0.6583,0.2398,68
4,1,12,22,0,1,1,1,0.2007,0.2234,0.5359,0.2056,111
4,1,12,23,0,1,1,1,0.1078,0.0763,0.7766,0.374,65
4,1,12,0,0,2,1,2,0.2307,0.1995,0.6405,0.544,33
4,1,12,1,0,2,1,1,0.1936,0.196,0.7408,0.3082,17
4,1,12,2,0,2,1,2,0.2621,0.231,0.6394,0.4138,10
4,1,12,3,0,2,1,3,0.212,0.2687,0.4333,0.3119,8
4,1,12,4,0,2,1,2,0.2268,0.2083,0.5643,0.0782,17
4,1,12,5,0,2,1,2,0.1713,0.1818,0.8343,0.6378,48
4,1,12,6,0,2,1,2,0.1298,0.077,0.6972,0.1184,97
4,1,12,7,0,2,1,2,0.2537,0.2226,0.869,0.1323,272
4,1,12,8,0,2,1,1,0.1651,0.1529,0.8123,0.0098,376
4,1,12,9,0,2,1,3,0.23,0.2484,0.554,0.1595,140
4,1,12,10,0,2,1,1,0.3058,0.2582,0.4697,0.5921,188
4,1,12,11,0,2,1,2,0.1906,0.2171,0.7613,0.431,154
4,1,12,12,0,2,1,2,0.2508,0.2421,0.7526,0.1322,250
4,1,12,13,0,2,1,2,0.1997,0.1995,0.6314,0.0068,241
4,1,12,14,0,2,1,2,0.1763,0.1451,0.4524,0.2339,229
4,1,12,15,1,2,0,1,0.0924,0.0589,0.5624,0.1853,69
4,1,12,16,0,2,1,1,0.1991,0.1238,0.647,0.3087,292
4,1,12,17,0,2,1,2,0.1903,0.1898,0.7198,0.3157,273
4,1,12,18,0,2,1,1,0.1409,0.1526,0.5073,0.3521,364
4,1,12,19,0,2,1,3,0.0594,0.0455,0.7504,0.2104,175
4,1,12,20,0,2,1,2,0.0849,0.0332,0.7225,0.1983,197
4,1,12,21,0,2,1,1,0.3268,0.2938,0.7242,0.1921,165
4,1,12,22,0,2,1,1,0.2045,0.2054,0.6907,0.3414,116
4,1,12,23,0,2,1,3,0.1013,0.1017,0.3662,0.5966,51
4,1,12,0,0,3,1,1,0.1592,0.1714,0.6632,0.1564,32
4,1,12,1,0,3,1,1,0.202,0.1434,0.5794,0.0426,18
4,1,12,2,0,3,1,1,0.2328,0.209,0.6951,0.2571,12
